patient_id,age,sex,race,insurance,marital_status,bmi,smoking_status,cancer_type,stage,chemo_regimen,treatment_intent,ecog_status,prior_surgery,prior_radiation,months_since_diagnosis,num_comorbidities,diabetes,hypertension,copd,heart_disease,depression_history,med_analgesic,med_opioid,med_antidepressant,med_antiemetic,med_steroid,num_med_classes,ed_visits_6m,hospitalizations_6m,psychiatry_visits_6m,heart_rate,systolic_bp,diastolic_bp,temperature_c,resp_rate,spo2,weight_loss_pct_6m,hemoglobin_g_dl,wbc_k_ul,platelets_k_ul,albumin_g_dl,creatinine_mg_dl,alt_u_l,bilirubin_mg_dl,sodium_mmol_l,potassium_mmol_l,glucose_mg_dl,crp_mg_l,ldh_u_l,psa_ng_ml,baseline_gph,baseline_gmh,on_chemo_gph,drop_outcome,threshold_outcome
P0001,64,Male,Black,Private,Widowed,17.9,Never,Lymphoma,3,Combination,Curative,2,1,0,2.7,3,0,1,0,0,0,1,0,0,0,0,4,2,0,0,85,130,70,36.6,17,95,6.9,10.3,,407.0,2.58,1.42,,,137.0,,167.0,4.9,,10.51,39.7,34.6,22.4,1,1
P0002,48,Female,White,Medicare,Divorced,27.7,Never,Lung,2,Chemo + targeted,Curative,1,1,1,2.0,0,0,0,0,0,1,0,1,0,0,0,3,1,0,2,84,108,96,36.5,17,97,4.0,14.2,4.4,205.0,4.05,0.73,21.0,0.1,142.0,4.33,130.0,,,,51.1,47.1,58.9,0,0
P0003,69,Male,White,Private,Married,24.7,Never,Prostate,2,Combination,Curative,0,0,0,15.9,0,0,0,0,0,0,0,0,0,0,0,0,0,0,0,95,141,76,36.9,18,99,0.0,11.9,8.2,359.0,,1.07,28.0,,138.0,4.11,87.0,7.4,306.0,,52.2,39.3,68.7,0,0
P0004,71,Female,White,Medicare,Divorced,18.7,Former,Other,2,Combination,Palliative,1,1,0,5.4,3,0,1,0,0,1,0,0,0,0,1,3,0,0,0,89,177,84,36.7,16,99,6.7,,11.7,,3.59,0.65,11.0,0.68,137.0,4.07,134.0,,,,47.1,38.7,38.3,0,1
P0005,37,Male,Hispanic,Private,Single,29.9,Never,Lung,3,Combination,Curative,2,0,0,4.8,0,0,0,0,0,0,1,1,0,0,0,2,1,0,0,68,116,83,36.8,12,100,2.9,12.3,6.7,223.0,3.26,0.85,5.0,0.1,141.0,3.98,88.0,0.2,196.0,,48.4,45.3,50.7,0,0
P0006,44,Female,White,Private,Married,16.0,Former,Colorectal,3,Combination,Curative,0,1,0,3.6,0,0,0,0,0,0,1,0,0,1,0,4,3,1,0,84,141,79,36.6,16,97,3.9,10.3,1.5,243.0,,1.36,27.0,1.15,,3.89,114.0,0.2,174.0,,50.1,40.2,49.7,0,0
P0007,62,Male,White,Medicare,Married,21.3,Current,Pancreatic,3,Single agent,Palliative,2,1,0,3.4,1,0,1,0,0,1,1,0,1,0,0,5,3,1,3,80,143,77,36.9,18,97,7.0,,11.0,230.0,3.8,0.71,16.0,,,4.46,133.0,,291.0,,38.8,44.0,26.4,1,1
P0008,56,Female,White,Medicare,Divorced,23.8,Never,Lymphoma,2,Combination,Curative,0,1,1,3.4,0,0,0,0,1,0,0,0,0,1,0,4,0,0,0,79,123,79,36.5,14,97,0.0,10.4,1.5,207.0,3.8,0.54,5.0,,,3.04,95.0,,165.0,,50.4,51.4,61.8,0,0
P0009,60,Male,White,Private,Single,31.4,Former,Pancreatic,4,Combination,Palliative,2,1,0,3.6,0,0,0,0,0,0,1,1,0,1,0,5,0,0,0,82,132,74,36.4,18,95,5.6,11.1,7.1,162.0,,1.05,18.0,,135.0,4.6,,21.4,,,38.2,42.3,28.1,1,1
P0010,50,Male,White,Medicaid,Married,34.1,Never,Pancreatic,2,Chemo + targeted,Curative,0,0,1,3.4,1,0,0,0,0,0,1,0,0,0,0,1,1,0,0,79,104,74,36.5,17,94,7.5,10.3,9.9,175.0,4.27,1.11,32.0,0.5,144.0,4.0,,,292.0,18.18,52.2,60.9,55.0,0,0
P0011,71,Male,White,Medicare,Married,33.1,Never,Colorectal,3,Combination,Curative,1,1,0,13.5,2,0,0,0,0,0,0,0,0,0,0,0,0,0,0,93,130,68,37.1,20,94,1.0,,10.8,,3.69,0.94,,0.81,136.0,4.21,,26.9,,0.83,44.6,32.7,38.7,0,1
P0012,69,Female,White,Private,Married,26.2,Never,Colorectal,2,Combination,Curative,1,1,1,19.5,1,0,0,0,0,0,0,0,0,0,0,1,2,0,0,88,123,75,36.5,16,96,1.6,6.8,,277.0,3.49,0.98,27.0,,,4.43,,,267.0,,44.4,37.4,39.2,0,1
P0013,61,Female,White,Medicare,Widowed,15.0,Never,Lymphoma,3,Chemo + targeted,Curative,1,1,1,18.7,2,0,0,0,0,0,1,0,0,0,0,3,1,1,0,70,144,66,36.5,19,94,0.0,10.1,11.0,371.0,4.13,1.28,,0.88,135.0,4.72,135.0,23.8,150.0,,46.3,39.4,38.3,0,1
P0014,74,Female,Hispanic,Private,Single,29.1,Never,Lymphoma,3,Single agent,Palliative,1,0,0,0.9,2,0,0,0,0,0,1,1,0,0,0,3,0,0,0,70,120,77,36.8,20,95,4.0,,,296.0,4.0,,,0.94,,,144.0,,302.0,,29.1,37.2,29.4,0,1
P0015,66,Female,White,Private,Married,35.1,Never,Lymphoma,3,Combination,Curative,1,0,1,3.0,1,0,0,0,0,0,0,0,0,0,1,3,2,1,0,90,112,73,36.7,21,97,0.3,9.2,10.6,276.0,,1.25,13.0,0.47,143.0,,,,362.0,,42.7,41.4,31.6,1,1
P0016,50,Male,White,Medicare,Widowed,33.8,Never,Lung,4,Combination,Palliative,2,1,1,0.7,1,0,1,1,0,0,1,1,0,0,0,4,0,0,0,88,111,81,36.4,21,91,1.5,6.5,,224.0,,1.35,22.0,0.46,141.0,3.42,175.0,,263.0,,39.2,49.5,40.1,0,0
P0017,64,Female,Hispanic,Private,Divorced,29.5,Never,Ovarian,4,Chemo + targeted,Palliative,3,1,0,19.1,0,0,0,0,0,0,1,1,0,0,0,3,3,0,0,96,138,64,36.3,20,98,5.3,9.4,,404.0,3.45,1.08,,,,4.29,123.0,,,,38.8,58.2,32.0,0,1
P0018,48,Male,Hispanic,Private,Married,20.5,Former,Lung,3,Single agent,Curative,0,1,1,6.7,0,0,0,1,0,0,1,0,1,1,1,6,0,0,0,78,119,67,36.9,19,95,4.9,12.1,5.8,,3.82,0.79,49.0,0.94,135.0,5.1,,17.6,,4.44,42.0,51.3,44.0,0,0
P0019,71,Female,Asian,Medicare,Married,24.1,Never,Breast,3,Combination,Curative,0,0,0,8.9,1,0,1,0,0,0,1,0,0,0,0,3,0,0,0,85,108,72,36.3,17,96,0.0,,11.5,177.0,,0.61,,0.92,141.0,3.9,,26.7,,,49.5,45.5,51.5,0,0
P0020,59,Male,White,Private,Single,37.6,Former,Lung,4,Combination,Palliative,1,1,0,4.5,1,0,1,1,0,0,0,1,0,0,1,3,0,0,0,90,142,78,37.0,23,93,4.0,10.7,13.3,,2.96,0.72,65.0,,,3.98,,30.0,262.0,,40.1,51.2,37.5,0,1
P0021,58,Male,White,Medicare,Married,19.2,Current,Lung,4,Chemo + targeted,Palliative,1,1,0,4.8,1,0,1,0,0,0,1,0,0,1,1,5,1,0,0,68,106,76,36.6,16,97,4.0,11.8,7.6,381.0,,1.05,25.0,1.0,143.0,4.33,,,187.0,,36.9,43.2,29.1,0,1
P0022,52,Male,White,Medicare,Married,20.7,Former,Lymphoma,3,Chemo + targeted,Curative,1,1,0,11.5,0,0,0,0,0,0,0,1,0,0,1,4,0,0,0,62,115,84,36.0,20,95,1.8,12.3,10.0,176.0,3.59,1.35,,0.96,140.0,4.15,,33.5,99.0,11.76,54.2,49.8,44.9,0,0
P0023,75,Female,White,Private,Single,32.2,Former,Lung,4,Chemo + immunotherapy,Palliative,0,1,0,5.3,3,0,0,1,0,0,1,0,0,1,0,2,1,1,0,91,127,78,36.9,22,96,7.4,,11.8,332.0,,0.83,,,,4.46,,,,,43.2,44.4,33.5,0,1
P0024,58,Female,White,Medicare,Widowed,24.6,Former,Lymphoma,4,Chemo + targeted,Palliative,2,0,0,5.5,0,0,1,1,0,0,0,1,0,0,1,5,0,0,0,88,112,78,36.9,19,96,7.4,10.6,8.2,,,2.03,59.0,1.06,134.0,4.08,166.0,,342.0,,45.9,44.9,43.7,0,0
P0025,55,Male,Asian,Private,Married,20.5,Former,Colorectal,4,Combination,Palliative,0,1,1,8.4,0,0,0,0,0,0,0,1,0,0,0,1,1,0,0,93,100,67,36.9,14,96,5.5,12.3,,118.0,3.63,0.94,58.0,0.96,,4.61,89.0,28.5,102.0,,51.9,54.2,47.5,0,0
P0026,56,Female,White,Medicare,Divorced,35.4,Current,Breast,1,Combination,Curative,1,1,0,7.7,1,0,0,0,0,1,0,1,0,1,0,4,1,0,1,98,135,73,36.6,17,96,3.5,,8.4,191.0,3.57,0.69,29.0,0.87,137.0,,77.0,,261.0,,46.8,26.3,34.4,1,1
P0027,66,Female,Asian,Private,Widowed,29.5,Current,Lung,4,Single agent,Palliative,2,0,1,5.2,0,0,1,0,0,0,1,0,0,0,0,4,1,1,0,83,139,68,36.6,18,98,5.2,8.3,1.5,340.0,3.6,,,,,,,42.0,,,28.8,41.9,21.6,0,1
P0028,64,Male,White,Medicaid,Married,24.9,Never,Colorectal,3,Combination,Curative,1,0,0,3.5,0,0,0,0,0,0,0,1,0,0,0,2,1,0,0,79,127,80,36.6,15,97,2.6,9.4,13.1,,4.0,1.04,22.0,,138.0,3.7,173.0,,,,55.0,47.1,59.4,0,0
P0029,65,Male,White,Private,Married,20.7,Former,Lymphoma,3,Single agent,Palliative,1,1,0,3.3,3,1,1,0,0,1,0,0,1,1,0,4,3,2,4,70,135,85,36.5,17,96,6.6,11.4,10.5,,,1.51,,,136.0,3.82,77.0,,205.0,19.78,38.1,34.3,29.3,0,1
P0030,65,Male,Black,Medicare,Single,38.3,Former,Colorectal,3,Combination,Curative,2,0,1,10.8,3,1,1,1,0,0,1,1,0,0,0,5,0,0,0,90,106,66,36.8,22,93,2.8,,8.3,294.0,2.56,,43.0,,,,,14.5,314.0,13.99,37.2,47.2,18.9,1,1
P0031,86,Male,Hispanic,Private,Divorced,26.9,Never,Lung,2,Chemo + targeted,Palliative,1,0,0,5.6,1,1,0,0,0,0,1,0,0,0,1,5,1,1,0,61,140,79,36.6,18,96,1.4,10.4,11.1,139.0,3.8,,21.0,,139.0,4.14,,,,,46.6,50.5,36.5,1,1
P0032,55,Female,White,Private,Married,34.7,Never,Lung,4,Chemo + targeted,Palliative,1,1,0,2.7,1,0,0,0,0,0,1,0,0,1,0,2,0,0,0,71,129,75,36.6,17,96,4.8,10.5,4.9,192.0,4.04,1.55,44.0,0.74,,4.6,61.0,,,,51.9,42.9,41.3,1,0
P0033,54,Female,Asian,Medicare,Single,31.9,Former,Breast,3,Combination,Palliative,1,1,1,9.6,0,0,1,0,0,0,0,1,0,0,0,4,0,0,0,85,132,87,36.5,15,97,6.2,11.1,11.7,,3.36,0.87,41.0,0.59,,4.28,73.0,,181.0,,42.9,44.6,39.0,0,1
P0034,50,Female,White,Medicare,Single,24.1,Former,Breast,2,Combination,Palliative,1,1,0,5.1,0,0,0,0,0,1,1,0,1,1,0,3,0,0,0,79,128,67,36.7,19,95,6.0,,,266.0,,,,,137.0,4.01,123.0,,,,40.0,37.9,39.7,0,1
P0035,67,Female,White,Self-pay,Single,24.2,Never,Other,3,Combination,Curative,2,0,0,0.9,1,0,0,0,0,0,1,0,0,1,0,4,0,0,0,83,141,71,37.1,21,95,6.5,11.4,9.4,249.0,,1.23,,1.18,,3.9,,24.9,,,55.2,43.7,50.6,0,0
P0036,74,Female,Asian,Private,Single,35.0,Never,Breast,2,Combination,Curative,0,0,0,2.8,4,0,0,0,0,0,0,0,0,0,0,1,0,0,0,82,128,80,36.7,19,98,4.1,7.4,7.6,298.0,2.6,1.4,14.0,0.34,137.0,,115.0,,246.0,,38.2,35.5,28.3,0,1
P0037,59,Female,White,Private,Married,35.0,Never,Breast,3,Combination,Curative,1,0,0,5.1,0,1,0,0,0,0,1,1,0,1,0,6,1,1,0,70,126,72,36.3,17,97,3.0,11.7,7.3,365.0,4.05,1.32,47.0,,136.0,4.57,97.0,,188.0,,49.7,47.2,42.5,0,0
P0038,50,Female,White,Private,Married,16.7,Former,Ovarian,3,Combination,Curative,0,0,0,1.1,0,0,0,0,0,0,1,1,0,0,1,3,1,1,0,56,103,72,36.7,18,96,2.6,12.2,9.0,269.0,3.9,0.4,19.0,0.54,139.0,3.91,69.0,21.0,285.0,,50.5,60.3,42.1,0,0
P0039,50,Male,White,Private,Married,30.0,Current,Lymphoma,3,Combination,Curative,1,1,0,6.4,0,0,0,0,0,0,0,0,0,1,0,2,0,0,0,89,132,71,36.8,20,95,1.7,11.0,5.9,132.0,2.87,,,,140.0,5.38,134.0,,,2.52,41.6,42.3,39.0,0,1
P0040,68,Female,White,Medicaid,Widowed,26.3,Current,Colorectal,2,Chemo + immunotherapy,Curative,1,0,0,7.2,1,0,0,0,0,0,1,0,0,0,0,2,2,1,0,79,118,81,36.9,20,98,5.7,10.5,4.7,287.0,,0.72,,1.02,146.0,,98.0,,224.0,,41.7,48.5,28.7,1,1
P0041,69,Female,White,Medicaid,Widowed,21.3,Never,Lymphoma,1,Combination,Palliative,0,0,0,10.3,1,0,1,0,0,1,0,1,0,1,1,5,0,0,1,82,122,88,36.9,17,96,1.7,10.4,,124.0,3.64,1.16,,0.51,,3.82,141.0,,182.0,,45.5,58.3,54.8,0,0
P0042,67,Female,White,Medicaid,Divorced,28.4,Never,Other,2,Combination,Palliative,0,1,0,6.0,1,1,0,0,0,0,1,0,0,0,1,5,1,0,0,79,121,76,36.7,14,96,2.3,13.0,9.3,208.0,4.12,1.13,,0.7,137.0,3.97,130.0,3.3,227.0,,43.9,31.3,50.1,0,0
P0043,52,Female,Other,Private,Married,19.6,Former,Breast,3,Single agent,Curative,1,0,0,2.9,2,0,0,0,0,0,0,0,0,0,1,3,2,0,0,80,108,73,37.5,19,96,3.7,10.8,5.4,382.0,3.89,1.21,40.0,0.7,134.0,4.57,103.0,,,,54.0,52.8,59.8,0,0
P0044,63,Male,Asian,Private,Single,24.4,Former,Lung,4,Single agent,Palliative,1,0,1,0.9,3,0,0,0,0,0,0,0,1,1,1,3,1,0,0,88,124,82,36.3,19,94,8.9,11.3,9.6,,3.27,,5.0,1.15,,,,3.9,,7.45,42.3,33.6,29.9,1,1
P0045,61,Female,White,Medicare,Married,22.6,Never,Ovarian,4,Combination,Palliative,2,1,1,0.9,0,0,0,0,0,0,1,0,1,1,0,5,2,1,0,82,137,78,37.1,17,94,0.0,,8.8,,2.98,1.45,,0.5,138.0,,58.0,,175.0,,47.1,38.5,38.5,0,1
P0046,63,Female,White,Private,Married,24.3,Never,Pancreatic,4,Chemo + immunotherapy,Palliative,3,0,0,4.4,3,0,1,0,0,0,1,0,0,0,0,3,0,0,0,83,113,80,36.9,17,96,3.2,9.6,7.1,322.0,,1.17,40.0,1.02,,3.67,145.0,,,,33.9,36.6,14.0,1,1
P0047,70,Male,Asian,Medicare,Married,26.6,Never,Other,2,Single agent,Palliative,1,0,1,4.4,2,0,0,1,0,0,0,0,0,0,1,2,0,0,0,71,128,86,37.4,20,94,6.8,9.9,8.8,285.0,3.43,1.46,36.0,0.72,142.0,3.74,119.0,,363.0,,50.0,40.5,47.8,0,0
P0048,63,Female,White,Private,Divorced,21.4,Former,Lung,1,Combination,Curative,1,1,1,1.1,1,1,0,0,0,1,0,0,0,0,1,2,0,0,0,104,135,68,36.3,19,96,4.3,11.5,7.8,158.0,4.03,0.66,17.0,1.6,141.0,4.6,124.0,,231.0,,41.9,44.5,28.4,1,1
P0049,68,Female,White,Private,Married,35.7,Former,Other,4,Chemo + immunotherapy,Palliative,3,1,0,6.3,2,0,0,0,0,0,0,0,0,0,0,1,4,0,0,97,93,75,37.2,18,97,5.1,,,,,1.72,14.0,,,,97.0,,,,17.8,26.7,10.0,0,1
P0050,61,Female,Black,Medicaid,Single,29.7,Never,Lung,3,Combination,Curative,1,1,0,3.5,2,0,0,0,1,0,0,0,0,0,1,3,1,0,0,100,151,68,37.2,20,95,5.8,,10.1,,3.42,0.62,60.0,1.32,137.0,4.21,,,,,34.5,45.1,22.8,1,1
P0051,63,Female,White,Private,Widowed,36.9,Current,Lymphoma,1,Combination,Curative,0,1,0,2.1,0,0,0,0,0,0,1,0,0,1,0,2,1,0,0,94,119,72,36.7,20,97,5.5,11.3,6.7,200.0,3.18,1.56,53.0,0.64,141.0,4.32,79.0,,,,46.2,52.5,55.2,0,0
P0052,68,Female,White,Self-pay,Single,26.1,Former,Ovarian,3,Combination,Palliative,0,0,0,1.6,1,0,1,0,0,0,0,1,0,0,1,3,2,2,0,77,117,69,36.4,18,98,7.5,14.1,6.3,244.0,3.54,0.85,25.0,0.71,140.0,,82.0,,284.0,,47.7,35.7,45.8,0,0
P0053,43,Female,White,Private,Married,24.0,Current,Breast,3,Combination,Curative,0,1,0,13.6,0,0,0,0,0,1,0,0,0,1,0,1,1,0,1,77,121,71,37.3,17,97,1.4,9.7,9.0,415.0,3.96,1.11,28.0,1.21,145.0,3.83,147.0,,,,51.5,31.5,47.4,0,0
P0054,56,Female,White,Private,Widowed,36.7,Never,Breast,2,Chemo + immunotherapy,Curative,1,1,0,0.8,0,0,0,0,0,1,0,0,1,0,0,1,1,0,1,83,114,79,36.5,18,97,8.6,8.9,3.5,325.0,3.9,0.96,20.0,,139.0,3.55,107.0,28.8,,,41.4,32.7,33.1,0,1
P0055,54,Male,White,Private,Single,23.8,Never,Prostate,1,Single agent,Curative,1,0,1,16.1,0,0,0,0,0,0,0,1,0,0,1,2,1,0,0,78,122,54,37.0,16,95,5.5,11.4,5.1,,3.48,0.78,26.0,,138.0,4.14,110.0,,315.0,3.05,42.1,51.7,48.9,0,0
P0056,52,Female,Hispanic,Private,Married,26.0,Current,Ovarian,3,Chemo + targeted,Curative,0,0,0,2.3,0,0,1,0,0,0,1,0,0,1,0,5,0,0,0,88,115,75,37.1,18,98,0.0,9.0,7.1,274.0,,0.85,,0.6,141.0,4.47,68.0,11.9,111.0,,48.9,42.9,55.2,0,0
P0057,57,Female,White,Medicare,Single,31.0,Current,Breast,1,Combination,Curative,0,1,0,17.1,1,0,0,0,0,0,0,0,0,1,0,1,0,0,0,70,140,75,36.7,19,98,0.5,,7.3,217.0,3.14,1.21,,,143.0,4.02,,,220.0,,53.8,50.3,63.5,0,0
P0058,78,Female,Asian,Private,Divorced,20.2,Current,Ovarian,3,Chemo + targeted,Curative,1,0,1,1.0,1,0,1,0,0,0,1,0,1,0,1,5,0,0,0,70,171,78,36.6,18,99,6.7,10.1,10.7,304.0,3.43,1.13,5.0,,141.0,,80.0,38.0,224.0,,57.9,37.6,62.1,0,0
P0059,50,Female,Asian,Medicare,Married,30.9,Former,Lung,4,Chemo + targeted,Palliative,2,0,0,6.7,1,0,0,1,0,0,0,0,0,0,0,2,0,0,0,71,132,62,37.2,19,96,9.2,9.5,4.7,187.0,,1.49,38.0,,139.0,4.04,,,297.0,,37.5,35.6,21.2,1,1
P0060,72,Male,White,Medicaid,Married,30.2,Never,Colorectal,4,Chemo + targeted,Palliative,1,0,0,11.8,4,0,0,0,0,0,0,1,0,0,0,1,0,0,0,81,131,85,36.6,19,96,4.8,11.6,7.4,333.0,2.24,1.28,55.0,,138.0,,100.0,23.8,343.0,34.86,46.8,35.3,30.0,1,1
P0061,40,Female,White,Private,Married,34.0,Never,Lung,2,Chemo + immunotherapy,Palliative,1,1,0,12.0,0,0,1,0,0,1,1,0,0,0,0,3,2,0,1,75,114,84,36.5,15,100,6.2,9.5,7.8,145.0,,1.11,23.0,1.38,136.0,3.7,101.0,,192.0,,45.5,35.0,42.8,0,0
P0062,56,Female,White,Private,Married,31.9,Never,Other,1,Chemo + targeted,Palliative,0,0,0,6.7,1,0,0,0,0,0,0,1,0,1,1,3,0,0,0,71,139,85,35.9,19,98,2.8,,6.5,221.0,4.13,1.45,12.0,0.24,143.0,4.11,122.0,0.2,271.0,,50.7,49.0,53.6,0,0
P0063,62,Female,Asian,Private,Divorced,34.1,Current,Breast,3,Single agent,Curative,0,1,0,6.0,2,0,1,0,0,0,0,1,0,0,0,3,2,0,0,79,118,74,37.0,19,99,1.8,8.6,5.4,,3.94,1.1,44.0,,143.0,4.97,148.0,7.3,273.0,,58.2,51.5,56.1,0,0
P0064,67,Male,White,Medicare,Married,26.4,Never,Prostate,2,Single agent,Curative,1,0,0,1.3,0,0,0,0,0,0,0,0,0,1,0,3,1,0,0,68,132,78,36.6,18,96,3.3,12.0,6.0,379.0,2.83,0.7,12.0,0.86,132.0,,123.0,,234.0,,58.4,50.9,47.4,1,0
P0065,69,Female,Asian,Medicare,Married,22.3,Former,Breast,4,Combination,Palliative,2,1,1,9.7,3,0,0,0,0,0,1,0,0,0,1,3,0,0,0,89,120,71,36.9,17,96,0.0,12.2,9.0,106.0,3.94,0.69,10.0,0.38,136.0,4.3,85.0,9.2,,,38.7,34.9,35.2,0,1
P0066,70,Female,Hispanic,Private,Married,38.6,Current,Other,3,Combination,Curative,1,0,0,11.0,0,0,1,0,0,1,0,0,1,1,1,5,0,0,3,71,113,70,36.7,17,97,3.0,9.2,7.5,179.0,,,5.0,0.7,,4.13,,13.4,226.0,,34.3,46.9,26.5,0,1
P0067,56,Female,Black,Medicare,Married,18.6,Current,Pancreatic,3,Combination,Palliative,0,0,1,5.2,0,0,0,0,0,1,1,0,0,1,0,2,1,0,2,71,121,67,37.1,15,95,3.8,12.3,7.4,269.0,3.32,1.06,,0.7,137.0,,87.0,,192.0,,40.1,34.8,37.0,0,1
P0068,54,Male,Other,Medicare,Married,19.2,Current,Lung,4,Chemo + targeted,Palliative,1,1,0,5.9,0,0,0,0,0,0,1,0,0,0,1,4,1,1,0,77,109,77,37.1,17,96,7.6,10.3,5.3,,3.15,1.12,12.0,,140.0,4.49,121.0,,,,47.9,51.7,39.1,0,1
P0069,70,Female,Black,Private,Single,30.1,Former,Lung,2,Chemo + targeted,Curative,2,1,0,25.8,2,0,0,0,0,0,1,0,0,0,1,3,1,1,0,81,149,84,36.4,20,96,5.1,10.6,14.9,226.0,3.29,,5.0,0.87,135.0,3.82,144.0,,272.0,,44.1,48.8,28.4,1,1
P0070,58,Female,Hispanic,Private,Married,35.9,Never,Lung,3,Chemo + immunotherapy,Curative,1,0,0,1.4,2,0,0,0,0,0,1,0,1,0,0,3,0,0,0,91,114,86,36.6,16,98,3.4,12.2,8.8,264.0,3.81,0.6,32.0,0.92,136.0,,,0.2,,,33.9,46.7,42.2,0,0
P0071,45,Female,Hispanic,Self-pay,Married,28.0,Current,Colorectal,4,Combination,Palliative,1,1,0,6.9,0,0,0,0,0,1,0,1,1,0,0,3,1,0,1,80,119,74,36.9,22,98,7.0,8.2,12.6,,4.03,,13.0,0.69,,4.47,171.0,9.8,325.0,,42.3,48.4,37.6,0,1
P0072,46,Male,Asian,Private,Divorced,32.5,Never,Pancreatic,2,Chemo + targeted,Curative,0,1,0,9.5,0,1,0,0,0,0,1,0,0,0,0,3,2,0,0,63,112,69,37.1,16,97,0.0,12.6,7.0,248.0,4.01,0.63,37.0,1.44,138.0,3.56,107.0,,180.0,,51.1,42.5,51.2,0,0
P0073,49,Male,Black,Private,Widowed,16.0,Never,Prostate,2,Chemo + targeted,Curative,0,0,0,0.9,0,0,0,0,0,1,1,0,0,0,0,1,0,0,0,81,104,74,36.7,14,97,0.0,9.5,7.6,237.0,3.92,0.62,34.0,0.43,139.0,,,0.2,180.0,,62.6,50.2,53.5,0,0
P0074,66,Male,Hispanic,Private,Married,24.3,Current,Colorectal,4,Chemo + immunotherapy,Palliative,1,1,0,1.0,1,0,0,1,0,0,1,0,0,0,1,3,0,0,1,86,136,84,36.8,20,98,7.3,8.5,9.5,,,0.94,30.0,,,4.2,,0.2,80.0,,44.5,27.5,38.3,0,1
P0075,62,Male,White,Medicare,Married,16.7,Former,Lymphoma,3,Chemo + targeted,Palliative,1,0,0,2.7,0,0,0,0,0,0,0,0,0,0,0,1,0,0,0,76,124,89,36.8,18,94,5.8,8.5,7.9,381.0,3.02,0.92,18.0,0.84,135.0,3.65,63.0,,,7.16,48.2,47.1,43.3,0,0
P0076,68,Female,Asian,Private,Married,31.3,Never,Colorectal,2,Combination,Curative,1,1,0,2.9,2,0,1,0,0,0,1,0,0,1,1,6,0,0,0,84,163,88,36.4,21,94,0.0,11.6,8.7,256.0,3.99,,,,,,115.0,11.5,,,46.9,47.6,38.2,0,1
P0077,55,Female,White,Private,Married,18.5,Never,Breast,1,Single agent,Curative,1,0,0,2.5,1,0,1,0,0,0,0,1,0,1,1,5,0,0,0,92,141,86,36.6,16,98,2.6,13.0,8.1,337.0,4.5,,6.0,0.77,138.0,3.83,98.0,,221.0,,54.0,44.2,59.3,0,0
P0078,62,Female,Hispanic,Private,Married,20.0,Never,Breast,3,Chemo + immunotherapy,Curative,1,1,0,3.0,1,0,0,0,0,0,0,1,0,0,1,4,0,0,0,71,127,87,36.6,15,97,0.0,,7.3,256.0,3.52,1.35,,0.46,136.0,4.32,,,,,47.2,47.5,44.4,0,0
P0079,68,Female,White,Medicare,Widowed,29.8,Current,Lung,3,Chemo + targeted,Curative,1,1,1,3.0,2,0,0,0,0,1,0,0,1,1,0,3,2,1,1,96,133,77,37.0,18,95,5.0,,,242.0,3.84,1.17,,1.16,139.0,,158.0,,,,37.0,20.2,29.4,0,1
P0080,56,Male,Black,Private,Single,32.8,Former,Prostate,3,Chemo + targeted,Curative,3,1,0,5.1,0,0,0,0,0,0,0,0,0,1,1,2,2,1,0,96,123,78,37.2,21,93,5.9,9.8,11.4,255.0,3.85,,29.0,0.84,,4.11,,,,7.21,39.1,34.6,34.4,0,1
P0081,65,Female,Black,Medicaid,Married,26.1,Never,Breast,2,Chemo + targeted,Curative,0,0,0,2.2,1,0,0,0,0,1,1,0,0,1,0,4,0,0,2,82,112,85,36.4,20,95,2.8,12.2,5.1,,3.72,0.73,34.0,1.09,139.0,3.93,97.0,,,,45.7,40.4,39.5,0,1
P0082,52,Male,Other,Private,Widowed,30.1,Former,Prostate,2,Chemo + targeted,Palliative,0,1,0,4.0,0,0,0,0,0,0,1,0,0,1,0,3,0,0,0,66,102,79,36.9,15,99,1.9,11.6,12.4,174.0,3.72,1.14,47.0,0.98,140.0,,65.0,21.1,196.0,1.2,44.4,38.9,49.3,0,0
P0083,56,Male,White,Private,Married,30.0,Current,Lung,3,Chemo + targeted,Palliative,0,0,0,4.9,1,0,0,0,0,0,1,0,0,0,0,3,0,0,0,94,109,83,36.8,17,98,1.2,11.2,9.8,215.0,3.91,0.97,34.0,,136.0,4.09,118.0,,,,31.8,56.7,42.5,0,0
P0084,55,Female,Asian,Medicaid,Married,25.8,Current,Lymphoma,4,Chemo + immunotherapy,Palliative,1,0,1,3.6,1,0,0,0,0,0,0,0,0,1,0,1,0,0,0,92,142,71,36.5,21,97,8.1,10.2,,285.0,3.09,0.99,24.0,,140.0,,171.0,,,,33.4,45.2,32.2,0,1
P0085,46,Female,Black,Medicare,Married,21.0,Never,Breast,3,Chemo + immunotherapy,Curative,2,0,1,6.8,2,0,0,0,0,0,1,1,0,1,1,6,3,1,0,94,124,86,36.4,21,94,8.5,8.8,,,,,,,137.0,3.84,,12.4,,,29.4,35.3,23.3,0,1
P0086,66,Male,Hispanic,Private,Married,30.1,Former,Colorectal,3,Combination,Curative,0,1,1,13.0,3,0,1,0,0,0,1,0,0,0,1,5,1,0,0,82,137,75,36.8,17,96,1.9,13.7,,248.0,3.18,0.66,48.0,0.86,,,,19.3,370.0,2.42,49.2,45.8,45.4,0,0
P0087,54,Female,Hispanic,Medicare,Widowed,30.4,Never,Breast,4,Single agent,Palliative,2,1,1,1.3,3,1,0,0,1,1,1,1,0,0,1,5,1,1,2,100,134,84,36.5,18,95,7.6,,,,,,50.0,,,4.07,107.0,0.2,,,30.9,32.6,31.0,0,1
P0088,60,Male,Asian,Medicare,Married,31.9,Never,Lung,2,Single agent,Curative,1,1,0,2.0,2,0,0,0,1,0,0,0,0,0,1,4,0,0,0,74,122,75,36.8,17,95,3.2,11.4,8.1,330.0,3.6,1.06,34.0,,141.0,,,,351.0,,50.0,36.6,53.3,0,0
P0089,66,Female,Asian,Private,Single,28.7,Never,Breast,2,Combination,Curative,2,0,1,8.6,0,0,1,0,0,0,1,1,0,0,1,6,1,1,0,91,121,74,36.4,20,95,2.5,10.0,,284.0,2.88,0.93,,0.55,133.0,3.63,94.0,9.7,,,41.9,47.1,30.5,1,1
P0090,65,Male,White,Medicare,Married,20.6,Never,Colorectal,1,Chemo + targeted,Curative,0,1,1,6.2,1,0,0,0,0,0,1,0,0,1,1,3,0,0,0,78,155,61,36.4,15,96,4.1,11.0,6.3,348.0,,,36.0,0.43,138.0,4.02,,,296.0,,47.0,48.0,51.3,0,0
P0091,68,Female,Other,Medicare,Widowed,30.8,Former,Pancreatic,2,Chemo + targeted,Curative,0,1,1,9.1,0,0,0,0,0,0,1,0,0,0,0,2,1,0,0,61,135,75,37.0,17,95,7.8,13.6,7.7,316.0,3.77,,40.0,0.96,137.0,4.76,119.0,,128.0,,51.2,45.4,47.8,0,0
P0092,59,Female,White,Private,Single,27.0,Never,Breast,4,Combination,Palliative,1,1,1,8.2,0,0,0,1,1,0,1,0,0,0,0,3,2,0,0,69,101,66,36.8,18,97,0.1,11.8,,296.0,2.93,0.49,26.0,,,3.79,149.0,32.7,,,38.1,49.3,27.8,1,1
P0093,55,Male,Asian,Medicare,Married,24.3,Never,Lymphoma,2,Combination,Curative,1,1,0,2.9,1,0,1,0,0,0,1,0,0,0,0,3,0,0,0,84,102,70,36.8,16,96,4.8,10.6,8.2,286.0,4.53,1.31,32.0,0.74,134.0,4.11,87.0,,322.0,,41.0,43.7,45.6,0,0
P0094,59,Male,Black,Private,Married,25.4,Never,Prostate,4,Combination,Palliative,1,0,0,13.7,1,0,0,0,0,0,1,0,0,0,0,2,3,0,0,83,135,80,36.5,17,96,6.1,,9.3,334.0,4.82,1.22,32.0,1.28,,3.95,122.0,,,27.77,42.4,48.4,44.0,0,0
P0095,40,Female,White,Private,Widowed,23.2,Never,Colorectal,1,Chemo + targeted,Curative,1,1,0,14.0,0,0,0,0,0,0,0,0,0,0,1,3,1,0,0,86,107,62,36.9,19,94,5.0,,7.5,329.0,3.83,,9.0,,,3.53,58.0,,183.0,,47.2,54.0,46.9,0,0
P0096,43,Male,White,Self-pay,Married,31.9,Former,Prostate,3,Combination,Curative,1,1,0,2.1,0,0,0,0,0,1,0,0,0,1,1,4,2,0,1,77,118,84,36.6,18,98,5.8,12.3,9.8,327.0,3.97,,20.0,1.17,134.0,4.28,81.0,0.2,,,39.9,39.2,35.0,0,1
P0097,44,Female,White,Medicare,Married,19.2,Never,Lung,2,Single agent,Curative,0,1,0,12.5,0,0,0,0,0,0,1,1,0,0,0,4,2,1,0,83,90,95,36.9,19,95,3.3,9.0,14.2,,3.82,1.28,45.0,0.43,140.0,4.12,,,100.0,,48.2,58.9,56.8,0,0
P0098,48,Female,Hispanic,Medicare,Divorced,21.5,Never,Lymphoma,2,Combination,Curative,0,0,0,13.4,2,0,1,0,0,1,0,0,0,0,0,2,2,0,0,89,118,73,36.6,16,97,5.8,,,,3.72,,60.0,,136.0,,,,,,44.4,34.6,36.5,0,1
P0099,65,Female,White,Medicare,Married,25.2,Current,Pancreatic,2,Combination,Curative,0,0,0,16.8,0,0,0,1,0,0,1,0,1,0,1,5,0,0,0,106,139,86,36.4,16,93,5.7,10.9,8.1,216.0,3.31,,32.0,0.88,137.0,4.44,98.0,6.7,208.0,,34.2,34.8,26.8,0,1
P0100,49,Male,White,Medicare,Married,35.9,Never,Pancreatic,3,Combination,Curative,1,0,0,8.4,0,0,0,0,0,0,1,1,0,1,0,3,2,1,0,77,114,64,36.5,18,97,0.7,13.2,8.2,268.0,3.58,0.93,28.0,0.19,139.0,4.51,131.0,30.5,228.0,1.88,49.3,47.3,39.3,1,1
P0101,55,Male,Asian,Private,Married,32.8,Current,Lung,3,Chemo + targeted,Curative,1,1,0,3.8,4,0,0,0,0,0,1,0,0,1,0,2,1,1,0,93,107,79,36.8,18,94,1.5,10.2,10.9,248.0,3.29,,23.0,,139.0,3.74,87.0,21.9,344.0,,39.7,35.0,33.4,0,1
P0102,76,Female,White,Self-pay,Married,18.0,Former,Lymphoma,4,Chemo + immunotherapy,Palliative,1,0,0,2.8,0,0,0,0,0,1,0,0,1,1,0,4,0,0,2,90,126,80,36.4,17,96,8.0,6.7,8.6,214.0,3.34,1.46,5.0,,137.0,4.44,135.0,,139.0,,31.9,37.6,12.0,1,1
P0103,56,Male,Hispanic,Medicare,Married,34.4,Former,Breast,4,Single agent,Palliative,0,1,0,3.8,0,1,1,0,0,0,1,1,0,0,0,5,0,0,0,83,127,102,37.2,14,96,2.6,10.0,,,2.96,0.84,54.0,0.85,136.0,,132.0,17.1,,3.99,43.5,36.0,31.3,1,1
P0104,69,Female,White,Medicare,Married,34.4,Former,Colorectal,3,Combination,Curative,1,0,0,1.6,0,0,1,0,0,1,1,0,0,0,1,3,0,0,0,69,126,76,36.3,20,97,3.2,,,270.0,3.91,0.74,19.0,1.21,137.0,3.04,105.0,,135.0,,36.6,41.8,31.1,0,1
P0105,49,Female,White,Medicare,Married,20.5,Never,Breast,4,Combination,Palliative,0,0,0,7.0,0,0,0,0,0,0,1,0,0,1,0,3,1,0,0,95,100,79,36.7,11,98,5.7,9.7,13.1,190.0,,1.25,5.0,0.91,139.0,,153.0,,174.0,,52.9,45.1,44.4,0,0
P0106,58,Female,White,Private,Married,15.0,Former,Breast,1,Combination,Palliative,1,0,0,4.4,0,0,1,0,0,0,0,0,0,0,1,3,0,0,0,82,133,76,37.1,18,98,2.4,12.2,,352.0,4.07,1.03,33.0,,,4.12,,32.1,255.0,,39.2,58.3,36.2,0,1
P0107,49,Male,White,Private,Married,26.6,Former,Prostate,2,Combination,Palliative,1,0,0,1.3,0,0,0,0,0,0,1,0,0,0,0,3,2,1,0,75,114,72,36.8,19,99,5.5,9.6,8.4,272.0,,0.9,30.0,1.28,131.0,3.75,102.0,22.4,234.0,,51.9,57.7,43.8,0,0
P0108,56,Female,White,Private,Widowed,33.2,Never,Ovarian,3,Single agent,Curative,0,0,0,2.8,1,0,0,0,0,0,0,0,0,1,1,3,0,0,0,74,126,74,36.6,19,94,4.1,8.1,,344.0,,0.69,,0.81,,,153.0,0.2,,,50.4,51.8,37.8,1,1
P0109,70,Female,Black,Private,Single,35.8,Former,Breast,3,Single agent,Palliative,0,1,0,11.8,2,1,0,0,0,0,1,0,1,1,0,6,1,1,0,86,114,75,37.0,18,99,1.5,9.3,8.6,,3.59,0.98,,0.52,134.0,3.83,143.0,26.0,,,48.7,36.7,44.6,0,0
P0110,39,Male,White,Medicare,Married,22.2,Never,Prostate,3,Chemo + targeted,Curative,1,1,0,7.0,0,0,0,0,0,0,1,1,0,0,1,5,3,0,0,69,136,69,36.4,12,98,5.4,13.0,8.2,295.0,4.21,0.8,,0.68,137.0,4.34,96.0,10.9,,9.43,58.1,43.8,48.6,0,0
P0111,65,Male,White,Medicaid,Married,36.6,Current,Prostate,3,Single agent,Curative,0,0,0,2.5,3,0,0,0,0,0,0,0,0,0,0,1,1,0,0,74,136,79,36.6,14,96,0.6,10.8,11.9,,3.31,0.94,,0.76,,3.99,93.0,23.6,,,45.5,47.1,35.5,1,1
P0112,63,Female,White,Private,Single,15.0,Former,Other,4,Chemo + targeted,Palliative,2,0,0,16.5,2,0,1,0,0,0,1,0,0,0,0,3,1,0,0,80,124,71,36.2,18,97,9.9,7.9,,299.0,3.08,0.7,25.0,0.62,137.0,,128.0,27.6,,,33.5,42.4,21.0,1,1
P0113,53,Female,White,Private,Married,25.0,Never,Lymphoma,2,Combination,Palliative,2,1,1,6.4,1,0,0,0,0,0,1,0,0,0,0,3,0,0,0,84,127,72,37.0,22,99,6.3,9.7,4.9,,3.24,0.88,69.0,1.17,136.0,4.89,,25.4,243.0,,42.0,42.7,33.2,0,1
P0114,43,Female,Hispanic,Medicare,Married,24.7,Former,Breast,4,Combination,Palliative,1,0,0,1.7,0,0,0,0,0,1,0,0,1,0,0,1,1,0,1,88,143,90,36.9,20,98,2.3,12.4,8.7,,3.7,1.18,55.0,0.68,142.0,4.25,115.0,,306.0,,37.2,35.9,33.6,0,1
P0115,61,Female,White,Private,Single,33.3,Current,Breast,3,Single agent,Curative,0,1,0,3.8,1,0,0,0,0,0,0,0,0,1,0,3,0,0,0,75,142,75,36.9,16,95,4.0,12.5,8.2,294.0,3.8,0.94,37.0,0.42,141.0,4.45,116.0,31.3,340.0,,56.3,53.5,68.5,0,0
P0116,54,Male,Other,Medicaid,Married,34.1,Former,Prostate,3,Single agent,Curative,0,1,0,1.2,2,0,1,0,0,0,1,0,0,1,0,5,0,0,0,77,147,84,36.7,16,97,1.3,12.2,10.7,173.0,2.97,,46.0,0.95,137.0,,89.0,15.6,,,53.1,58.1,49.1,0,0
P0117,63,Female,White,Private,Divorced,32.2,Never,Breast,2,Combination,Curative,1,1,0,13.7,1,0,0,0,0,0,0,0,0,1,0,2,1,0,0,84,134,76,36.7,18,97,2.4,11.0,8.2,446.0,2.93,0.81,,0.98,143.0,3.96,,,,,42.4,55.5,22.8,1,1
P0118,60,Female,White,Private,Widowed,19.6,Former,Other,2,Chemo + targeted,Curative,2,0,0,9.3,0,0,0,0,0,0,1,1,0,0,1,5,1,0,0,74,117,82,36.7,19,96,4.2,,6.9,,3.87,0.76,34.0,,136.0,4.07,,44.1,283.0,,37.0,56.3,43.4,0,0
P0119,79,Female,White,Private,Divorced,31.7,Former,Other,2,Chemo + immunotherapy,Curative,2,1,0,2.6,3,0,1,0,0,0,0,0,0,1,0,4,2,1,0,77,142,79,36.8,19,97,6.9,10.1,6.9,286.0,3.58,1.01,,1.11,136.0,4.39,,31.2,272.0,,45.1,30.7,26.0,1,1
P0120,57,Male,White,Medicaid,Married,29.8,Never,Other,4,Single agent,Palliative,1,1,0,0.7,2,0,0,0,0,0,0,1,0,0,0,2,0,0,0,77,148,55,36.7,15,97,4.9,12.2,6.6,,4.57,1.05,,,138.0,4.11,,,162.0,,45.7,23.4,44.6,0,0
P0121,48,Female,Black,Private,Married,17.8,Current,Lung,3,Single agent,Curative,0,0,0,9.2,0,0,0,0,0,1,0,0,1,1,0,3,1,0,1,84,130,75,36.4,20,95,1.2,7.5,5.8,,3.64,,48.0,0.73,,4.27,73.0,1.1,197.0,,41.9,43.6,31.0,1,1
P0122,62,Male,White,Medicare,Married,15.6,Former,Lymphoma,2,Single agent,Curative,1,1,0,6.2,1,1,0,0,0,0,1,1,0,0,1,5,1,0,0,96,114,68,36.0,18,99,0.0,8.2,4.6,214.0,2.96,,,0.1,140.0,4.02,92.0,,251.0,,49.1,54.6,45.0,0,0
P0123,63,Male,White,Private,Divorced,32.7,Former,Lymphoma,4,Chemo + targeted,Palliative,1,0,0,12.3,0,0,0,0,0,0,1,0,0,0,0,1,0,0,0,69,127,74,37.3,17,97,3.3,9.0,2.2,335.0,4.19,,34.0,0.85,137.0,3.7,100.0,29.8,220.0,6.09,53.0,52.8,45.8,0,0
P0124,76,Female,Asian,Private,Widowed,26.0,Former,Breast,3,Combination,Curative,1,0,1,0.4,3,0,1,0,0,0,0,1,0,0,0,3,0,0,0,87,143,85,36.5,19,96,1.8,8.8,,,3.76,0.8,9.0,0.95,139.0,3.64,161.0,,289.0,,42.2,48.6,32.2,1,1
P0125,70,Female,Asian,Medicaid,Widowed,19.9,Never,Lung,4,Combination,Palliative,1,1,0,8.6,3,1,0,0,0,0,0,0,0,0,0,2,1,1,0,81,130,92,36.6,21,95,4.2,,9.1,,3.06,1.45,34.0,0.76,135.0,4.65,140.0,0.2,,,48.6,51.3,28.2,1,1
P0126,64,Female,Hispanic,Private,Married,25.9,Current,Breast,3,Chemo + immunotherapy,Curative,1,0,0,4.8,1,0,0,0,0,0,0,0,0,1,0,2,0,0,0,80,137,65,37.0,19,96,3.9,,,223.0,3.89,0.81,,0.47,144.0,4.31,,,,,53.3,45.7,46.9,0,0
P0127,78,Male,Other,Private,Divorced,29.0,Former,Lung,3,Chemo + immunotherapy,Curative,2,0,0,21.2,2,0,0,0,0,0,1,0,0,1,0,3,0,0,0,80,122,76,36.8,20,97,7.4,,,224.0,3.38,,,1.25,,4.5,102.0,,230.0,,35.9,43.1,20.3,1,1
P0128,46,Male,Asian,Medicare,Married,26.5,Never,Other,3,Chemo + targeted,Curative,2,0,0,1.6,0,0,0,0,0,0,1,1,0,0,1,3,0,0,0,91,118,75,36.3,20,97,5.0,14.8,,270.0,3.32,,33.0,0.33,143.0,3.76,103.0,,321.0,,46.5,51.4,47.8,0,0
P0129,52,Female,Black,Medicaid,Divorced,18.5,Never,Ovarian,3,Single agent,Curative,1,1,0,10.0,1,0,0,0,0,0,0,0,0,1,1,4,0,0,0,58,127,76,36.4,16,97,6.9,9.8,7.9,,3.66,0.65,,1.33,134.0,,,19.9,207.0,,44.2,49.6,52.2,0,0
P0130,49,Female,Black,Private,Married,37.4,Never,Lung,3,Combination,Curative,0,1,0,8.8,1,0,1,0,1,0,1,0,0,0,0,4,0,0,0,70,130,77,37.0,16,96,3.6,8.6,3.7,285.0,3.32,0.52,44.0,0.26,144.0,4.42,116.0,14.9,149.0,,33.5,41.3,29.0,0,1
P0131,55,Female,White,Private,Married,32.5,Former,Colorectal,2,Combination,Curative,0,1,0,1.2,2,0,1,0,0,0,0,0,0,0,0,1,1,0,0,90,118,82,36.9,16,97,1.4,10.8,2.1,,3.14,1.3,,0.64,138.0,3.89,141.0,,161.0,,55.5,41.5,60.4,0,0
P0132,43,Female,Asian,Self-pay,Married,25.2,Never,Breast,4,Chemo + targeted,Palliative,1,1,0,4.0,1,0,0,0,0,0,1,0,0,1,0,2,2,1,0,91,86,71,36.5,19,94,3.8,12.4,6.2,129.0,3.74,1.25,30.0,0.1,138.0,3.97,128.0,38.8,273.0,,52.9,37.8,37.4,1,1
P0133,68,Male,White,Medicare,Widowed,25.4,Current,Lung,4,Chemo + targeted,Palliative,0,0,0,7.9,2,0,1,0,0,0,0,0,0,1,0,3,1,0,0,103,90,77,36.7,21,96,7.1,9.8,11.6,274.0,,0.89,34.0,,130.0,,146.0,,238.0,7.0,30.9,35.8,25.2,0,1
P0134,57,Male,Black,Medicaid,Married,29.0,Current,Breast,3,Single agent,Curative,1,1,1,2.7,0,0,1,0,0,0,1,1,0,1,0,6,1,0,0,83,126,81,36.7,17,96,4.0,12.5,8.6,,,,29.0,0.83,135.0,4.08,103.0,9.7,,,47.6,38.3,44.5,0,0
P0135,42,Female,Other,Medicare,Married,20.8,Former,Lymphoma,3,Chemo + immunotherapy,Curative,1,0,0,2.7,0,0,0,0,0,0,1,1,0,0,1,3,3,0,0,85,122,69,36.8,15,97,8.6,10.9,6.8,263.0,3.45,0.81,34.0,,136.0,4.49,132.0,,200.0,,41.4,45.8,34.7,0,1
P0136,48,Male,White,Medicare,Married,28.8,Never,Lymphoma,3,Combination,Palliative,1,1,0,10.8,1,1,0,0,1,0,0,0,0,1,0,5,2,0,0,63,119,70,36.8,21,93,5.8,11.3,11.4,268.0,3.8,0.74,38.0,,135.0,3.77,100.0,20.6,280.0,7.92,50.6,51.4,33.9,1,1
P0137,64,Female,Hispanic,Private,Married,19.7,Former,Ovarian,2,Chemo + targeted,Curative,1,1,1,18.0,1,0,0,0,0,1,0,0,0,0,0,2,2,1,2,84,127,76,36.6,16,100,8.3,14.3,9.0,274.0,,,7.0,0.67,140.0,4.76,,59.8,,,40.1,38.3,38.8,0,1
P0138,70,Female,Hispanic,Private,Widowed,26.6,Never,Ovarian,2,Single agent,Curative,1,1,0,10.1,0,0,0,0,0,0,1,0,0,0,0,1,1,1,0,86,150,72,36.9,16,97,0.0,10.5,,,3.27,0.94,23.0,1.59,,3.99,,,264.0,,50.5,46.4,52.3,0,0
P0139,84,Female,White,Medicare,Married,20.6,Former,Breast,2,Combination,Curative,1,1,0,1.4,0,0,0,0,0,0,0,0,0,0,0,0,1,1,0,77,125,71,36.9,16,97,1.0,10.7,11.9,304.0,,1.35,,0.77,138.0,4.07,,,265.0,,44.3,48.3,43.0,0,0
P0140,90,Male,White,Medicare,Married,20.9,Never,Pancreatic,2,Single agent,Curative,2,1,0,0.2,1,0,0,0,1,0,1,0,0,0,0,4,1,1,0,86,139,70,37.0,22,96,5.1,,6.4,334.0,,0.48,26.0,,,,144.0,20.7,,7.46,41.5,32.2,23.5,1,1
P0141,65,Female,Hispanic,Medicaid,Divorced,36.1,Current,Breast,1,Chemo + targeted,Curative,1,0,1,1.8,3,0,1,1,0,0,0,0,0,1,0,3,0,0,0,94,153,78,36.9,19,94,4.1,14.6,5.3,294.0,4.33,,,1.35,128.0,5.4,182.0,,,,37.7,48.8,35.4,0,1
P0142,48,Female,Other,Medicare,Married,27.3,Never,Lung,4,Single agent,Palliative,1,0,0,8.5,0,0,0,0,0,0,1,0,0,0,0,1,3,1,0,94,107,86,36.9,20,97,2.2,12.8,,324.0,4.19,1.66,14.0,0.5,138.0,3.97,140.0,0.2,,,44.9,48.8,41.4,0,0
P0143,34,Male,White,Private,Married,28.1,Never,Colorectal,2,Combination,Curative,0,1,0,9.3,0,0,0,0,0,1,0,0,0,1,0,3,0,0,2,79,142,77,36.6,18,99,2.1,12.4,8.2,74.0,4.41,0.4,5.0,0.5,145.0,4.25,82.0,13.5,279.0,,48.9,40.2,56.0,0,0
P0144,63,Female,White,Medicare,Married,15.9,Current,Breast,4,Chemo + targeted,Palliative,2,1,1,3.7,1,0,0,0,0,0,0,1,0,0,1,2,0,0,0,86,139,69,36.7,17,96,11.2,,7.4,222.0,,1.01,14.0,1.49,140.0,4.63,152.0,9.6,,,37.7,44.5,24.3,1,1
P0145,50,Female,Asian,Medicare,Married,23.7,Never,Breast,4,Chemo + targeted,Palliative,1,1,0,1.8,0,0,0,0,0,0,1,1,0,0,0,3,1,0,0,87,118,87,36.4,17,98,2.7,13.4,3.0,291.0,4.05,,33.0,0.26,140.0,,67.0,,250.0,,37.5,23.7,39.4,0,1
P0146,55,Female,White,Private,Married,29.5,Former,Lung,2,Combination,Curative,0,1,0,4.0,1,0,0,1,0,0,1,0,0,1,0,2,0,0,0,79,88,71,36.8,18,96,5.6,10.4,6.7,272.0,,1.11,42.0,1.3,138.0,4.18,,,,,33.1,42.5,39.1,0,1
P0147,53,Female,White,Medicare,Married,28.1,Current,Breast,3,Chemo + targeted,Curative,2,0,1,0.8,0,0,0,0,0,0,0,1,0,0,0,3,0,0,0,92,142,88,36.5,20,97,4.0,13.2,11.0,208.0,2.81,1.27,31.0,,,5.11,,,,,41.0,41.1,36.9,0,1
P0148,58,Female,White,Medicare,Married,15.2,Never,Other,3,Chemo + targeted,Curative,2,0,1,6.5,1,1,0,0,0,0,1,0,1,0,0,4,1,1,0,79,149,75,36.8,20,99,8.6,,8.8,314.0,2.86,1.17,,,,4.69,,23.3,225.0,,42.7,36.2,35.5,0,1
P0149,73,Female,White,Private,Single,28.1,Never,Lung,4,Combination,Palliative,2,0,0,6.0,2,1,1,1,0,0,1,0,0,1,1,6,3,1,0,93,122,81,37.1,17,95,7.8,8.5,12.2,,,1.63,23.0,,137.0,,,,343.0,,39.1,35.9,23.7,1,1
P0150,62,Female,Asian,Medicare,Divorced,29.0,Former,Colorectal,3,Combination,Curative,2,1,0,1.7,1,0,0,0,0,0,0,0,0,0,0,2,2,1,0,85,151,73,36.7,20,96,5.3,7.5,,,,,57.0,0.8,139.0,3.84,150.0,,,,30.9,43.1,14.8,1,1
P0151,58,Male,Asian,Medicare,Widowed,34.1,Former,Other,2,Single agent,Curative,2,1,0,10.3,0,0,0,0,0,0,1,0,0,1,0,2,0,0,0,77,101,73,36.5,18,96,7.6,11.0,7.1,232.0,3.9,1.41,,,,4.53,152.0,46.9,,26.17,29.7,38.0,28.6,0,1
P0152,48,Male,Asian,Medicaid,Married,23.4,Current,Prostate,2,Combination,Palliative,2,1,1,5.3,0,0,0,0,0,0,0,1,0,0,1,2,2,0,0,84,125,86,36.8,15,97,5.1,8.2,6.0,148.0,3.32,0.97,5.0,0.51,142.0,4.22,98.0,,342.0,,56.6,56.3,44.4,1,0
P0153,40,Female,Black,Private,Married,15.0,Never,Colorectal,4,Single agent,Palliative,1,1,0,2.4,0,0,0,0,0,0,0,1,0,0,0,2,1,0,0,76,117,73,37.0,16,95,5.6,13.2,8.4,253.0,3.18,1.24,17.0,,134.0,4.15,71.0,23.8,273.0,,45.3,36.9,46.8,0,0
P0154,54,Male,White,Medicare,Widowed,21.5,Former,Other,2,Combination,Palliative,1,1,0,6.7,1,0,0,0,0,0,1,1,0,0,0,4,1,0,1,89,104,83,36.5,16,99,2.7,9.2,8.3,253.0,2.82,0.79,5.0,0.72,139.0,4.21,124.0,2.8,173.0,,54.9,49.6,53.8,0,0
P0155,59,Female,White,Medicare,Divorced,21.0,Never,Lung,4,Combination,Palliative,0,0,0,20.9,0,0,1,0,0,1,1,0,0,0,0,2,2,0,2,72,124,78,36.7,13,96,5.9,7.8,8.6,195.0,,0.78,23.0,1.34,141.0,4.5,,24.5,278.0,,48.9,31.9,36.4,1,1
P0156,81,Female,White,Medicare,Married,31.1,Former,Breast,2,Single agent,Curative,1,0,0,0.9,2,0,1,0,0,0,0,0,0,0,0,2,1,1,0,88,134,79,36.8,20,96,5.4,9.3,,254.0,2.77,,35.0,1.44,135.0,4.12,,,253.0,,28.2,47.7,21.2,0,1
P0157,62,Female,White,Private,Married,15.0,Former,Colorectal,3,Chemo + targeted,Curative,1,0,0,21.9,0,0,0,1,0,0,1,0,0,1,0,2,0,0,1,74,109,81,36.6,19,93,0.5,12.4,7.7,,3.31,,28.0,,138.0,,103.0,11.0,,,43.4,49.0,45.0,0,0
P0158,72,Male,White,Medicaid,Married,24.5,Current,Colorectal,3,Chemo + targeted,Palliative,1,1,0,5.3,0,0,0,0,0,0,0,0,0,1,0,1,1,0,0,92,138,76,36.9,17,97,1.5,,7.5,323.0,3.73,0.78,23.0,0.68,143.0,,82.0,37.6,244.0,3.05,53.7,40.6,44.5,0,0
P0159,54,Male,White,Medicaid,Married,34.8,Never,Pancreatic,1,Combination,Curative,0,0,0,8.0,0,0,1,0,0,0,1,0,0,1,0,3,0,0,0,86,117,71,36.2,17,95,5.4,12.7,5.4,229.0,4.06,1.08,60.0,,139.0,3.7,,,102.0,,49.3,52.4,34.5,1,1
P0160,46,Female,White,Medicare,Married,27.0,Never,Breast,2,Chemo + immunotherapy,Curative,0,1,0,8.4,0,0,0,0,0,0,1,1,0,0,0,3,1,0,0,77,116,69,36.8,16,95,3.3,12.5,4.4,183.0,4.07,,31.0,0.13,137.0,4.25,111.0,0.3,173.0,,46.5,57.8,46.8,0,0
P0161,48,Male,White,Medicare,Married,31.9,Never,Prostate,2,Combination,Curative,1,0,0,2.5,0,0,0,0,0,0,0,0,0,0,0,0,0,0,0,80,142,79,37.2,15,96,1.0,12.3,10.0,365.0,3.39,1.32,,,134.0,4.48,93.0,38.7,205.0,7.72,47.4,45.2,44.8,0,0
P0162,51,Female,Asian,Private,Widowed,18.0,Never,Lymphoma,4,Combination,Palliative,0,1,0,3.6,0,0,0,0,0,0,1,0,0,1,0,3,2,1,0,94,113,57,36.9,15,97,5.7,14.6,4.6,294.0,3.94,1.17,,1.23,139.0,4.75,89.0,0.2,214.0,,52.4,50.1,44.8,0,0
P0163,86,Female,Asian,Medicare,Single,18.2,Never,Other,4,Single agent,Palliative,1,0,0,13.2,1,0,0,0,0,0,1,0,0,0,0,1,0,0,0,93,101,82,36.7,17,95,2.5,8.6,3.7,194.0,,,,,136.0,4.34,,,,,41.9,43.3,42.8,0,0
P0164,50,Female,Hispanic,Private,Single,34.9,Former,Breast,2,Combination,Palliative,1,1,0,14.9,0,0,0,0,0,0,0,0,0,0,0,1,3,0,0,72,118,63,36.3,18,97,3.4,11.5,6.9,309.0,3.51,1.21,,0.18,142.0,4.31,,,117.0,,52.7,47.5,41.9,1,0
P0165,70,Male,Black,Medicare,Married,27.6,Never,Lung,3,Combination,Curative,2,0,0,4.4,1,0,1,0,0,0,1,0,0,0,0,2,2,0,0,96,133,80,36.6,17,97,5.3,6.5,10.1,258.0,2.88,0.85,75.0,,135.0,,,,,,26.3,44.9,16.8,0,1
P0166,49,Female,Asian,Private,Divorced,27.6,Never,Other,1,Chemo + immunotherapy,Palliative,2,1,0,18.5,0,0,0,0,0,0,1,0,0,0,0,2,1,1,0,73,118,86,36.8,16,97,2.8,,7.1,324.0,4.19,1.05,,,141.0,3.6,115.0,0.2,,,52.6,50.7,53.4,0,0
P0167,71,Male,White,Medicare,Single,20.9,Former,Prostate,3,Combination,Curative,1,1,0,4.8,0,0,0,0,0,0,1,0,0,1,0,2,1,1,0,85,140,70,36.7,18,93,1.0,9.6,5.2,248.0,3.76,,51.0,0.47,138.0,4.38,132.0,18.6,,,30.4,43.8,22.2,0,1
P0168,65,Female,Asian,Private,Married,27.6,Never,Breast,4,Combination,Palliative,1,0,0,9.5,0,0,0,0,0,0,1,0,0,1,0,2,0,0,0,59,132,81,36.3,14,97,0.0,11.3,11.0,,3.33,0.96,47.0,0.64,137.0,4.4,149.0,10.8,406.0,,43.1,50.4,39.3,0,1
P0169,58,Female,White,Medicare,Single,20.7,Never,Breast,4,Combination,Palliative,1,1,0,2.7,1,0,0,0,0,0,1,0,0,0,0,1,3,0,0,91,116,85,36.8,17,97,2.8,9.8,,236.0,3.39,1.07,10.0,,137.0,3.62,122.0,,,,49.8,46.1,35.9,1,1
P0170,60,Female,White,Medicare,Single,33.5,Current,Pancreatic,4,Combination,Palliative,2,1,1,9.1,1,1,1,0,0,0,1,0,0,0,0,5,2,0,0,77,138,73,36.4,18,95,7.9,,,217.0,,0.4,40.0,0.77,142.0,3.29,134.0,,251.0,,40.2,42.5,31.3,0,1
P0171,52,Male,White,Private,Divorced,42.0,Never,Prostate,2,Chemo + targeted,Palliative,1,0,0,4.1,0,0,0,0,0,0,0,0,0,0,0,1,1,1,0,80,129,70,36.5,18,97,4.5,,8.1,223.0,,,,,140.0,4.14,117.0,,,,51.7,43.2,51.9,0,0
P0172,65,Male,White,Private,Married,29.7,Never,Prostate,2,Chemo + targeted,Palliative,2,1,0,25.0,0,0,0,0,0,0,1,0,0,1,1,4,3,1,0,70,133,80,37.0,19,96,1.1,10.8,10.2,121.0,,0.97,,,138.0,4.42,,32.2,,,39.8,43.5,27.1,1,1
P0173,55,Female,White,Medicare,Divorced,23.5,Former,Ovarian,4,Chemo + targeted,Palliative,0,1,0,7.0,1,0,1,0,0,0,1,1,0,0,0,4,1,1,0,83,124,87,36.6,16,95,6.7,9.9,5.0,259.0,4.0,,,0.73,136.0,3.56,82.0,,,,48.2,48.1,31.7,1,1
P0174,45,Male,Asian,Medicare,Married,15.0,Never,Lung,2,Combination,Curative,1,1,0,17.1,1,0,0,0,0,0,0,0,0,1,0,3,3,0,0,81,124,93,36.5,15,98,3.7,14.0,1.5,118.0,,1.4,,0.26,141.0,3.9,92.0,2.5,234.0,,48.6,49.6,56.9,0,0
P0175,45,Female,Hispanic,Private,Married,17.7,Never,Breast,1,Combination,Curative,1,1,1,6.1,0,0,1,0,0,0,0,0,0,0,0,3,1,0,0,67,125,71,36.4,16,96,5.0,12.8,7.9,248.0,3.74,1.02,5.0,0.58,139.0,4.17,107.0,0.2,,,38.6,33.8,43.0,0,0
P0176,62,Male,Black,Private,Married,35.6,Never,Prostate,2,Combination,Curative,0,1,0,5.3,1,0,0,0,0,0,1,0,0,0,1,3,1,1,0,83,121,81,36.5,19,96,3.4,12.9,4.7,,,1.12,,0.63,137.0,4.6,,,,33.13,43.9,47.1,42.7,0,0
P0177,79,Female,Asian,Private,Married,21.3,Never,Ovarian,4,Chemo + targeted,Palliative,0,0,1,6.0,1,0,0,0,0,0,0,1,1,1,1,5,3,0,0,79,137,74,36.5,17,97,0.0,,10.7,192.0,2.81,1.36,7.0,,135.0,4.35,79.0,,,,51.1,47.8,42.7,0,0
P0178,62,Female,White,Medicare,Married,25.0,Current,Lung,3,Combination,Curative,1,0,1,20.1,1,0,1,0,0,0,0,0,0,1,1,3,1,1,0,98,136,69,37.0,17,93,10.3,8.6,11.6,326.0,3.23,,26.0,0.77,136.0,4.28,,,,,39.8,44.6,27.7,1,1
P0179,59,Female,White,Medicare,Married,30.6,Never,Lymphoma,4,Combination,Palliative,1,0,1,3.5,0,0,0,0,0,0,0,0,0,0,0,2,2,0,0,75,132,74,36.7,22,98,3.6,12.1,9.2,320.0,3.75,1.28,49.0,,135.0,4.02,89.0,17.3,233.0,,32.1,33.3,34.8,0,1
P0180,63,Female,Asian,Private,Single,35.2,Never,Breast,2,Single agent,Curative,2,1,0,24.3,0,0,0,0,0,0,0,0,0,0,0,2,0,0,0,90,135,74,37.1,17,94,8.3,,6.5,228.0,2.75,1.44,15.0,,135.0,4.78,98.0,33.7,,,42.0,40.6,34.7,0,1
P0181,76,Female,White,Medicare,Married,25.9,Never,Breast,2,Chemo + targeted,Curative,1,0,1,10.7,2,0,0,0,0,0,0,0,0,0,0,2,1,0,0,66,98,78,36.3,15,99,2.4,10.2,8.1,304.0,4.03,,,,146.0,,122.0,,,,44.9,47.8,32.9,1,1
P0182,63,Male,White,Medicare,Widowed,24.8,Current,Other,2,Single agent,Curative,0,0,0,19.4,3,0,0,1,0,0,0,0,0,0,0,0,1,0,1,80,139,80,37.1,17,97,3.1,9.7,9.4,,3.58,1.09,18.0,,133.0,,55.0,46.6,192.0,,46.8,48.1,41.3,0,0
P0183,55,Female,White,Medicare,Married,27.4,Never,Breast,4,Chemo + immunotherapy,Palliative,0,1,0,1.8,1,0,0,0,0,1,1,0,1,0,0,4,1,1,0,84,110,77,36.7,19,95,0.0,11.7,,332.0,2.85,1.16,5.0,,141.0,,,15.2,257.0,,44.8,44.7,34.5,1,1
P0184,73,Female,Hispanic,Private,Single,23.5,Former,Breast,2,Single agent,Curative,1,0,0,9.4,4,0,1,0,0,0,0,1,0,0,0,2,2,0,0,88,148,89,36.6,20,96,2.6,9.5,,363.0,3.51,,,,139.0,,93.0,34.0,,,39.0,40.8,32.1,0,1
P0185,65,Male,Asian,Private,Widowed,23.8,Never,Pancreatic,4,Combination,Palliative,2,0,1,13.6,2,0,0,0,1,0,1,1,0,0,0,3,3,0,0,84,107,92,36.6,23,94,11.2,,3.7,,3.1,0.52,23.0,,133.0,,,1.9,,3.17,30.8,28.4,26.3,0,1
P0186,78,Female,White,Private,Divorced,29.3,Current,Lung,3,Combination,Curative,1,1,1,13.9,2,1,1,0,0,0,0,0,1,0,0,5,2,0,0,101,156,80,37.4,16,94,7.5,12.9,9.7,248.0,,0.49,13.0,,,3.35,79.0,,344.0,,39.4,22.9,21.3,1,1
P0187,62,Female,Asian,Private,Single,28.0,Never,Colorectal,4,Combination,Palliative,2,1,0,9.4,1,0,1,0,0,0,0,0,0,0,0,2,3,3,0,82,98,74,36.6,18,92,9.3,10.6,9.0,,,1.36,,,144.0,3.84,116.0,,,,38.8,32.7,21.9,1,1
P0188,45,Female,White,Private,Single,38.7,Never,Pancreatic,4,Combination,Palliative,1,1,1,3.8,1,0,0,0,0,0,1,0,0,1,0,2,0,0,0,85,125,73,37.3,19,98,5.6,12.2,9.6,257.0,4.35,0.85,31.0,,138.0,4.38,85.0,,,,49.8,40.2,46.1,0,0
P0189,44,Female,White,Private,Married,29.4,Never,Breast,3,Chemo + targeted,Curative,2,0,0,3.6,0,0,0,0,0,1,1,0,0,0,0,2,1,0,2,78,115,73,37.0,15,96,4.4,11.2,8.1,312.0,3.84,,24.0,,141.0,3.8,,9.8,,,48.5,47.0,37.5,1,1
P0190,80,Female,White,Private,Married,33.3,Never,Lymphoma,4,Single agent,Palliative,2,1,0,3.4,3,1,0,0,0,1,0,1,1,1,0,5,0,0,1,82,137,73,36.4,23,96,10.8,9.6,,335.0,,1.32,30.0,0.41,,,,22.9,,,33.3,36.6,26.6,0,1
P0191,81,Male,White,Medicare,Married,21.1,Former,Lung,2,Combination,Curative,0,1,0,6.7,3,1,1,0,0,0,0,0,0,0,0,2,0,0,0,69,158,68,36.4,18,97,6.3,11.8,7.6,276.0,2.82,1.46,40.0,0.1,140.0,3.66,116.0,,,7.44,46.0,52.0,44.6,0,0
P0192,58,Female,Asian,Private,Married,29.9,Former,Breast,4,Single agent,Palliative,0,0,0,5.9,0,0,0,0,0,0,0,1,0,0,0,2,0,0,0,70,128,65,36.8,15,95,3.7,8.5,6.9,158.0,4.02,1.19,8.0,,133.0,3.22,107.0,,,,52.5,47.3,53.8,0,0
P0193,55,Female,White,Medicare,Married,23.0,Former,Lymphoma,4,Combination,Palliative,3,0,0,4.0,0,0,0,0,0,0,0,1,0,0,0,1,0,0,0,91,137,81,36.7,16,97,6.0,12.8,15.7,,3.19,,51.0,1.79,,3.95,,,245.0,,33.2,27.9,30.6,0,1
P0194,78,Male,Black,Private,Married,29.2,Never,Lung,3,Chemo + immunotherapy,Curative,2,0,1,4.5,0,0,0,0,0,0,1,0,0,0,0,3,0,0,0,99,152,84,36.6,20,97,8.6,,8.3,227.0,,,,,,4.17,166.0,31.8,,,37.7,36.3,36.1,0,1
P0195,47,Female,White,Medicare,Widowed,30.8,Former,Ovarian,2,Combination,Curative,0,1,1,5.4,0,0,0,1,0,1,0,0,0,1,0,3,1,0,0,86,112,77,36.5,21,95,0.0,10.7,6.9,357.0,3.5,1.67,24.0,1.27,137.0,3.94,,,272.0,,51.2,53.6,45.0,0,0
P0196,49,Female,Asian,Private,Widowed,27.3,Never,Other,4,Chemo + targeted,Palliative,0,0,0,0.5,2,0,1,0,0,1,0,1,1,0,0,4,1,0,0,77,130,75,37.2,18,98,2.5,8.4,,306.0,,0.73,16.0,0.51,143.0,3.71,83.0,,,,41.4,32.0,46.9,0,0
P0197,68,Female,Asian,Medicare,Divorced,40.2,Current,Ovarian,4,Combination,Palliative,1,1,0,4.2,3,0,1,0,0,0,1,0,0,0,0,3,3,0,0,79,150,75,36.7,20,95,1.6,7.9,10.3,306.0,,1.57,15.0,0.61,,,146.0,,281.0,,32.8,42.8,16.1,1,1
P0198,55,Male,Asian,Medicare,Single,34.9,Former,Lung,3,Combination,Palliative,0,1,0,3.2,3,0,0,0,0,0,1,0,0,1,0,4,2,0,0,82,128,65,36.8,18,95,0.5,,8.3,266.0,4.14,1.03,45.0,0.32,,4.14,123.0,,,,41.1,44.9,38.1,0,1
P0199,60,Male,Asian,Private,Married,33.5,Former,Lung,4,Chemo + targeted,Palliative,1,1,1,1.7,2,0,0,0,0,0,0,0,0,1,0,2,2,0,0,72,117,71,36.7,20,96,4.8,11.1,,205.0,3.94,1.04,18.0,0.38,137.0,4.42,112.0,25.7,133.0,1.76,43.7,41.3,34.7,0,1
P0200,58,Female,Other,Medicare,Married,31.2,Former,Ovarian,3,Single agent,Curative,1,0,0,1.9,0,0,0,0,0,0,0,0,1,0,0,3,2,0,1,88,132,70,36.7,19,96,5.1,10.8,4.1,201.0,3.86,1.18,37.0,0.96,137.0,5.03,115.0,0.2,130.0,,49.0,45.8,54.6,0,0
P0201,64,Female,White,Private,Single,36.7,Former,Colorectal,2,Chemo + immunotherapy,Curative,1,1,0,4.1,1,0,0,0,0,0,0,0,0,1,0,1,0,0,0,85,128,65,37.3,12,94,9.2,9.9,8.0,401.0,,,36.0,,138.0,4.35,98.0,27.8,91.0,,50.8,52.1,50.4,0,0
P0202,77,Female,Asian,Medicare,Single,19.1,Former,Lymphoma,3,Combination,Curative,2,1,0,7.0,0,0,0,0,1,0,1,1,0,0,0,5,2,0,0,77,137,79,36.9,19,92,6.2,,,233.0,3.04,,,0.85,136.0,4.26,,33.2,,,35.7,26.4,30.8,0,1
P0203,61,Female,Asian,Private,Married,34.5,Never,Ovarian,1,Combination,Curative,2,0,0,7.3,0,0,0,0,0,0,0,1,0,1,1,3,1,0,0,96,118,70,37.5,16,99,2.3,10.9,6.7,266.0,,1.15,47.0,0.59,140.0,3.83,139.0,,,,47.5,47.1,48.6,0,0
P0204,68,Female,White,Private,Married,21.5,Former,Lung,3,Chemo + immunotherapy,Curative,1,1,1,8.1,5,1,0,0,0,0,1,1,0,1,0,4,1,1,0,75,131,77,36.9,20,97,6.5,,11.6,,,,,0.63,,4.03,131.0,15.8,,,35.2,22.7,19.7,1,1
P0205,35,Female,White,Private,Married,23.9,Never,Breast,3,Combination,Curative,0,0,0,7.3,0,0,1,0,0,0,1,1,0,1,0,5,2,0,0,80,119,64,36.5,16,99,3.4,11.5,,257.0,3.89,,5.0,0.66,143.0,3.62,101.0,9.7,202.0,,52.9,46.1,48.8,0,0
P0206,59,Male,White,Medicaid,Married,30.1,Never,Prostate,1,Chemo + immunotherapy,Curative,1,0,0,3.6,1,1,0,0,0,0,0,1,0,0,1,5,0,0,0,91,118,81,37.1,19,98,9.7,13.3,11.6,285.0,3.7,1.29,21.0,0.52,137.0,3.68,66.0,19.1,,,47.7,48.4,60.3,0,0
P0207,50,Male,White,Private,Married,33.8,Former,Prostate,2,Chemo + immunotherapy,Curative,2,0,0,1.8,1,0,0,0,0,1,0,0,0,0,0,1,2,0,2,89,140,78,36.7,18,96,3.7,14.5,,398.0,4.0,1.64,72.0,0.3,,4.28,135.0,0.2,,3.65,50.8,44.9,57.5,0,0
P0208,45,Female,White,Medicare,Married,20.7,Never,Lung,4,Combination,Palliative,1,0,0,2.3,1,1,0,0,0,0,0,0,0,0,1,4,1,0,0,77,113,70,37.2,14,96,1.2,,,284.0,3.84,,,0.89,,3.98,118.0,,242.0,,52.6,47.4,45.8,0,0
P0209,49,Male,White,Private,Single,24.2,Former,Prostate,4,Combination,Palliative,2,0,0,4.9,0,0,0,0,0,0,1,1,0,1,0,4,2,0,0,77,111,86,36.5,13,96,4.5,10.7,2.7,298.0,3.47,,29.0,0.49,,3.89,,14.8,,2.96,51.8,45.3,40.7,1,0
P0210,56,Female,Asian,Private,Widowed,27.5,Never,Pancreatic,4,Chemo + targeted,Palliative,1,1,0,6.0,0,0,0,0,0,0,0,1,0,1,0,3,0,0,0,74,107,75,36.2,20,97,5.9,,,,,1.32,47.0,0.66,141.0,,,,325.0,,34.7,45.2,32.2,0,1
P0211,71,Female,White,Private,Married,26.0,Never,Lung,2,Single agent,Curative,1,1,0,9.9,0,0,0,0,0,0,0,0,0,1,0,2,0,0,0,87,127,78,36.7,17,97,5.2,11.7,,,3.92,1.24,54.0,0.88,134.0,,,,,,45.0,54.1,51.5,0,0
P0212,44,Male,Black,Medicaid,Single,31.7,Former,Lung,4,Chemo + targeted,Palliative,0,0,0,14.0,1,0,0,0,0,0,1,0,0,0,1,3,3,1,0,89,118,62,37.1,21,96,2.6,12.5,5.2,297.0,3.76,0.99,16.0,,138.0,4.04,106.0,,328.0,1.33,43.4,48.9,44.7,0,0
P0213,60,Female,White,Medicare,Divorced,45.9,Never,Lymphoma,2,Single agent,Palliative,1,1,0,3.8,0,0,0,0,0,0,0,0,0,1,0,2,0,0,0,64,135,70,36.5,20,97,10.6,7.5,,372.0,3.29,,,,142.0,4.25,63.0,20.8,,,52.6,28.5,40.6,1,0
P0214,54,Female,Asian,Private,Married,29.3,Former,Pancreatic,2,Combination,Curative,1,1,0,6.1,1,1,0,0,0,0,0,0,0,1,0,3,1,1,0,85,106,70,36.9,13,99,2.0,12.6,7.5,345.0,2.97,0.91,29.0,0.77,141.0,,67.0,,,,49.3,50.4,45.0,0,0
P0215,56,Female,White,Medicare,Single,23.0,Former,Other,4,Combination,Palliative,2,0,0,8.3,0,0,0,0,0,0,1,0,0,0,0,1,0,0,0,79,100,82,36.5,17,96,0.4,,13.3,58.0,3.63,,10.0,0.45,,3.68,125.0,13.5,,,48.5,50.5,43.7,0,0
P0216,72,Female,White,Private,Married,19.9,Former,Breast,3,Chemo + targeted,Curative,2,0,0,5.4,1,0,0,0,0,1,0,0,1,0,0,1,1,0,1,82,103,85,37.0,18,94,2.5,,13.2,155.0,3.67,1.73,28.0,,137.0,4.69,188.0,22.7,357.0,,37.0,37.7,39.6,0,1
P0217,66,Female,White,Private,Single,25.2,Never,Ovarian,4,Chemo + targeted,Palliative,1,0,1,2.4,2,0,0,0,0,0,0,1,0,1,0,2,1,0,0,73,133,72,36.6,17,97,3.3,10.3,11.9,,3.22,0.58,35.0,,131.0,4.98,,2.2,151.0,,48.8,38.2,33.1,1,1
P0218,76,Female,Asian,Medicare,Married,21.8,Former,Pancreatic,2,Combination,Curative,0,1,0,2.8,2,0,0,0,1,1,1,0,0,0,0,4,0,0,1,75,144,79,36.8,17,95,0.9,10.3,5.4,229.0,3.74,1.04,,,139.0,4.14,62.0,,220.0,,55.4,49.2,47.5,0,0
P0219,58,Female,White,Private,Widowed,29.6,Never,Lymphoma,2,Combination,Curative,1,1,1,10.5,1,0,0,0,0,0,0,0,1,0,0,2,2,0,0,102,138,83,36.6,16,95,3.3,8.2,8.3,242.0,4.16,0.51,61.0,0.24,140.0,4.06,119.0,8.1,,,55.5,45.3,54.6,0,0
P0220,52,Female,Other,Private,Widowed,29.5,Never,Lung,3,Combination,Curative,1,1,0,4.0,0,0,0,1,0,0,1,0,0,1,0,3,0,0,0,74,116,72,36.5,19,96,6.6,9.6,13.7,207.0,,0.72,40.0,0.4,137.0,4.22,,,325.0,,62.7,42.6,46.8,1,0
P0221,57,Female,White,Medicare,Married,24.5,Never,Breast,1,Combination,Curative,1,0,0,4.3,1,0,0,0,0,0,1,0,0,0,0,2,1,0,0,82,126,64,36.1,18,97,0.2,10.3,10.8,179.0,,1.13,36.0,,139.0,3.82,,,,,45.8,44.3,41.7,0,0
P0222,63,Female,Asian,Private,Married,37.9,Never,Colorectal,2,Combination,Palliative,1,1,0,0.5,2,0,0,0,1,0,1,1,0,1,0,5,1,0,0,78,94,82,36.3,21,96,2.2,,,,,0.83,34.0,,138.0,,,9.5,270.0,,33.8,44.2,38.1,0,1
P0223,62,Male,White,Medicaid,Married,23.0,Never,Lung,2,Combination,Curative,2,1,0,12.4,1,1,0,0,0,0,0,0,0,0,0,1,1,1,0,108,148,80,36.6,18,95,6.6,10.5,,,,,,,134.0,4.55,98.0,,327.0,10.16,44.3,43.6,38.6,0,1
P0224,47,Female,Asian,Medicare,Divorced,26.3,Never,Lung,2,Combination,Curative,1,0,0,8.5,0,0,1,0,0,0,1,0,0,0,0,3,3,0,0,86,140,79,36.8,16,100,3.0,11.4,6.1,231.0,3.45,0.86,,,141.0,,137.0,0.2,250.0,,40.3,39.9,41.9,0,0
P0225,61,Female,White,Medicare,Single,30.5,Never,Other,4,Combination,Palliative,1,0,1,1.3,1,0,0,0,0,0,0,0,0,0,0,1,1,1,0,82,138,84,37.3,18,95,3.1,9.3,,204.0,4.06,1.13,7.0,,,3.98,117.0,,193.0,,42.2,47.5,44.6,0,0
P0226,63,Female,White,Medicare,Married,31.9,Former,Breast,2,Single agent,Curative,0,0,0,7.8,1,0,0,0,0,1,1,1,0,0,0,3,2,0,2,90,113,85,36.5,18,97,6.5,9.0,10.1,327.0,3.29,0.89,11.0,0.51,141.0,4.33,119.0,,311.0,,53.2,45.5,46.0,0,0
P0227,90,Female,White,Medicaid,Divorced,34.0,Never,Other,3,Chemo + targeted,Curative,0,1,0,8.2,3,0,0,0,0,0,0,1,0,0,1,3,0,0,0,88,129,84,36.5,19,95,3.5,11.7,,275.0,3.21,1.47,36.0,0.64,135.0,,118.0,25.7,,,48.7,35.9,52.0,0,0
P0228,83,Female,White,Private,Married,29.4,Never,Colorectal,3,Single agent,Curative,1,1,0,16.9,1,0,0,0,0,0,0,0,1,1,0,4,1,0,0,82,129,69,36.3,21,95,0.3,11.1,7.2,,2.64,,51.0,,,,118.0,39.3,,,38.0,38.7,41.5,0,0
P0229,50,Female,White,Medicare,Married,32.8,Never,Ovarian,3,Chemo + immunotherapy,Curative,1,0,0,2.6,1,0,0,0,0,0,1,0,0,0,0,2,0,0,0,79,146,63,37.0,15,97,5.5,10.2,11.0,,,0.74,23.0,1.22,139.0,4.42,114.0,11.8,,,47.1,40.8,40.9,0,0
P0230,57,Female,Other,Medicare,Married,23.3,Never,Lung,3,Combination,Curative,0,1,0,7.4,1,0,0,1,0,0,1,0,0,0,0,3,0,0,0,66,138,79,36.9,21,94,3.6,12.3,10.3,231.0,,0.57,44.0,0.71,139.0,4.33,151.0,20.7,,,54.5,47.5,55.3,0,0
P0231,42,Male,White,Medicaid,Married,32.0,Former,Prostate,3,Single agent,Curative,1,1,0,3.3,1,0,0,0,0,0,1,1,0,0,0,4,0,0,0,77,117,75,36.8,15,97,2.9,9.6,8.9,,3.44,0.76,,0.28,,4.25,137.0,,,,47.1,57.8,48.3,0,0
P0232,53,Male,White,Private,Married,32.0,Current,Prostate,4,Chemo + immunotherapy,Palliative,1,1,0,3.2,0,0,1,0,0,0,1,0,0,0,0,4,2,2,0,78,134,78,36.8,20,95,0.0,,14.5,172.0,3.78,1.03,49.0,,140.0,4.29,,,179.0,,37.1,52.0,29.2,0,1
P0233,64,Female,Other,Medicare,Married,35.3,Former,Other,2,Combination,Curative,0,1,0,14.8,0,0,0,0,0,0,0,0,0,0,0,2,1,0,0,80,113,90,36.6,12,97,0.0,12.7,7.9,295.0,3.71,1.07,10.0,0.81,137.0,4.58,55.0,16.3,,,63.1,52.5,70.0,0,0
P0234,74,Female,White,Medicare,Married,17.8,Former,Breast,4,Chemo + targeted,Palliative,1,1,0,10.6,4,0,0,0,0,0,0,0,0,0,0,2,2,1,0,81,110,85,37.1,18,95,3.9,9.4,,,3.59,1.3,14.0,0.3,138.0,4.27,128.0,,,,42.1,31.8,25.1,1,1
P0235,51,Female,White,Private,Widowed,22.0,Never,Breast,1,Combination,Curative,1,0,0,1.3,0,0,0,0,0,0,1,0,0,0,0,3,0,0,0,89,121,74,36.5,20,98,0.7,11.7,,354.0,3.67,,,1.18,,4.05,,4.9,,,47.3,45.2,53.6,0,0
P0236,52,Female,Asian,Medicaid,Married,31.5,Current,Other,3,Combination,Curative,1,0,0,1.1,1,0,0,0,0,0,1,0,0,0,0,1,0,0,0,82,107,69,36.6,17,97,6.4,9.0,5.4,291.0,3.71,1.19,,1.29,140.0,,,,214.0,,45.6,43.7,38.4,0,1
P0237,34,Female,Hispanic,Private,Widowed,15.0,Never,Breast,3,Chemo + targeted,Palliative,0,1,0,8.0,0,0,0,0,0,0,1,0,0,0,1,4,0,0,0,71,94,79,36.4,17,97,2.4,11.6,,,3.32,1.27,,0.44,,3.47,143.0,0.2,,,53.7,41.4,45.8,0,0
P0238,58,Male,Asian,Private,Single,29.7,Never,Prostate,2,Combination,Curative,0,1,0,4.7,1,0,0,0,0,0,0,0,1,0,1,2,1,0,0,96,125,79,36.7,18,96,3.1,10.9,,241.0,3.62,0.94,54.0,0.98,138.0,,,,,,39.0,50.7,47.7,0,0
P0239,47,Female,White,Medicare,Divorced,32.8,Never,Breast,1,Combination,Curative,0,0,0,2.3,0,0,0,1,0,0,0,1,0,0,0,1,1,0,0,80,117,73,36.5,15,94,7.8,8.5,7.4,211.0,3.24,,38.0,1.19,140.0,3.89,,0.2,,,38.5,48.1,42.8,0,0
P0240,54,Female,Other,Private,Married,23.8,Never,Breast,1,Combination,Curative,1,1,0,8.1,0,0,1,0,0,0,0,0,0,1,0,4,1,0,0,86,112,56,36.5,18,97,1.3,12.4,,,3.57,0.82,51.0,0.4,141.0,3.43,96.0,,165.0,,49.1,47.2,46.0,0,0
P0241,49,Male,White,Private,Divorced,24.6,Former,Prostate,1,Combination,Curative,1,0,0,7.3,0,0,0,0,0,0,0,1,0,0,0,2,0,0,0,66,116,67,36.3,15,99,3.9,13.3,,338.0,4.07,0.75,49.0,0.59,140.0,3.26,139.0,18.3,138.0,,47.0,45.7,43.4,0,0
P0242,59,Male,Other,Private,Married,21.1,Never,Prostate,3,Single agent,Curative,1,0,0,5.3,0,0,0,0,0,0,0,1,0,1,1,4,1,1,0,87,130,83,36.4,19,96,2.7,11.5,5.7,127.0,3.19,1.4,42.0,0.64,138.0,4.09,116.0,,,,54.2,41.6,51.7,0,0
P0243,39,Male,Hispanic,Private,Married,24.1,Never,Prostate,2,Chemo + targeted,Curative,1,1,0,5.7,0,0,0,1,0,0,1,1,0,0,0,3,0,0,0,62,116,64,36.2,18,96,4.6,,8.5,283.0,,0.9,34.0,0.83,144.0,5.12,99.0,11.2,,2.25,62.8,53.2,64.7,0,0
P0244,42,Male,Hispanic,Medicare,Married,24.3,Never,Colorectal,4,Combination,Palliative,2,0,0,2.4,1,0,0,0,0,0,0,0,0,0,0,2,2,1,0,101,122,79,36.8,18,95,5.3,10.3,5.4,319.0,3.5,0.71,,1.32,137.0,4.96,108.0,,283.0,2.07,47.9,49.6,43.3,0,0
P0245,86,Female,White,Medicaid,Married,23.2,Current,Pancreatic,4,Chemo + immunotherapy,Palliative,2,0,0,7.3,1,0,1,0,0,1,1,0,1,1,0,5,0,0,0,92,133,84,36.4,16,92,8.3,,,,3.9,,,0.79,,3.84,,,275.0,,36.7,38.2,11.1,1,1
P0246,45,Female,White,Medicare,Widowed,22.9,Former,Other,2,Combination,Curative,1,0,0,18.8,0,0,0,0,0,0,0,0,0,0,0,2,0,0,0,76,145,67,37.2,18,98,0.5,11.2,9.4,160.0,3.08,1.58,25.0,0.16,,3.93,,0.2,,,50.8,50.5,56.9,0,0
P0247,47,Male,Asian,Private,Widowed,25.5,Current,Lung,2,Combination,Curative,1,1,0,1.6,1,0,1,0,0,0,0,1,0,1,0,5,1,1,0,86,143,84,37.0,17,98,1.2,11.4,1.7,246.0,3.81,1.07,,,139.0,4.0,118.0,,222.0,0.93,38.7,57.9,37.8,0,1
P0248,82,Female,White,Medicare,Divorced,25.4,Former,Lung,3,Combination,Curative,1,0,1,10.3,3,1,1,0,1,0,0,1,0,0,0,4,1,0,1,69,136,80,36.7,15,97,3.7,10.4,8.8,283.0,3.43,1.19,40.0,0.53,137.0,4.23,128.0,,200.0,,39.7,46.5,34.6,0,1
P0249,90,Female,White,Medicaid,Married,37.3,Current,Lung,4,Chemo + targeted,Palliative,1,0,0,2.0,2,1,1,0,0,0,1,1,0,0,1,7,1,0,0,85,126,80,36.9,18,99,8.4,,9.9,246.0,,1.03,,,135.0,,,,389.0,,30.3,35.1,21.3,0,1
P0250,46,Male,Hispanic,Medicare,Widowed,24.8,Never,Pancreatic,2,Chemo + targeted,Curative,0,0,0,9.0,0,0,0,0,0,0,0,1,0,1,0,4,0,0,0,86,113,65,37.0,18,96,4.6,11.3,10.3,,3.48,0.4,29.0,1.14,138.0,4.62,105.0,11.9,,,55.2,44.8,57.7,0,0
P0251,56,Female,Asian,Private,Single,28.9,Never,Lung,1,Combination,Curative,0,0,1,4.6,0,0,0,0,0,0,0,1,0,0,0,1,0,0,0,85,106,86,36.6,17,95,5.0,10.0,9.1,144.0,3.67,,35.0,,142.0,4.48,83.0,,,,46.1,39.6,36.9,0,1
P0252,64,Female,White,Private,Married,23.8,Never,Lymphoma,4,Combination,Palliative,1,0,0,9.2,2,0,0,0,0,1,1,1,0,0,1,3,2,0,0,84,115,67,36.6,20,98,2.7,7.3,16.6,295.0,2.85,,14.0,,134.0,4.21,122.0,40.8,293.0,,41.3,50.3,21.2,1,1
P0253,81,Female,White,Medicaid,Married,23.8,Never,Colorectal,3,Chemo + targeted,Curative,1,0,0,1.7,3,1,1,1,1,1,1,0,0,0,0,4,2,1,2,90,144,70,37.0,20,96,2.2,,8.1,,2.87,0.98,32.0,1.44,,3.21,148.0,,,,40.5,38.9,33.4,0,1
P0254,48,Male,White,Medicaid,Single,17.6,Former,Prostate,2,Single agent,Curative,0,0,1,5.9,2,1,0,0,0,1,0,0,0,0,0,2,1,0,1,88,113,76,37.0,19,99,0.1,14.5,3.6,287.0,4.27,0.92,28.0,0.81,136.0,3.35,104.0,0.2,,2.2,52.0,53.4,62.9,0,0
P0255,57,Female,White,Private,Married,18.4,Never,Ovarian,4,Combination,Palliative,2,1,0,9.8,0,0,0,0,0,0,1,1,0,0,0,2,3,0,0,89,122,68,36.5,20,95,1.8,9.1,15.9,368.0,3.74,1.29,27.0,0.35,135.0,,85.0,,,,46.9,46.3,41.1,0,0
P0256,69,Male,White,Medicare,Married,20.4,Never,Colorectal,4,Chemo + targeted,Palliative,1,0,1,6.1,4,0,1,0,0,0,1,1,0,1,1,7,0,0,0,63,147,95,37.4,14,95,1.3,,8.6,262.0,3.36,1.07,37.0,0.86,133.0,3.59,134.0,,,5.95,50.3,46.8,35.2,1,1
P0257,65,Female,Black,Private,Single,28.0,Former,Colorectal,3,Combination,Curative,0,0,1,8.5,0,0,0,0,0,0,0,0,0,1,0,1,1,1,0,81,134,69,36.3,19,94,2.8,11.9,5.6,279.0,4.01,1.15,20.0,0.75,138.0,3.41,163.0,,385.0,,46.5,39.4,52.7,0,0
P0258,55,Male,Asian,Private,Married,32.9,Never,Lung,2,Chemo + targeted,Curative,0,1,0,3.6,0,0,1,1,0,0,0,0,0,1,0,3,0,0,0,80,127,84,36.0,22,98,0.0,,3.5,229.0,4.8,1.27,31.0,1.18,,4.61,,2.8,129.0,0.55,48.6,44.9,51.1,0,0
P0259,58,Male,White,Medicare,Married,17.2,Never,Colorectal,3,Chemo + targeted,Curative,0,0,0,8.6,2,1,0,0,0,0,1,0,0,1,1,6,0,0,0,67,123,89,37.2,18,95,1.1,9.7,6.9,230.0,3.38,1.42,36.0,0.98,139.0,,,39.9,283.0,1.97,47.2,44.8,40.5,0,0
P0260,44,Male,White,Medicare,Married,24.0,Never,Lung,2,Single agent,Curative,1,0,0,14.7,0,0,0,0,0,0,0,0,0,0,1,2,1,0,0,68,117,80,36.9,17,95,0.0,12.6,5.4,289.0,4.07,0.68,50.0,0.8,138.0,,139.0,,194.0,,48.3,41.1,51.3,0,0
P0261,57,Female,Asian,Private,Single,19.5,Former,Ovarian,3,Combination,Palliative,0,1,0,3.5,0,0,0,1,0,0,0,1,1,1,1,5,2,0,0,95,137,70,36.8,16,95,0.0,13.5,5.7,193.0,3.75,1.12,31.0,0.93,140.0,3.59,,0.2,,,42.2,49.6,44.1,0,0
P0262,57,Male,Black,Medicaid,Widowed,25.5,Never,Lung,2,Combination,Curative,1,1,0,8.4,0,0,0,0,0,0,0,1,0,0,0,3,0,0,0,69,128,78,36.9,15,97,0.0,14.6,,,4.54,1.04,18.0,0.66,133.0,4.56,,32.2,,10.14,53.2,70.0,51.4,0,0
P0263,63,Female,Hispanic,Medicare,Divorced,32.9,Never,Breast,3,Chemo + targeted,Curative,2,1,1,2.8,0,0,0,0,0,0,0,1,0,0,1,4,2,1,0,78,122,87,36.5,17,97,1.2,11.5,,,3.22,,29.0,0.53,,4.1,,8.1,230.0,,42.1,34.5,38.7,0,1
P0264,53,Female,White,Private,Single,24.5,Never,Lung,4,Combination,Palliative,0,1,0,15.8,0,0,0,0,0,1,0,0,0,0,0,2,0,0,1,74,105,63,36.2,19,96,5.4,12.2,9.5,,3.97,,,,,,119.0,31.3,,,46.2,42.5,34.2,1,1
P0265,66,Female,Black,Medicare,Single,26.7,Former,Colorectal,4,Combination,Palliative,1,1,1,1.4,3,0,1,0,0,0,0,0,0,0,0,2,3,0,0,89,137,87,36.6,21,95,4.5,,6.0,351.0,3.18,0.83,19.0,0.62,138.0,3.89,,,263.0,,43.9,37.7,39.5,0,1
P0266,72,Female,White,Medicare,Single,35.0,Never,Other,4,Combination,Palliative,2,0,0,7.1,2,0,0,0,0,0,1,1,0,0,0,2,0,0,0,86,133,81,36.5,18,95,5.1,,7.4,425.0,3.25,1.04,21.0,,,4.95,138.0,,,,33.2,42.9,24.0,0,1
P0267,62,Female,White,Medicare,Married,29.5,Never,Lung,1,Single agent,Palliative,1,0,0,5.4,2,1,0,0,0,0,1,0,0,1,1,5,2,1,0,100,103,91,36.4,15,96,2.6,12.2,6.6,324.0,3.74,1.08,31.0,0.99,138.0,4.63,,20.1,279.0,,41.2,57.1,42.3,0,0
P0268,64,Female,Hispanic,Self-pay,Married,22.8,Current,Lung,2,Single agent,Curative,0,1,1,3.6,1,0,0,1,0,1,0,0,1,0,0,1,0,0,1,74,124,80,36.5,14,97,4.8,10.9,8.1,123.0,3.79,,5.0,0.29,136.0,4.2,123.0,5.8,,,56.3,30.1,53.9,0,0
P0269,61,Male,White,Medicare,Single,27.9,Former,Colorectal,3,Combination,Curative,1,0,0,3.5,0,0,0,0,0,0,1,0,0,1,0,2,0,0,0,86,130,77,36.5,18,97,4.7,11.4,12.7,,3.26,,27.0,0.67,,4.33,107.0,,170.0,,45.6,38.0,34.0,1,1
P0270,60,Female,White,Private,Single,22.4,Never,Other,2,Single agent,Curative,0,1,0,5.1,0,1,0,0,0,0,1,0,0,0,0,2,1,0,0,62,121,81,36.6,18,97,5.0,10.2,8.7,110.0,3.62,0.67,,,137.0,3.95,107.0,,,,49.7,43.9,48.5,0,0
P0271,51,Female,White,Private,Married,29.3,Never,Ovarian,1,Single agent,Palliative,0,0,0,14.3,0,0,0,0,0,0,0,0,0,0,0,2,0,0,0,61,148,65,36.8,11,97,0.1,10.3,3.7,117.0,4.76,0.57,35.0,1.08,135.0,4.12,97.0,,,,64.7,54.0,70.0,0,0
P0272,64,Female,White,Medicare,Divorced,29.8,Never,Breast,4,Combination,Palliative,2,0,0,6.4,1,0,0,0,0,0,1,0,0,0,0,2,2,1,0,96,148,70,36.9,19,94,4.0,,8.0,148.0,2.95,0.7,,,139.0,3.62,135.0,0.2,,,46.0,39.6,35.4,1,1
P0273,59,Male,White,Self-pay,Single,19.5,Former,Prostate,2,Combination,Curative,3,1,0,0.8,3,0,1,0,0,0,1,0,0,1,0,4,3,1,0,97,110,78,36.8,21,98,2.3,,,269.0,3.34,1.12,,0.82,,3.76,115.0,,201.0,2.73,35.0,37.1,10.0,1,1
P0274,85,Female,Asian,Private,Married,28.0,Never,Pancreatic,1,Single agent,Curative,0,1,0,1.1,0,0,0,0,0,1,0,0,1,1,0,2,0,0,1,85,129,74,35.9,12,97,2.1,9.8,4.6,126.0,4.11,0.59,29.0,0.65,141.0,4.38,,,,,51.5,47.2,48.9,0,0
P0275,79,Female,White,Private,Married,26.4,Current,Pancreatic,3,Combination,Curative,0,1,1,6.4,1,0,1,0,0,0,1,1,1,1,0,5,0,0,0,93,147,75,36.4,15,97,6.9,11.1,5.6,110.0,3.55,0.79,,0.53,135.0,4.79,,,,,46.1,37.0,42.1,0,0
P0276,65,Female,White,Medicare,Married,30.0,Former,Colorectal,4,Single agent,Palliative,1,0,0,11.1,1,0,1,0,0,0,0,0,0,0,0,2,0,0,0,72,128,95,36.4,23,93,2.9,8.3,5.9,227.0,3.28,1.56,16.0,0.79,138.0,4.27,139.0,25.6,258.0,,38.6,37.8,34.2,0,1
P0277,51,Female,Hispanic,Private,Married,31.6,Former,Lymphoma,3,Combination,Curative,1,0,1,2.5,1,0,0,0,0,0,0,0,0,0,0,1,0,0,0,99,133,89,37.1,18,96,3.7,,,223.0,,1.02,21.0,,136.0,,,,,,41.8,37.9,42.1,0,0
P0278,47,Male,White,Private,Married,29.6,Never,Prostate,2,Chemo + immunotherapy,Curative,0,1,1,6.1,0,0,0,0,0,0,0,0,0,0,0,0,0,0,0,67,112,54,36.4,21,99,3.4,11.2,6.3,225.0,3.55,0.94,5.0,0.44,140.0,3.29,90.0,,305.0,,53.4,58.5,54.5,0,0
P0279,74,Female,Hispanic,Medicaid,Married,25.3,Current,Breast,3,Combination,Curative,0,0,0,11.2,4,0,0,0,1,0,1,1,1,0,0,5,0,0,0,88,107,78,36.1,19,98,6.3,9.6,4.2,318.0,3.1,,17.0,,,4.3,135.0,,158.0,,37.8,37.5,24.1,1,1
P0280,63,Female,White,Medicare,Married,32.1,Former,Breast,4,Single agent,Palliative,1,1,1,6.8,0,0,1,0,0,0,1,1,0,1,1,5,1,0,0,111,139,69,36.9,20,96,4.5,12.1,6.9,,4.17,1.06,40.0,1.15,,4.27,133.0,,,,36.3,38.0,39.4,0,1
P0281,66,Female,Asian,Medicaid,Married,22.2,Former,Lung,1,Combination,Curative,1,1,1,5.6,1,0,0,1,0,1,0,0,1,0,0,2,1,0,1,71,122,86,36.7,18,97,2.0,12.0,7.7,254.0,3.69,0.48,6.0,0.59,142.0,3.83,116.0,1.9,216.0,,55.5,40.5,48.3,0,0
P0282,39,Female,White,Medicare,Divorced,19.7,Never,Breast,3,Chemo + targeted,Curative,1,0,0,4.0,0,0,0,0,0,0,0,0,0,1,1,3,0,0,1,92,155,76,37.5,15,99,4.9,11.5,10.7,285.0,3.82,,12.0,0.36,139.0,4.16,62.0,0.2,402.0,,50.7,48.5,48.1,0,0
P0283,71,Female,Hispanic,Private,Divorced,15.0,Former,Colorectal,4,Combination,Palliative,0,0,0,4.6,0,0,0,0,0,0,0,0,0,1,0,1,2,0,0,90,141,89,36.3,14,96,1.3,9.7,4.3,241.0,,0.63,,,137.0,4.76,,,350.0,,41.8,54.1,37.2,0,1
P0284,65,Female,White,Medicaid,Married,26.6,Former,Ovarian,3,Chemo + immunotherapy,Curative,0,1,0,8.7,3,0,0,0,0,0,1,0,0,0,1,4,2,0,0,77,112,70,36.6,19,98,4.9,11.9,5.7,350.0,3.68,1.44,,0.67,142.0,4.32,120.0,27.7,289.0,,40.2,46.6,38.9,0,1
P0285,47,Female,Hispanic,Private,Married,22.5,Current,Ovarian,2,Combination,Curative,0,0,1,9.5,0,0,0,0,0,0,1,0,0,1,0,3,1,1,0,102,131,67,36.4,16,98,2.8,,5.0,,3.09,1.61,,0.79,138.0,,,,236.0,,40.6,57.7,45.1,0,0
P0286,54,Female,White,Private,Married,29.2,Former,Breast,4,Single agent,Palliative,0,0,1,9.4,1,0,1,0,0,1,1,0,1,1,0,4,0,0,2,71,125,76,36.4,15,98,4.8,13.4,3.4,219.0,3.58,0.81,19.0,,139.0,4.99,146.0,,333.0,,42.1,35.9,35.8,0,1
P0287,63,Female,Asian,Medicaid,Married,16.2,Never,Breast,2,Combination,Palliative,0,1,0,2.9,1,0,0,0,0,0,0,0,0,1,1,2,0,0,0,79,133,72,36.5,14,98,4.4,11.9,1.5,,,0.5,,0.83,141.0,,128.0,,,,59.4,55.6,59.3,0,0
P0288,61,Male,White,Medicare,Married,23.4,Never,Lymphoma,1,Chemo + targeted,Curative,1,0,1,0.3,1,1,1,0,0,0,1,0,1,1,0,5,0,0,0,86,118,77,36.4,17,95,2.9,10.0,9.0,213.0,3.79,0.84,,0.86,138.0,,177.0,,,1.2,57.2,58.9,46.7,1,0
P0289,56,Male,White,Medicaid,Married,29.6,Former,Colorectal,1,Combination,Palliative,0,1,0,3.6,1,0,1,0,0,0,1,0,0,0,0,4,0,0,0,78,131,87,36.8,18,98,5.8,9.2,8.1,223.0,3.83,0.48,39.0,,138.0,4.0,,,235.0,,44.0,37.9,44.8,0,0
P0290,59,Female,White,Private,Married,21.3,Current,Breast,3,Chemo + immunotherapy,Curative,0,0,1,10.1,1,0,1,0,1,0,0,1,1,1,0,5,0,0,0,112,143,82,36.7,17,96,5.5,10.6,,248.0,3.28,0.91,14.0,0.12,,4.17,,25.1,186.0,,41.3,35.0,39.1,0,1
P0291,57,Female,White,Medicaid,Widowed,29.3,Former,Pancreatic,1,Chemo + immunotherapy,Curative,1,0,0,16.5,1,0,0,0,0,1,1,1,0,0,0,2,0,0,2,67,136,73,36.7,16,95,3.0,10.9,8.6,258.0,,,,0.75,140.0,,138.0,,,,43.7,37.2,39.7,0,1
P0292,62,Female,White,Medicare,Married,23.9,Never,Breast,4,Single agent,Palliative,2,1,1,2.1,1,0,0,0,0,0,1,0,0,0,0,3,0,0,0,102,141,77,37.1,22,98,6.5,10.4,7.8,272.0,2.81,1.49,,0.43,145.0,3.63,,28.8,219.0,,37.6,52.1,28.9,0,1
P0293,78,Female,Asian,Medicare,Divorced,26.8,Never,Breast,4,Single agent,Palliative,0,0,1,8.4,1,1,0,0,0,0,1,1,0,0,0,5,2,0,0,58,174,65,36.9,14,96,4.2,9.5,6.3,,,0.4,,,142.0,5.22,125.0,,,,47.4,47.0,53.0,0,0
P0294,29,Male,White,Medicaid,Married,30.3,Former,Pancreatic,1,Combination,Palliative,0,1,0,3.0,0,0,0,0,0,1,0,0,0,1,0,2,2,0,3,48,109,57,37.0,20,97,5.4,13.5,10.3,227.0,3.74,0.52,36.0,0.4,142.0,3.88,81.0,29.3,203.0,1.98,57.2,47.1,52.0,0,0
P0295,57,Male,White,Private,Married,32.2,Former,Prostate,4,Combination,Palliative,1,0,1,13.6,0,0,0,1,0,0,0,1,0,0,0,2,1,0,0,82,149,85,36.7,17,95,0.0,6.8,10.1,,4.13,1.31,41.0,0.98,136.0,,100.0,26.6,,,38.6,41.7,24.6,1,1
P0296,62,Male,White,Medicare,Widowed,27.5,Never,Colorectal,4,Combination,Palliative,2,1,0,10.0,1,0,0,0,0,1,1,0,1,0,0,4,0,0,0,88,130,70,36.8,17,94,6.4,11.4,7.6,,4.29,0.83,42.0,0.11,137.0,4.4,71.0,14.0,,,40.8,42.5,28.2,1,1
P0297,64,Female,White,Medicare,Married,22.5,Never,Lymphoma,1,Combination,Palliative,0,1,0,6.7,1,0,1,0,0,0,0,0,0,0,0,2,0,0,0,95,124,90,37.0,18,96,0.0,10.3,5.0,217.0,3.74,1.45,23.0,0.65,140.0,3.66,112.0,,345.0,,45.9,47.6,38.8,0,1
P0298,56,Male,White,Medicare,Single,24.5,Current,Other,4,Chemo + immunotherapy,Palliative,1,1,0,7.1,0,0,0,0,0,0,0,0,0,0,1,1,2,1,0,98,124,73,36.4,20,98,5.2,,8.5,,4.21,1.06,14.0,0.74,133.0,3.45,96.0,,,11.91,48.3,35.4,25.6,1,1
P0299,39,Female,Asian,Medicaid,Widowed,30.5,Never,Breast,4,Combination,Palliative,1,1,0,12.6,0,0,0,0,0,0,1,1,0,0,0,4,4,0,0,82,131,75,36.5,14,97,4.4,13.3,8.5,250.0,4.34,1.07,19.0,1.0,136.0,3.59,176.0,,250.0,,60.8,32.6,67.5,0,0
P0300,64,Male,White,Medicare,Single,21.4,Never,Prostate,4,Chemo + targeted,Palliative,0,0,0,0.9,1,0,0,1,0,0,1,1,0,0,1,3,1,0,0,90,121,83,36.7,21,94,5.0,11.3,,,3.35,1.23,,,141.0,,155.0,,,5.69,29.2,47.5,26.1,0,1
P0301,81,Female,Hispanic,Private,Married,26.0,Never,Breast,3,Chemo + targeted,Curative,2,0,0,4.9,3,0,0,0,0,0,0,0,0,0,0,1,2,0,0,87,104,86,36.7,17,96,6.9,10.6,9.4,246.0,2.86,1.24,,,,4.4,106.0,,294.0,,44.9,25.0,36.9,0,1
P0302,42,Female,White,Private,Married,24.9,Never,Colorectal,4,Single agent,Palliative,2,1,0,1.8,0,0,0,0,0,0,1,1,0,0,1,4,2,0,0,101,131,70,36.3,21,97,2.2,11.8,10.6,,3.3,1.09,,0.91,138.0,,,,250.0,,38.8,36.2,36.5,0,1
P0303,70,Male,White,Medicaid,Married,26.4,Never,Colorectal,3,Combination,Curative,0,1,0,7.0,4,1,1,0,0,0,0,0,0,0,1,4,0,0,0,69,134,80,36.9,16,94,1.2,13.3,9.3,295.0,3.69,,43.0,,141.0,3.9,94.0,,,1.26,40.9,40.4,43.9,0,0
P0304,56,Male,Hispanic,Self-pay,Married,21.4,Former,Lung,2,Combination,Curative,1,1,0,6.0,1,0,0,1,0,0,0,1,0,0,1,4,1,0,0,76,117,75,37.1,16,95,1.2,13.0,11.1,319.0,3.18,1.44,32.0,0.64,145.0,3.83,94.0,,220.0,22.46,44.6,41.8,35.6,0,1
P0305,59,Female,White,Self-pay,Married,16.8,Former,Breast,2,Chemo + immunotherapy,Curative,1,0,1,6.7,2,0,0,0,0,0,0,0,0,1,0,1,1,0,0,91,107,79,37.1,19,96,2.3,9.6,10.8,242.0,,,21.0,,137.0,4.03,90.0,29.6,102.0,,43.3,42.9,53.1,0,0
P0306,47,Male,White,Private,Widowed,29.9,Former,Pancreatic,3,Combination,Curative,1,0,0,1.6,0,0,0,0,0,0,0,0,1,0,0,3,1,1,0,91,127,76,36.5,17,99,7.5,12.3,11.0,297.0,3.91,1.07,31.0,,145.0,4.0,111.0,31.5,258.0,4.81,47.7,55.4,38.2,0,1
P0307,56,Female,Other,Private,Single,32.3,Former,Lung,2,Chemo + targeted,Curative,2,0,0,11.2,1,0,0,1,0,0,1,0,0,1,0,2,3,0,0,99,142,70,37.0,24,96,9.2,11.1,7.4,,,,,1.13,139.0,,102.0,,,,40.5,42.8,35.7,0,1
P0308,76,Female,Other,Medicare,Married,17.1,Never,Ovarian,2,Combination,Curative,3,0,0,9.0,2,0,0,0,0,0,0,0,0,0,0,0,7,1,0,85,117,79,36.6,21,94,5.8,,,,3.27,,6.0,1.42,,,92.0,0.2,,,44.0,49.2,31.6,1,1
P0309,67,Male,Asian,Medicare,Married,29.0,Never,Lung,2,Combination,Curative,1,0,1,3.6,1,0,1,0,0,0,0,1,0,1,0,4,0,0,0,78,134,67,36.7,17,98,5.2,12.1,,221.0,3.39,1.47,,,,3.74,152.0,0.2,259.0,,44.4,39.8,44.9,0,0
P0310,81,Female,White,Private,Single,33.0,Never,Ovarian,4,Chemo + immunotherapy,Palliative,1,0,0,9.5,3,0,0,0,0,1,1,1,0,0,0,4,0,0,0,94,162,78,37.0,22,95,12.4,9.2,,,,1.04,5.0,,,4.42,,39.1,308.0,,31.9,29.7,22.0,0,1
P0311,74,Male,Asian,Medicare,Widowed,30.3,Never,Prostate,3,Combination,Curative,0,0,1,0.4,1,0,0,0,0,0,1,0,0,1,1,5,1,0,0,71,142,78,37.1,18,94,2.6,8.5,,331.0,,0.75,42.0,0.3,,,98.0,,,6.07,41.4,35.8,25.4,1,1
P0312,65,Female,Other,Private,Married,24.7,Former,Lung,2,Chemo + targeted,Curative,0,1,0,1.9,1,0,1,0,0,0,1,0,0,0,0,3,0,0,0,95,130,71,36.6,18,95,0.0,14.0,,147.0,,0.72,48.0,1.86,138.0,4.57,154.0,0.2,215.0,,52.6,46.4,50.8,0,0
P0313,81,Female,Other,Medicare,Married,21.8,Never,Lymphoma,2,Combination,Curative,2,1,1,5.0,1,0,1,0,0,0,1,0,0,0,0,3,1,1,0,78,133,78,36.5,17,98,7.4,9.4,5.7,241.0,3.85,1.37,31.0,0.74,,4.16,169.0,,205.0,,42.2,45.6,42.5,0,0
P0314,65,Female,White,Private,Divorced,27.4,Former,Pancreatic,2,Single agent,Palliative,0,0,0,4.1,2,0,0,0,0,0,1,0,0,0,0,2,2,0,0,79,120,72,37.1,17,97,3.1,,9.5,,4.37,1.11,,1.26,137.0,5.0,139.0,,294.0,,43.6,30.4,36.9,0,1
P0315,70,Female,White,Private,Widowed,28.4,Never,Colorectal,1,Single agent,Palliative,1,1,0,13.1,6,0,1,0,0,0,1,0,0,1,1,6,0,0,0,91,132,75,36.7,20,95,1.9,,12.0,315.0,3.15,,,,137.0,4.17,,10.0,281.0,,44.2,44.8,36.4,0,1
P0316,56,Female,White,Private,Widowed,27.5,Never,Colorectal,3,Combination,Curative,2,1,0,8.6,1,0,1,1,0,0,0,0,0,0,0,3,2,0,0,77,121,84,35.8,22,97,7.8,,13.4,214.0,,1.06,5.0,0.36,,,,9.6,128.0,,47.7,33.1,38.9,0,1
P0317,61,Male,White,Medicaid,Married,26.0,Never,Prostate,1,Chemo + targeted,Curative,0,0,0,15.1,0,0,0,0,0,0,0,0,0,1,0,1,2,1,1,70,122,80,36.8,13,98,7.7,,7.8,317.0,,0.82,20.0,,,3.67,143.0,,,17.03,37.3,38.7,38.2,0,1
P0318,52,Male,Asian,Medicare,Married,21.0,Never,Prostate,4,Combination,Palliative,0,1,0,1.3,1,0,0,0,0,0,1,1,0,0,0,3,2,0,0,94,121,83,36.5,19,96,2.5,9.1,13.3,286.0,3.29,1.31,,0.85,142.0,3.51,,,289.0,27.93,40.6,50.8,45.4,0,0
P0319,72,Female,White,Medicaid,Married,29.3,Former,Colorectal,2,Combination,Curative,2,1,0,4.1,2,1,1,0,0,1,1,0,1,1,0,6,2,0,1,73,109,96,36.6,17,96,4.8,9.6,8.2,168.0,3.7,1.16,33.0,,,,78.0,0.2,,,48.9,29.9,31.8,1,1
P0320,46,Male,White,Medicare,Married,29.6,Former,Pancreatic,1,Single agent,Curative,0,1,0,1.8,2,0,0,0,0,1,0,1,0,0,0,3,0,0,0,83,119,83,36.9,18,95,6.8,10.2,,318.0,,1.54,27.0,0.52,137.0,4.57,100.0,42.4,243.0,5.01,48.4,34.7,42.5,0,0
P0321,69,Female,White,Private,Widowed,28.1,Never,Colorectal,4,Combination,Palliative,1,1,0,6.7,0,0,1,0,0,0,0,1,0,1,0,3,0,0,0,83,169,67,36.1,15,99,2.0,,,402.0,3.08,,32.0,0.65,141.0,,85.0,,,,49.0,49.6,48.1,0,0
P0322,58,Male,White,Private,Married,27.6,Former,Colorectal,2,Chemo + targeted,Palliative,0,0,0,1.3,1,0,1,0,0,0,1,1,0,0,0,4,0,0,0,62,108,73,36.9,19,95,6.4,12.4,11.7,201.0,3.32,1.11,19.0,0.82,138.0,,91.0,34.6,,,40.1,45.1,41.4,0,0
P0323,74,Male,White,Medicare,Single,36.2,Former,Prostate,2,Combination,Curative,1,1,0,6.1,1,0,1,0,0,0,0,1,0,0,0,4,0,0,0,70,154,90,36.2,19,95,7.7,14.8,8.6,226.0,3.61,0.88,,,140.0,4.49,152.0,15.0,238.0,,49.1,34.6,50.9,0,0
P0324,69,Female,White,Private,Widowed,23.6,Never,Other,1,Chemo + immunotherapy,Curative,2,0,0,2.7,0,0,0,0,0,0,1,0,0,0,0,1,1,1,0,85,143,74,36.5,16,97,0.1,11.0,6.5,175.0,3.56,0.85,,,136.0,4.87,155.0,5.8,227.0,,43.4,42.1,39.0,0,1
P0325,82,Female,White,Medicare,Widowed,34.0,Never,Lung,3,Single agent,Palliative,1,0,0,9.6,3,1,0,0,0,0,1,1,0,1,0,4,4,0,0,94,141,75,36.8,18,100,0.0,8.1,11.1,262.0,3.03,1.02,16.0,0.4,136.0,3.75,94.0,,265.0,,44.5,41.8,30.3,1,1
P0326,69,Female,Other,Medicare,Single,23.0,Never,Lung,2,Single agent,Curative,1,0,0,5.1,1,0,1,0,1,0,1,0,0,0,0,3,1,0,0,72,124,82,36.3,17,95,0.0,9.9,,332.0,3.85,1.35,62.0,1.0,140.0,,92.0,24.9,144.0,,47.9,47.1,45.0,0,0
P0327,41,Female,White,Medicaid,Widowed,33.1,Never,Breast,4,Combination,Palliative,2,0,0,1.1,1,0,0,0,0,1,0,0,0,1,1,4,4,0,2,75,133,72,36.3,20,97,3.6,,9.6,232.0,2.28,,27.0,0.4,,,,,,,47.4,37.2,34.9,1,1
P0328,59,Female,White,Private,Married,33.8,Current,Lymphoma,3,Combination,Palliative,2,0,1,10.7,2,0,1,1,0,0,0,1,0,0,0,4,3,2,0,93,154,92,36.8,18,94,2.6,9.5,4.5,,,1.04,,0.82,132.0,,172.0,55.4,,,29.7,32.6,23.3,0,1
P0329,46,Female,White,Medicare,Married,25.4,Never,Colorectal,4,Chemo + targeted,Palliative,1,1,1,10.8,0,1,1,0,0,1,0,1,0,1,0,5,2,0,0,89,140,75,36.9,15,97,6.6,10.5,,351.0,3.98,0.59,54.0,0.95,143.0,3.98,156.0,18.1,,,52.9,62.0,47.2,0,0
P0330,54,Female,White,Private,Married,36.1,Never,Lung,3,Chemo + targeted,Palliative,3,0,0,9.2,2,0,1,0,0,1,0,1,1,0,0,5,1,0,2,96,131,97,36.6,18,97,3.3,12.9,3.9,237.0,2.72,1.92,40.0,1.13,133.0,,104.0,28.8,,,33.9,29.7,23.1,1,1
P0331,78,Female,White,Private,Widowed,29.6,Former,Breast,4,Single agent,Palliative,1,0,0,3.5,3,1,0,0,0,0,1,0,0,0,0,3,2,0,0,86,132,73,36.9,18,95,3.8,,7.3,229.0,3.32,,11.0,,140.0,3.47,,,321.0,,48.7,45.5,42.8,0,0
P0332,68,Female,White,Medicare,Widowed,22.2,Never,Ovarian,3,Chemo + immunotherapy,Curative,2,0,0,7.9,1,0,0,1,0,0,1,0,0,1,0,4,1,1,0,80,120,72,37.9,24,94,6.9,11.0,5.2,270.0,,0.72,,1.17,137.0,,,,264.0,,38.7,26.0,33.4,0,1
P0333,52,Male,White,Medicare,Married,24.9,Former,Colorectal,3,Single agent,Curative,1,0,1,11.5,1,1,0,0,0,0,1,1,0,0,0,3,2,0,0,87,125,69,36.3,17,96,0.3,11.3,4.7,134.0,3.57,1.04,5.0,0.9,142.0,,122.0,,128.0,0.78,42.3,42.0,38.0,0,1
P0334,48,Male,White,Medicare,Married,33.2,Never,Prostate,3,Chemo + targeted,Curative,2,1,0,4.7,1,0,1,0,0,0,0,1,0,0,1,5,1,1,0,80,133,71,36.0,19,99,3.6,11.0,8.0,205.0,,1.11,26.0,1.01,139.0,4.67,131.0,,270.0,3.83,46.6,45.6,47.3,0,0
P0335,60,Female,Asian,Private,Married,32.1,Never,Breast,3,Combination,Palliative,1,1,0,4.8,2,0,0,0,0,0,0,1,1,0,0,4,2,2,0,90,127,82,37.0,17,98,6.8,9.7,6.8,408.0,3.26,,16.0,,,3.99,,,210.0,,38.7,32.6,28.0,1,1
P0336,45,Female,White,Self-pay,Married,21.2,Never,Breast,1,Chemo + targeted,Palliative,1,1,0,5.6,0,0,0,0,0,1,0,0,1,0,0,2,0,0,2,77,121,64,36.3,17,95,13.5,,10.5,321.0,3.22,,27.0,,140.0,4.05,107.0,,294.0,,46.1,35.0,55.5,0,0
P0337,52,Female,White,Self-pay,Divorced,26.2,Never,Breast,3,Single agent,Palliative,3,1,1,9.3,1,0,0,0,0,0,0,0,0,1,0,2,2,1,0,81,123,67,36.8,17,97,5.5,9.8,7.7,,3.55,0.55,51.0,1.03,138.0,4.5,162.0,,277.0,,43.2,44.8,42.5,0,0
P0338,64,Male,Asian,Medicare,Married,28.1,Never,Lung,2,Chemo + immunotherapy,Curative,1,0,0,6.2,2,0,0,0,0,0,1,0,0,0,1,2,1,0,0,88,153,81,36.9,18,98,0.0,10.6,8.9,,,0.85,,,,,,,178.0,,33.6,32.0,40.3,0,0
P0339,74,Female,White,Medicaid,Divorced,24.2,Former,Colorectal,3,Chemo + immunotherapy,Curative,1,0,1,8.3,1,0,0,0,1,1,1,0,0,0,0,2,0,0,2,63,133,60,36.7,20,94,6.7,9.5,6.3,,3.58,,5.0,0.24,138.0,,,25.8,,,38.9,31.3,28.3,1,1
P0340,67,Female,White,Private,Single,40.0,Former,Lung,1,Combination,Curative,0,1,0,4.5,1,0,0,0,0,0,0,0,0,1,0,2,0,0,0,93,132,65,36.8,16,99,3.8,,,229.0,3.63,,5.0,0.89,141.0,,164.0,,,,46.4,46.8,40.7,0,0
P0341,33,Female,White,Medicare,Married,28.3,Former,Lung,1,Combination,Curative,1,1,1,4.4,0,0,0,0,0,0,0,0,0,0,1,2,0,0,0,77,85,73,37.2,16,97,3.1,12.8,7.9,241.0,4.52,1.06,28.0,0.93,137.0,4.12,122.0,15.3,,,54.7,55.0,41.4,1,0
P0342,64,Female,White,Medicaid,Married,26.7,Never,Breast,1,Combination,Curative,0,1,1,8.5,0,0,0,0,0,0,1,0,0,0,0,2,1,0,0,52,141,80,36.5,18,96,2.7,12.3,9.4,284.0,4.22,1.44,26.0,0.85,143.0,,114.0,25.1,250.0,,50.3,51.6,48.3,0,0
P0343,61,Male,White,Medicare,Widowed,33.5,Current,Lung,2,Combination,Palliative,1,1,0,3.1,1,0,0,0,0,0,1,0,0,1,0,2,1,0,0,85,135,73,37.1,17,98,7.1,10.3,,,3.8,1.01,10.0,1.19,139.0,3.67,106.0,,,,45.6,43.4,39.9,0,1
P0344,65,Female,Other,Medicare,Single,25.0,Never,Breast,1,Combination,Curative,1,1,0,2.1,2,1,0,0,0,1,1,0,0,1,0,4,0,0,0,77,136,80,36.3,16,98,3.0,8.6,10.6,360.0,3.73,1.39,,1.13,142.0,,,13.3,,,47.8,37.9,48.5,0,0
P0345,79,Female,Other,Medicare,Married,32.5,Former,Breast,2,Combination,Curative,1,0,0,3.0,2,0,0,1,0,0,0,0,0,0,0,2,1,1,0,73,141,71,36.8,19,93,5.4,,9.7,156.0,,,30.0,0.96,136.0,3.51,125.0,,130.0,,28.1,50.5,24.0,0,1
P0346,35,Female,Other,Medicare,Married,17.8,Former,Breast,3,Chemo + immunotherapy,Curative,2,0,1,4.2,0,0,0,0,0,0,1,0,0,0,0,3,1,1,0,101,106,86,36.8,21,98,4.3,,8.7,245.0,3.86,,,0.76,,4.05,97.0,18.1,,,48.0,57.4,45.9,0,0
P0347,53,Female,White,Medicare,Widowed,24.5,Former,Lymphoma,3,Combination,Curative,2,1,0,5.3,1,0,0,0,0,0,0,1,0,0,0,3,1,0,0,91,120,83,36.7,20,97,4.6,,,351.0,,0.92,49.0,0.1,,4.23,108.0,19.9,86.0,,49.7,56.5,50.4,0,0
P0348,67,Male,White,Private,Divorced,32.8,Never,Other,4,Single agent,Palliative,1,1,0,3.5,1,0,0,0,0,0,0,1,0,0,0,1,0,0,0,83,153,70,37.0,23,93,4.4,,9.3,353.0,2.92,0.78,48.0,,144.0,,,54.6,,4.0,38.4,42.1,22.0,1,1
P0349,41,Male,White,Private,Divorced,35.6,Former,Prostate,4,Chemo + immunotherapy,Palliative,2,1,1,3.8,1,0,0,0,0,0,0,1,0,0,1,3,2,1,0,82,101,73,36.7,15,97,7.3,,7.1,,3.45,0.69,28.0,0.1,137.0,3.1,127.0,,326.0,,40.7,42.0,40.2,0,0
P0350,78,Female,White,Medicare,Single,22.7,Former,Breast,2,Combination,Palliative,0,1,0,6.9,0,1,0,0,0,0,1,1,0,1,0,5,2,0,0,82,113,62,36.8,18,96,6.9,10.8,10.4,280.0,4.15,1.41,47.0,0.98,136.0,3.87,,25.3,317.0,,44.6,47.2,51.1,0,0
P0351,64,Male,White,Medicare,Widowed,22.1,Never,Other,3,Single agent,Curative,1,0,1,2.7,1,0,0,0,0,0,1,1,0,0,0,4,1,1,0,66,107,84,36.5,17,98,10.1,14.8,11.4,295.0,,1.52,44.0,0.96,138.0,4.49,171.0,0.2,,8.49,47.0,36.2,54.7,0,0
P0352,70,Female,White,Medicare,Married,30.1,Former,Other,3,Chemo + immunotherapy,Palliative,0,0,0,9.1,0,0,0,0,0,0,1,1,0,0,0,4,0,0,0,108,127,67,36.4,17,95,4.5,,,423.0,3.53,0.78,31.0,0.37,141.0,,,,350.0,,45.2,39.7,45.5,0,0
P0353,53,Female,White,Medicaid,Single,23.6,Never,Colorectal,2,Combination,Curative,0,1,0,2.4,0,1,1,0,0,1,0,0,0,0,0,2,0,0,2,80,150,73,36.4,14,97,3.3,11.0,9.5,200.0,,0.78,5.0,,143.0,4.2,,29.3,203.0,,47.3,39.4,44.7,0,0
P0354,70,Female,White,Medicare,Married,25.5,Never,Breast,3,Single agent,Curative,1,1,1,5.2,2,0,0,1,0,0,0,0,0,1,1,4,1,1,0,102,133,75,36.5,23,94,5.9,9.6,10.0,295.0,,,9.0,,136.0,,,14.4,,,39.9,43.9,37.7,0,1
P0355,73,Male,White,Private,Single,31.8,Former,Lymphoma,3,Combination,Curative,0,1,0,5.0,0,0,0,0,0,1,1,0,0,0,0,1,1,1,0,74,146,66,36.3,15,95,1.7,,8.6,241.0,3.92,,23.0,0.94,,4.05,,,253.0,17.72,41.4,43.0,44.1,0,0
P0356,63,Female,Asian,Private,Widowed,24.0,Former,Other,3,Chemo + targeted,Curative,1,1,0,13.1,2,0,0,0,0,0,1,0,0,1,0,3,0,0,0,90,99,70,37.3,20,93,7.7,9.8,4.6,,2.88,1.03,38.0,0.43,139.0,4.27,69.0,,289.0,,36.5,51.0,36.4,0,1
P0357,63,Male,White,Medicare,Widowed,16.2,Never,Pancreatic,2,Single agent,Curative,1,1,0,4.5,1,1,1,0,0,0,1,1,0,0,0,4,0,0,0,69,119,81,36.6,17,98,3.6,12.7,5.0,254.0,3.46,0.94,,1.34,141.0,3.99,115.0,,,,46.7,57.3,46.4,0,0
P0358,63,Male,Hispanic,Medicare,Married,19.8,Never,Prostate,3,Combination,Curative,1,0,0,10.0,0,0,0,0,0,0,1,0,1,0,1,4,2,2,0,53,118,72,36.7,16,98,5.9,10.6,7.3,228.0,2.76,0.43,46.0,1.4,135.0,4.35,130.0,57.3,,,44.0,41.2,34.7,0,1
P0359,50,Male,White,Medicare,Single,27.1,Never,Prostate,2,Single agent,Curative,0,0,0,8.5,0,0,0,0,0,0,1,0,0,1,0,3,2,0,0,87,146,82,36.4,15,97,0.0,11.5,7.6,300.0,,0.5,49.0,0.77,137.0,4.63,100.0,,214.0,,49.5,50.3,48.8,0,0
P0360,58,Female,White,Medicare,Widowed,16.8,Never,Other,4,Combination,Palliative,1,0,0,3.3,1,0,0,0,1,0,0,1,0,0,1,4,3,1,0,85,128,82,37.3,18,97,6.1,,5.2,219.0,3.67,1.64,37.0,1.5,,3.97,110.0,27.5,177.0,,39.7,51.5,38.1,0,1
P0361,58,Female,White,Medicare,Widowed,25.4,Never,Breast,4,Combination,Palliative,0,0,0,12.3,1,0,0,0,0,0,1,0,0,0,0,1,0,0,0,73,125,69,36.6,16,96,6.2,13.5,1.8,,3.93,1.31,35.0,0.82,139.0,4.44,101.0,,203.0,,61.1,51.3,59.9,0,0
P0362,65,Female,White,Medicare,Divorced,19.3,Never,Breast,2,Single agent,Curative,0,1,0,3.5,0,0,0,0,0,0,1,1,1,1,0,4,1,0,0,46,131,73,36.5,17,98,0.9,9.8,7.5,,3.63,1.03,39.0,0.9,142.0,,89.0,,265.0,,44.3,38.9,40.5,0,0
P0363,72,Female,White,Medicare,Married,36.0,Former,Ovarian,4,Chemo + immunotherapy,Palliative,2,1,0,4.1,5,0,1,0,0,0,1,1,0,1,0,6,0,0,1,79,130,76,36.6,15,96,3.7,11.4,,158.0,3.5,1.16,37.0,0.86,,3.94,101.0,34.1,297.0,,40.3,48.6,29.6,1,1
P0364,47,Female,White,Private,Married,38.9,Never,Breast,4,Combination,Palliative,0,1,1,7.4,0,0,0,0,0,0,0,0,0,0,1,1,1,1,0,82,150,71,36.6,13,97,1.5,10.5,10.3,201.0,3.94,,,1.03,137.0,4.44,,,,,52.4,44.0,64.2,0,0
P0365,58,Female,Asian,Medicare,Widowed,21.2,Never,Lung,3,Chemo + targeted,Curative,0,0,1,3.8,0,0,0,0,0,0,1,0,0,0,0,1,0,0,0,71,153,88,36.6,14,99,2.4,12.3,13.6,402.0,3.06,1.01,27.0,1.01,140.0,,128.0,13.9,,,41.5,34.4,47.0,0,0
P0366,78,Male,White,Medicare,Divorced,28.4,Never,Lung,1,Chemo + immunotherapy,Curative,1,1,0,1.4,3,0,0,0,0,0,0,0,0,1,1,4,0,0,0,83,148,79,36.3,19,95,7.7,13.1,4.4,282.0,4.07,1.04,43.0,,140.0,4.05,138.0,24.2,311.0,,42.5,39.0,50.4,0,0
P0367,51,Female,White,Private,Single,21.7,Never,Lung,4,Chemo + immunotherapy,Palliative,1,0,1,4.2,2,0,0,1,0,1,1,0,0,1,0,2,2,0,2,78,138,62,37.0,23,92,5.5,,,,3.55,0.64,,0.48,,5.17,104.0,34.3,,,34.9,38.1,30.8,0,1
P0368,50,Female,Hispanic,Medicare,Single,25.3,Never,Breast,3,Chemo + targeted,Curative,0,1,0,4.1,0,0,0,0,0,0,0,1,0,1,0,2,2,0,0,68,116,70,36.4,17,97,0.1,10.1,14.5,269.0,3.07,0.92,7.0,0.69,140.0,3.93,139.0,,,,43.4,47.9,52.1,0,0
P0369,62,Male,White,Medicare,Married,36.9,Never,Prostate,2,Combination,Curative,2,0,0,2.3,0,0,1,0,0,0,0,0,0,0,0,2,0,0,0,79,137,75,36.9,19,96,0.8,14.8,4.3,131.0,4.4,0.41,28.0,,133.0,,,,303.0,4.02,55.5,44.1,51.3,0,0
P0370,70,Male,Asian,Medicare,Married,24.4,Never,Colorectal,3,Chemo + targeted,Curative,1,1,0,5.2,2,1,0,0,0,0,0,0,0,0,0,2,3,0,0,63,101,80,36.3,19,94,0.0,10.7,,,,1.07,39.0,0.83,137.0,4.55,,,,,34.6,57.0,40.0,0,1
P0371,60,Male,White,Medicare,Divorced,25.4,Never,Prostate,3,Combination,Palliative,2,0,1,5.3,1,0,0,0,0,0,0,0,0,0,0,0,1,0,0,91,120,90,36.8,21,96,3.7,10.8,11.8,317.0,2.64,1.28,,,135.0,4.63,,17.2,206.0,,34.7,30.7,30.0,0,1
P0372,76,Female,White,Private,Married,21.8,Former,Lung,1,Combination,Curative,1,1,0,7.0,0,0,0,0,0,1,0,0,0,1,0,2,1,0,2,83,110,84,36.4,20,97,0.4,8.6,8.9,264.0,,0.89,39.0,0.79,140.0,3.97,90.0,39.5,184.0,,38.5,33.0,37.8,0,1
P0373,70,Male,White,Private,Single,33.3,Former,Other,4,Combination,Palliative,1,1,0,1.9,2,0,0,1,0,0,0,1,0,0,0,3,2,0,0,90,136,76,36.5,17,96,1.4,8.6,9.4,227.0,,1.18,,0.45,140.0,,86.0,,268.0,6.92,41.5,39.9,33.5,0,1
P0374,70,Male,White,Private,Single,15.0,Never,Prostate,2,Combination,Curative,2,1,1,2.0,1,0,0,0,0,0,1,0,0,0,0,3,2,1,0,94,128,70,36.8,18,95,3.0,11.1,10.1,396.0,3.26,1.03,59.0,,142.0,,93.0,,380.0,3.46,39.9,33.7,27.6,1,1
P0375,67,Female,Asian,Private,Divorced,24.6,Never,Other,3,Combination,Palliative,2,1,0,9.3,0,0,0,0,0,0,1,1,1,1,0,4,3,0,0,80,139,88,37.1,20,96,1.3,10.0,10.5,251.0,3.09,1.21,41.0,,,4.05,104.0,,,,45.9,41.0,34.6,1,1
P0376,88,Female,White,Medicare,Married,26.7,Never,Lung,3,Chemo + targeted,Curative,0,0,1,2.3,1,1,1,0,0,0,1,1,1,0,1,8,1,1,0,60,147,78,37.2,21,96,6.0,7.8,10.4,,,1.29,34.0,,,4.02,,38.4,,,27.8,25.9,29.3,0,1
P0377,58,Female,White,Medicare,Single,23.4,Never,Breast,1,Combination,Palliative,0,0,0,6.4,1,0,0,0,0,0,0,0,0,0,1,3,0,0,0,78,142,64,36.8,19,98,4.4,11.7,9.5,,,0.76,36.0,1.05,136.0,3.54,94.0,,317.0,,56.0,51.8,52.0,0,0
P0378,36,Female,White,Medicare,Married,31.7,Former,Pancreatic,4,Combination,Palliative,1,0,0,4.4,0,0,0,1,0,0,0,1,0,0,1,4,1,1,0,72,109,76,36.7,20,96,6.8,7.6,5.3,360.0,4.03,0.67,,0.87,136.0,4.08,,23.0,222.0,,36.9,43.0,31.7,0,1
P0379,79,Female,Hispanic,Private,Married,33.6,Former,Ovarian,3,Single agent,Curative,1,0,0,2.8,2,1,1,1,0,1,0,0,1,0,0,5,0,0,0,102,110,70,36.4,23,93,7.8,,12.3,,2.58,0.81,,,135.0,,110.0,20.5,,,31.2,31.5,19.8,1,1
P0380,55,Female,Black,Private,Married,19.2,Never,Breast,3,Chemo + immunotherapy,Curative,2,0,1,12.9,0,0,1,0,0,0,1,0,0,1,0,5,2,2,0,80,155,83,36.2,16,97,0.0,,13.0,89.0,3.19,0.82,,0.91,,4.0,109.0,,231.0,,41.8,51.2,46.6,0,0
P0381,61,Male,Other,Private,Married,38.5,Never,Prostate,3,Combination,Curative,1,1,0,5.3,1,0,0,0,0,0,1,0,0,0,0,3,1,1,0,90,119,73,36.9,15,96,2.3,,,209.0,3.81,1.28,5.0,0.96,144.0,3.6,125.0,,,0.55,49.8,45.3,38.2,1,1
P0382,76,Male,Asian,Medicare,Widowed,19.2,Never,Lymphoma,4,Combination,Palliative,3,1,0,3.2,0,0,0,0,0,0,0,0,0,0,1,1,0,0,0,99,131,75,36.6,22,95,8.9,10.3,,254.0,,1.33,,1.08,138.0,3.96,,39.2,,2.4,30.9,28.6,16.4,1,1
P0383,41,Female,Asian,Private,Widowed,34.1,Never,Breast,4,Chemo + targeted,Palliative,2,0,1,1.1,1,0,0,0,0,0,1,0,0,1,0,2,0,0,0,74,136,52,36.7,20,96,10.1,11.9,13.4,278.0,3.65,,32.0,,142.0,4.27,105.0,,217.0,,40.2,41.4,25.4,1,1
P0384,45,Male,White,Medicare,Married,27.8,Current,Prostate,1,Chemo + targeted,Curative,2,1,0,8.1,1,0,1,0,0,0,1,0,0,0,1,4,3,0,0,82,121,85,36.6,21,95,6.2,13.1,,,3.75,0.96,,1.2,,3.74,113.0,,,,42.7,49.8,39.9,0,1
P0385,41,Male,Hispanic,Medicare,Divorced,24.2,Never,Lung,2,Combination,Curative,0,1,0,2.3,1,0,0,0,0,0,0,0,0,1,0,1,1,0,0,77,105,65,36.5,16,98,1.4,11.4,10.0,281.0,4.44,0.51,25.0,0.1,,4.37,107.0,24.6,201.0,,62.8,46.8,65.6,0,0
P0386,50,Female,White,Medicare,Married,24.7,Never,Breast,3,Combination,Curative,0,0,0,12.2,1,0,1,0,0,0,0,0,0,0,0,1,1,1,0,103,156,71,36.9,15,98,0.7,,12.7,327.0,,,51.0,,,,133.0,1.1,141.0,,46.2,46.9,36.2,1,1
P0387,65,Female,White,Private,Single,26.8,Never,Ovarian,4,Combination,Palliative,1,1,1,4.9,0,0,0,0,0,0,1,1,0,0,0,2,2,0,0,95,120,78,37.2,17,96,7.8,12.7,7.3,208.0,2.75,1.18,22.0,0.73,138.0,,89.0,,,,52.9,40.0,37.8,1,1
P0388,66,Female,Asian,Private,Widowed,28.1,Never,Colorectal,4,Chemo + immunotherapy,Palliative,2,1,1,24.4,1,0,1,0,0,0,0,1,1,0,0,4,1,1,0,75,157,77,36.3,23,96,5.4,12.4,12.7,285.0,,1.03,,,138.0,,117.0,45.1,,,46.3,34.8,32.7,1,1
P0389,63,Male,White,Medicare,Single,21.9,Never,Pancreatic,2,Combination,Curative,0,1,0,4.1,1,0,0,0,0,1,0,0,0,0,0,2,0,0,0,75,133,95,36.1,16,96,3.7,13.2,4.9,321.0,3.93,0.93,46.0,0.1,136.0,4.59,115.0,,274.0,,46.1,39.9,40.3,0,0
P0390,43,Male,White,Medicare,Married,25.7,Never,Lymphoma,4,Chemo + targeted,Palliative,0,1,0,2.2,0,0,0,0,0,0,1,0,0,1,0,2,0,0,0,75,136,61,36.6,17,95,6.4,7.7,5.4,383.0,3.48,1.2,32.0,0.19,137.0,,103.0,,222.0,,60.5,56.1,51.0,0,0
P0391,32,Male,White,Private,Married,22.8,Never,Other,2,Single agent,Palliative,0,0,0,5.4,0,0,0,0,0,0,0,0,0,1,0,2,1,0,0,71,132,70,36.5,19,95,0.0,12.5,5.0,331.0,3.18,,28.0,0.56,,3.86,,,,,47.9,43.3,51.7,0,0
P0392,61,Female,White,Medicaid,Married,20.3,Never,Colorectal,2,Combination,Curative,3,0,0,3.1,1,0,0,0,0,0,1,0,0,0,1,4,3,0,0,80,121,82,37.1,18,99,4.2,9.1,2.4,237.0,,1.01,38.0,,138.0,4.4,,,,,43.3,52.3,41.2,0,0
P0393,54,Female,Hispanic,Medicare,Widowed,22.5,Former,Colorectal,3,Combination,Curative,1,1,0,0.6,1,0,0,0,0,0,1,0,1,0,1,4,1,0,0,76,133,72,36.9,17,95,0.0,12.6,6.1,296.0,3.86,1.38,32.0,1.13,132.0,,,,191.0,,48.3,44.8,34.5,1,1
P0394,66,Female,White,Medicare,Single,20.7,Never,Lung,2,Combination,Curative,1,0,0,9.6,1,0,0,0,0,0,1,0,0,1,0,2,1,1,0,81,156,77,37.3,19,97,5.0,10.8,8.3,247.0,3.86,0.86,,1.03,135.0,3.61,106.0,,246.0,,54.3,43.6,50.6,0,0
P0395,68,Male,Hispanic,Private,Married,24.7,Never,Prostate,3,Chemo + targeted,Curative,0,0,0,6.5,1,0,0,0,1,1,1,0,0,0,1,5,0,0,0,81,147,97,37.0,17,97,9.2,10.1,7.6,221.0,3.46,0.78,13.0,,140.0,,,,,4.18,48.2,31.8,38.1,1,1
P0396,62,Female,White,Private,Married,29.4,Former,Colorectal,3,Chemo + targeted,Curative,2,0,0,2.6,0,0,0,0,0,0,1,1,0,1,0,3,1,0,0,93,143,77,36.7,19,95,5.2,10.3,4.6,302.0,2.72,0.66,,0.74,,3.9,,,,,44.6,45.2,37.5,0,1
P0397,69,Female,Black,Private,Widowed,27.7,Never,Lymphoma,4,Combination,Palliative,0,1,1,1.9,1,0,0,0,0,0,1,0,0,0,1,2,2,0,0,76,139,88,36.7,14,97,11.0,9.2,1.8,315.0,3.38,1.47,38.0,1.09,,,143.0,17.8,279.0,,35.5,41.0,26.8,0,1
P0398,63,Female,White,Private,Married,37.9,Current,Lung,4,Chemo + immunotherapy,Palliative,0,0,0,2.1,1,0,0,0,0,0,0,0,0,0,0,1,0,0,0,63,126,81,36.8,14,97,3.7,9.3,5.8,,,0.82,,0.21,139.0,3.57,,,134.0,,50.1,44.0,50.7,0,0
P0399,66,Female,Hispanic,Medicare,Single,15.0,Current,Breast,2,Combination,Curative,0,1,1,5.2,0,0,0,0,1,0,0,0,0,0,0,1,1,0,0,74,116,82,36.4,16,97,6.6,11.2,5.2,323.0,4.1,0.97,24.0,1.55,149.0,4.3,91.0,48.2,228.0,,55.3,42.2,51.5,0,0
P0400,52,Female,White,Medicare,Single,29.6,Never,Ovarian,3,Combination,Curative,1,1,0,18.0,0,0,0,0,0,0,1,0,0,0,1,2,1,1,0,77,147,74,36.8,21,96,0.0,10.8,13.8,254.0,3.58,,49.0,1.46,141.0,4.12,,,,,48.6,28.5,50.6,0,0
P0401,58,Female,White,Medicaid,Married,27.0,Never,Ovarian,4,Single agent,Palliative,1,0,0,4.4,1,0,0,0,0,1,1,0,0,1,1,5,1,0,1,96,118,63,37.1,17,97,4.0,13.6,8.0,258.0,3.37,,17.0,0.48,135.0,4.52,103.0,,184.0,,55.5,38.7,56.6,0,0
P0402,62,Female,White,Medicaid,Married,31.5,Former,Lung,2,Combination,Palliative,2,0,1,1.0,2,0,0,1,0,0,1,0,0,1,0,2,2,0,0,90,120,85,36.5,19,96,0.0,11.8,,,,1.07,6.0,1.35,139.0,,96.0,,261.0,,43.9,44.6,36.4,0,1
P0403,70,Male,White,Private,Married,30.9,Never,Lymphoma,4,Chemo + immunotherapy,Palliative,2,1,0,2.3,0,0,1,0,0,0,0,0,0,0,1,3,5,1,0,98,133,83,36.6,19,94,6.8,9.3,7.0,310.0,3.67,1.18,39.0,,,3.49,144.0,,,,32.8,49.0,29.5,0,1
P0404,55,Female,White,Private,Married,26.1,Never,Colorectal,3,Single agent,Curative,0,1,0,5.7,2,0,0,0,0,0,0,0,0,0,1,3,0,0,0,88,105,80,36.9,16,99,1.0,11.4,10.4,185.0,4.04,0.96,41.0,,,4.75,,,,,55.8,50.1,55.5,0,0
P0405,66,Female,Asian,Medicare,Single,27.9,Former,Pancreatic,2,Chemo + immunotherapy,Curative,1,1,0,2.7,0,0,0,0,0,0,1,0,0,1,1,3,0,0,0,64,123,75,37.1,15,97,5.3,6.5,,411.0,2.9,1.38,47.0,0.86,,4.06,,,226.0,,32.4,48.1,27.0,0,1
P0406,57,Female,Other,Self-pay,Divorced,22.9,Never,Colorectal,4,Combination,Palliative,1,1,1,1.6,1,0,1,0,0,0,0,0,1,1,0,3,1,1,0,74,118,73,36.5,19,93,3.8,9.9,6.2,,4.08,,37.0,0.52,141.0,,89.0,19.8,,,50.4,39.8,30.7,1,1
P0407,59,Male,Asian,Medicaid,Married,30.4,Former,Colorectal,3,Chemo + targeted,Curative,0,0,1,4.5,1,0,1,1,1,0,1,0,1,1,0,7,1,1,0,71,109,88,36.8,21,94,9.1,9.8,9.8,290.0,3.12,1.22,22.0,1.12,,,131.0,23.6,,2.34,29.9,31.3,10.0,1,1
P0408,70,Female,White,Private,Married,16.7,Former,Breast,2,Single agent,Curative,1,1,0,2.3,3,0,0,0,1,1,0,0,0,1,0,4,0,0,3,97,112,80,36.7,18,100,4.4,9.9,7.7,270.0,,1.55,36.0,1.2,140.0,3.91,155.0,5.4,158.0,,45.0,18.0,35.6,0,1
P0409,36,Female,White,Private,Married,31.3,Former,Breast,2,Combination,Palliative,0,1,1,5.9,0,1,0,1,0,0,0,1,0,0,0,3,0,0,0,89,119,59,36.6,17,96,4.0,10.3,7.2,259.0,4.09,0.58,35.0,0.28,,,164.0,44.8,287.0,,39.0,42.2,48.4,0,0
P0410,44,Male,Hispanic,Private,Married,26.9,Former,Pancreatic,4,Chemo + immunotherapy,Palliative,2,1,0,6.1,1,0,0,0,0,0,1,0,0,0,0,3,1,1,1,90,136,74,36.1,22,95,7.1,6.5,4.5,393.0,3.44,0.81,,0.96,,4.81,114.0,,287.0,5.66,30.1,45.1,22.3,0,1
P0411,42,Female,Hispanic,Medicare,Divorced,24.3,Former,Lung,4,Combination,Palliative,1,1,0,7.5,0,0,0,0,0,0,1,1,0,1,0,4,0,0,0,74,120,72,36.5,16,98,5.1,9.2,13.4,,3.97,0.98,22.0,0.41,143.0,3.96,84.0,22.4,299.0,,51.9,32.3,45.1,0,0
P0412,32,Female,White,Medicare,Divorced,25.7,Never,Breast,2,Combination,Palliative,0,0,0,8.4,0,0,0,0,0,0,1,0,0,1,0,2,1,0,0,71,103,52,36.3,18,94,0.0,11.0,8.5,281.0,,1.04,9.0,0.73,137.0,3.35,104.0,34.3,80.0,,53.8,51.5,58.0,0,0
P0413,52,Female,Other,Medicare,Divorced,26.1,Current,Breast,1,Chemo + targeted,Curative,2,1,1,2.6,0,1,0,0,0,0,0,0,0,0,0,3,0,0,0,73,115,69,36.7,13,97,0.4,,5.1,,3.06,1.03,,,141.0,3.99,,,301.0,,43.0,49.3,43.3,0,0
P0414,69,Female,White,Medicare,Married,34.1,Current,Colorectal,1,Chemo + targeted,Curative,0,1,0,9.5,3,0,1,0,1,0,0,0,0,0,0,2,0,0,0,87,137,100,36.6,16,96,6.1,,,303.0,3.18,,33.0,,135.0,3.8,64.0,10.0,115.0,,56.7,39.2,56.6,0,0
P0415,57,Female,Black,Private,Single,44.8,Former,Lymphoma,3,Single agent,Palliative,2,0,0,3.8,2,0,1,1,0,0,0,0,0,0,1,4,0,0,0,82,145,59,36.3,22,95,2.3,10.7,7.2,203.0,3.4,1.41,7.0,,,3.08,62.0,,232.0,,48.2,49.3,39.5,0,1
P0416,62,Male,Other,Medicare,Married,33.7,Former,Lung,2,Chemo + targeted,Curative,1,1,0,0.8,1,0,0,0,0,0,0,1,0,1,0,3,2,0,0,90,141,67,36.6,18,94,5.2,,12.4,,,,60.0,0.86,136.0,4.42,,,,4.95,40.0,37.5,41.1,0,0
P0417,73,Male,Asian,Private,Widowed,23.9,Former,Pancreatic,3,Chemo + targeted,Curative,1,0,0,8.7,0,0,0,0,0,1,0,0,0,1,0,2,0,0,1,89,134,58,37.3,14,95,8.5,10.8,8.0,,3.39,0.94,10.0,0.63,135.0,4.65,153.0,,151.0,,30.6,45.2,21.8,0,1
P0418,76,Female,White,Medicare,Single,30.5,Never,Ovarian,2,Chemo + targeted,Curative,0,1,0,12.8,1,0,0,0,0,0,1,0,0,0,1,4,0,0,0,87,153,65,36.5,15,93,0.0,11.0,7.6,,3.76,1.47,18.0,,,,103.0,,219.0,,57.4,40.7,52.9,0,0
P0419,59,Female,Asian,Medicare,Widowed,30.7,Former,Lung,3,Combination,Curative,1,1,0,4.3,0,0,0,1,0,0,0,1,0,0,1,4,1,1,0,87,119,61,36.6,20,94,1.7,12.1,6.6,,3.5,0.94,,,134.0,,100.0,,,,52.5,51.7,56.3,0,0
P0420,76,Female,White,Medicare,Married,21.9,Never,Pancreatic,3,Combination,Palliative,2,0,0,9.8,0,0,0,0,0,1,1,1,0,0,0,4,1,1,0,94,115,68,36.6,21,96,1.0,13.5,9.8,282.0,4.15,0.99,36.0,,,3.91,130.0,37.3,207.0,,30.2,20.4,22.7,0,1
P0421,61,Female,Black,Private,Married,20.1,Never,Breast,3,Chemo + immunotherapy,Curative,2,0,0,4.5,1,0,0,0,0,0,0,0,0,0,1,2,2,1,0,93,123,90,36.5,19,97,4.8,7.4,,,2.61,0.7,20.0,,135.0,3.98,151.0,30.5,205.0,,27.2,44.0,23.6,0,1
P0422,50,Male,White,Medicare,Divorced,26.7,Never,Colorectal,2,Combination,Curative,0,1,0,3.1,0,0,0,0,0,1,0,0,1,0,1,2,0,0,2,77,141,82,36.2,20,100,7.2,8.8,11.8,152.0,3.56,1.14,16.0,0.46,135.0,,94.0,,80.0,1.24,48.4,37.2,47.0,0,0
P0423,53,Female,Asian,Medicare,Married,31.4,Former,Breast,3,Combination,Curative,0,0,1,4.6,0,0,0,0,0,0,0,0,0,0,0,2,2,1,0,87,134,73,37.2,19,95,4.0,,9.2,305.0,2.96,1.64,29.0,0.73,138.0,3.18,119.0,25.9,281.0,,39.4,46.0,25.1,1,1
P0424,42,Female,Hispanic,Private,Single,18.1,Former,Breast,3,Chemo + immunotherapy,Curative,0,0,1,5.0,0,0,1,0,0,0,0,0,0,1,0,2,0,0,0,80,139,90,36.2,15,98,5.9,13.2,14.2,286.0,4.54,1.5,26.0,0.11,143.0,4.19,113.0,17.0,205.0,,59.9,39.9,62.4,0,0
P0425,49,Female,White,Private,Married,23.0,Never,Breast,3,Combination,Curative,2,1,1,5.7,0,0,0,0,0,0,0,0,0,1,1,2,1,1,0,78,122,71,36.2,19,96,4.1,9.4,7.6,168.0,3.21,0.9,,1.49,140.0,4.63,136.0,,,,44.6,42.6,39.0,0,1
P0426,56,Female,White,Medicare,Widowed,30.1,Never,Breast,1,Combination,Palliative,1,0,0,3.9,4,0,1,0,0,0,1,0,0,1,0,4,2,0,0,80,130,70,36.9,19,96,1.1,14.2,5.6,267.0,4.58,0.83,12.0,0.28,,3.56,111.0,,311.0,,56.5,53.5,47.8,0,0
P0427,70,Female,Asian,Private,Married,27.2,Never,Ovarian,2,Chemo + targeted,Curative,1,1,0,8.5,0,0,0,0,0,0,0,0,0,0,0,0,3,0,0,90,127,74,36.1,17,97,1.1,9.8,5.9,,,1.02,30.0,1.2,136.0,4.57,,4.2,267.0,,39.9,44.4,35.7,0,1
P0428,81,Male,White,Private,Widowed,34.8,Never,Prostate,3,Chemo + targeted,Palliative,0,0,0,7.2,2,0,1,0,0,0,0,0,0,1,0,3,1,1,0,86,124,67,36.9,16,96,8.2,,,233.0,,1.45,,0.5,140.0,4.87,112.0,,234.0,,45.0,40.4,43.3,0,0
P0429,43,Male,White,Private,Married,19.2,Never,Other,2,Chemo + immunotherapy,Curative,1,0,0,2.1,0,0,0,0,0,0,0,0,0,0,0,2,0,0,0,90,122,59,37.0,14,99,5.5,12.4,5.7,326.0,3.9,1.07,34.0,,140.0,3.89,122.0,,266.0,1.37,46.2,56.1,42.2,0,0
P0430,65,Male,White,Private,Married,39.9,Former,Colorectal,3,Chemo + targeted,Curative,2,0,0,3.3,1,1,0,0,0,0,0,0,1,0,0,3,1,1,0,88,125,82,36.5,20,95,6.1,11.5,13.6,224.0,3.37,1.43,29.0,,135.0,,,,325.0,,35.3,37.8,29.7,0,1
P0431,48,Male,White,Medicare,Married,18.5,Never,Prostate,2,Combination,Curative,1,1,0,8.2,0,0,0,0,0,0,1,0,0,0,1,3,0,0,0,94,116,77,36.7,17,95,4.6,,,256.0,2.99,1.27,,0.68,141.0,,96.0,,,,43.0,49.4,38.8,0,1
P0432,66,Female,Asian,Medicare,Married,15.8,Never,Breast,2,Combination,Curative,2,1,0,4.4,1,0,0,0,0,0,1,0,0,0,1,3,1,0,0,93,137,66,36.7,20,96,4.3,11.0,,221.0,2.65,,42.0,1.03,136.0,,83.0,27.3,,,34.7,28.8,23.1,1,1
P0433,58,Male,Asian,Private,Widowed,26.7,Never,Prostate,3,Single agent,Palliative,0,0,1,2.7,0,0,0,0,0,0,0,0,0,0,0,2,1,0,0,75,128,80,36.5,19,95,0.0,,,290.0,3.21,1.34,,0.64,137.0,5.23,,,267.0,,39.7,40.7,37.9,0,1
P0434,38,Male,White,Medicare,Widowed,20.8,Never,Lung,2,Chemo + immunotherapy,Curative,1,0,0,4.3,0,0,0,0,0,0,0,0,0,1,0,3,0,0,0,78,139,78,36.5,18,96,3.8,8.7,8.1,289.0,3.9,0.84,31.0,,,3.79,133.0,,,,35.0,37.8,38.2,0,1
P0435,71,Male,White,Private,Widowed,26.8,Former,Other,2,Single agent,Curative,0,1,1,1.3,1,0,0,0,0,1,0,1,1,1,1,4,2,0,1,74,118,72,36.7,18,98,0.6,,1.9,183.0,,1.12,,0.76,134.0,,117.0,,,,39.8,33.1,46.2,0,0
P0436,53,Female,White,Private,Widowed,26.6,Never,Other,4,Combination,Palliative,2,1,0,11.7,3,0,0,0,0,1,1,0,0,1,0,4,1,1,0,73,119,68,36.6,16,96,4.0,,9.7,257.0,3.77,0.98,25.0,1.25,,4.04,,,213.0,,34.3,50.6,30.1,0,1
P0437,54,Female,White,Private,Single,25.9,Never,Breast,3,Combination,Palliative,1,0,1,5.1,0,0,1,0,0,0,1,0,1,0,0,3,1,0,0,107,103,84,36.9,18,97,0.0,12.4,6.5,248.0,3.3,1.29,6.0,0.76,138.0,,131.0,,,,50.5,52.2,45.6,0,0
P0438,47,Male,Asian,Medicare,Married,22.4,Former,Prostate,4,Single agent,Palliative,3,0,0,3.1,1,0,0,0,0,0,1,0,0,0,0,2,3,1,0,99,109,78,36.7,20,96,3.5,8.5,,278.0,3.38,1.21,36.0,0.48,,4.12,99.0,30.2,,,40.0,42.7,34.9,0,1
P0439,52,Male,White,Medicaid,Divorced,29.4,Never,Prostate,2,Combination,Curative,1,1,0,1.2,0,0,0,0,0,0,1,0,0,0,0,1,0,0,0,94,133,89,36.8,22,97,1.0,11.5,10.6,336.0,3.47,1.22,37.0,,,3.38,,28.6,279.0,,47.6,42.2,51.2,0,0
P0440,65,Male,White,Medicare,Married,25.3,Former,Prostate,4,Combination,Palliative,1,1,0,15.6,2,0,0,0,0,0,1,1,0,1,1,6,2,2,0,88,140,80,36.6,17,95,5.0,10.3,10.9,211.0,,1.21,39.0,,,3.55,,33.6,320.0,1.44,37.2,31.5,30.2,0,1
P0441,58,Female,Hispanic,Private,Divorced,33.1,Current,Breast,4,Single agent,Palliative,1,1,0,1.1,1,0,0,0,1,0,1,1,0,1,1,7,1,1,0,75,136,62,36.9,15,98,5.3,11.8,,234.0,3.92,0.56,23.0,0.47,137.0,4.52,55.0,0.2,,,46.3,38.0,35.7,1,1
P0442,64,Male,White,Private,Married,26.0,Former,Lymphoma,1,Chemo + immunotherapy,Curative,0,1,1,6.7,0,0,0,0,0,0,1,0,0,0,1,3,0,0,0,69,146,64,37.0,15,95,3.8,11.5,8.9,350.0,4.28,1.16,,1.5,,4.75,104.0,4.0,301.0,7.26,48.9,51.7,63.9,0,0
P0443,64,Male,Asian,Private,Single,21.7,Current,Pancreatic,3,Chemo + immunotherapy,Curative,1,1,0,3.9,0,0,0,0,0,0,1,0,0,1,0,4,0,0,0,80,135,75,36.1,18,95,0.7,,13.8,326.0,,,18.0,0.21,138.0,3.53,137.0,,164.0,,39.6,41.7,35.3,0,1
P0444,76,Female,White,Medicare,Married,17.7,Never,Lung,3,Single agent,Curative,2,1,1,4.3,1,0,0,1,0,0,0,0,0,0,0,0,1,0,0,76,132,84,36.8,21,95,0.0,,6.3,206.0,3.21,,34.0,0.5,140.0,4.67,120.0,,,,42.4,39.8,34.6,0,1
P0445,56,Female,White,Private,Married,26.1,Never,Colorectal,3,Chemo + immunotherapy,Curative,2,1,0,4.7,0,0,0,0,0,1,0,0,0,0,0,1,0,0,2,91,135,78,36.5,20,97,0.8,10.6,6.2,269.0,3.5,1.43,47.0,1.2,140.0,3.06,137.0,,,,32.1,18.1,19.6,1,1
P0446,42,Female,White,Self-pay,Married,20.0,Never,Breast,2,Combination,Curative,0,1,1,3.2,0,0,0,0,0,0,0,0,0,0,0,1,0,0,0,77,111,69,36.6,19,98,3.8,11.9,7.2,267.0,4.3,0.77,5.0,0.3,145.0,4.36,134.0,,90.0,,61.4,51.7,70.0,0,0
P0447,73,Male,Black,Medicare,Married,19.6,Never,Other,4,Single agent,Palliative,1,0,0,5.0,1,0,1,0,0,0,0,1,1,0,0,4,2,1,0,95,111,66,36.8,20,96,12.7,,,353.0,,0.76,,1.17,136.0,3.91,95.0,,,4.24,34.7,56.9,41.3,0,0
P0448,56,Female,Hispanic,Medicare,Married,29.9,Never,Breast,3,Combination,Curative,1,1,0,5.6,1,0,0,0,0,0,0,0,0,0,0,1,1,0,0,81,120,87,36.7,14,95,0.3,9.9,9.5,275.0,3.88,0.78,5.0,,,,109.0,,,,54.2,53.4,52.3,0,0
P0449,73,Female,White,Medicare,Married,17.2,Never,Breast,4,Chemo + targeted,Palliative,1,0,1,7.8,1,0,0,0,0,1,0,0,0,1,0,1,0,0,2,65,127,89,36.6,18,96,0.8,,9.8,297.0,3.44,1.27,57.0,,133.0,,,46.6,274.0,,50.8,36.1,47.2,0,0
P0450,65,Female,White,Private,Married,34.8,Never,Lung,4,Chemo + targeted,Palliative,2,1,0,7.2,2,0,0,0,0,0,1,1,0,0,0,4,2,0,1,84,130,65,36.9,15,96,10.1,10.6,9.8,,3.89,,17.0,,136.0,,,39.3,117.0,,45.2,41.5,32.7,1,1
P0451,58,Female,White,Medicare,Single,27.9,Never,Ovarian,4,Combination,Palliative,2,1,0,2.1,0,0,0,0,0,0,1,1,1,0,0,3,0,0,0,87,115,81,36.8,18,96,3.5,9.9,,280.0,,1.43,,0.69,141.0,3.96,136.0,,,,38.7,37.2,37.7,0,1
P0452,64,Male,Asian,Private,Married,26.8,Former,Lymphoma,4,Chemo + targeted,Palliative,2,1,0,2.5,0,1,0,0,0,0,1,1,0,0,0,5,0,0,0,88,120,78,36.5,18,94,5.5,10.2,14.6,176.0,3.48,1.42,,0.64,139.0,3.72,,57.3,,3.89,31.5,51.7,26.2,0,1
P0453,83,Female,Asian,Medicare,Divorced,21.3,Never,Breast,3,Chemo + targeted,Curative,2,0,0,9.5,2,0,0,0,0,1,0,0,1,1,0,3,1,1,2,82,145,84,37.0,20,94,7.1,,13.6,,,,,0.57,137.0,,,42.6,415.0,,29.3,37.2,22.3,0,1
P0454,85,Female,Asian,Medicare,Married,31.2,Never,Breast,4,Chemo + targeted,Palliative,1,1,1,3.5,1,0,1,0,0,0,0,0,0,0,0,2,1,1,1,82,120,93,37.0,20,95,4.6,,10.7,383.0,,1.39,,,144.0,4.37,,37.9,391.0,,39.6,40.0,31.4,0,1
P0455,61,Male,Hispanic,Private,Single,27.0,Never,Pancreatic,3,Combination,Curative,1,0,0,6.4,2,0,0,0,0,0,1,0,0,0,1,3,1,0,0,78,126,88,36.7,17,97,4.2,9.0,,,3.7,0.76,,1.03,134.0,,128.0,,239.0,,31.1,34.4,11.8,1,1
P0456,62,Male,White,Medicare,Married,23.2,Former,Colorectal,1,Chemo + targeted,Palliative,0,0,1,10.9,1,0,1,0,1,0,0,0,0,1,1,5,0,0,0,65,122,82,36.5,16,100,3.4,10.9,8.1,,3.62,0.96,45.0,,141.0,4.29,83.0,33.3,194.0,12.25,59.4,52.1,54.3,0,0
P0457,73,Female,Asian,Private,Married,28.1,Never,Breast,3,Combination,Palliative,1,1,1,5.2,1,0,1,0,0,0,1,0,0,0,0,3,1,0,0,81,110,77,36.5,18,95,2.2,10.2,4.8,247.0,3.58,1.16,34.0,,137.0,4.46,124.0,,313.0,,47.0,48.7,42.2,0,0
P0458,50,Female,Asian,Private,Single,17.7,Former,Other,1,Single agent,Curative,1,0,1,2.0,0,0,0,0,0,0,0,0,0,1,0,1,1,0,0,90,118,73,37.2,19,96,0.0,12.9,11.0,219.0,2.62,0.82,,,143.0,3.8,161.0,,,,45.0,47.8,42.5,0,0
P0459,64,Female,White,Medicare,Single,18.0,Never,Breast,4,Chemo + targeted,Palliative,2,1,0,2.1,0,0,0,0,0,0,1,1,0,0,1,5,2,0,0,76,116,75,36.6,19,95,0.9,12.5,4.7,205.0,3.53,1.19,45.0,,137.0,3.86,155.0,29.8,,,54.2,50.4,63.5,0,0
P0460,60,Female,Hispanic,Medicare,Married,20.8,Never,Colorectal,3,Combination,Curative,2,1,0,3.9,2,1,0,0,0,0,0,0,0,0,1,3,0,0,0,69,121,98,36.7,17,96,3.5,10.9,14.2,,4.07,1.37,33.0,,141.0,5.29,78.0,,,,42.0,43.3,41.1,0,0
P0461,64,Female,White,Medicaid,Married,28.9,Current,Lung,3,Chemo + targeted,Curative,1,1,1,3.9,1,1,0,0,0,0,1,1,0,1,0,5,0,0,0,90,129,77,36.8,17,96,1.2,10.3,4.8,,3.73,0.66,22.0,,138.0,,,,222.0,,51.2,36.0,45.2,0,0
P0462,50,Female,Asian,Medicare,Married,27.0,Never,Lymphoma,2,Chemo + targeted,Palliative,0,1,0,1.8,1,0,0,0,0,0,0,1,0,0,0,3,0,0,0,92,93,81,35.9,15,98,3.7,11.4,11.6,272.0,4.08,0.42,8.0,0.1,146.0,3.23,,,173.0,,59.0,51.0,59.6,0,0
P0463,41,Female,Asian,Medicare,Married,32.8,Never,Pancreatic,3,Combination,Curative,0,0,0,2.4,0,0,0,0,0,0,1,1,0,1,0,3,0,0,0,71,136,77,36.4,14,94,0.0,11.8,12.4,407.0,3.99,0.92,,0.97,140.0,3.88,88.0,0.2,104.0,,53.2,48.2,53.4,0,0
P0464,35,Male,Hispanic,Private,Married,21.9,Never,Colorectal,2,Single agent,Curative,1,1,1,7.3,1,0,0,0,0,0,0,1,0,0,0,2,1,1,0,73,161,66,37.4,14,96,9.5,10.6,4.7,,3.34,,47.0,,138.0,3.98,150.0,,264.0,0.79,34.5,33.1,39.1,0,1
P0465,47,Male,White,Private,Single,30.2,Never,Lymphoma,3,Chemo + targeted,Curative,2,0,0,9.6,0,0,0,0,0,0,1,1,0,1,1,4,5,0,0,78,110,79,35.9,16,97,2.8,9.0,3.8,204.0,,0.97,39.0,0.57,140.0,4.5,131.0,,157.0,3.72,51.2,35.5,43.9,0,0
P0466,54,Male,White,Self-pay,Married,26.4,Never,Other,3,Chemo + targeted,Curative,1,1,1,3.6,1,0,0,0,0,0,0,0,1,0,1,2,0,0,0,79,117,70,36.3,18,98,1.3,11.7,8.7,302.0,4.31,0.52,38.0,0.83,141.0,3.92,119.0,33.1,354.0,,50.9,49.4,45.7,0,0
P0467,56,Female,Hispanic,Private,Divorced,21.8,Never,Pancreatic,3,Chemo + targeted,Curative,0,1,0,0.2,2,0,0,0,0,0,1,0,0,0,0,2,1,1,0,77,114,68,36.6,20,97,3.2,9.2,12.7,343.0,3.91,1.21,34.0,0.95,143.0,4.48,84.0,16.5,,,47.3,36.3,37.7,0,1
P0468,83,Female,Black,Medicare,Married,29.1,Never,Colorectal,2,Combination,Curative,2,1,1,6.9,3,0,1,0,0,0,1,0,0,0,0,3,0,0,0,69,122,85,36.4,20,96,4.7,,,149.0,3.52,1.24,26.0,0.41,142.0,,142.0,,,,35.5,27.6,19.8,1,1
P0469,73,Female,White,Private,Married,26.6,Current,Colorectal,3,Combination,Palliative,1,1,1,0.9,2,1,0,0,0,0,0,1,0,0,0,2,2,0,0,94,159,67,36.5,21,98,0.0,13.0,6.7,370.0,,1.3,49.0,,132.0,4.31,135.0,,,,43.3,47.7,34.8,0,1
P0470,48,Female,Black,Private,Married,23.5,Never,Ovarian,3,Combination,Curative,1,1,0,1.4,1,0,0,0,0,0,1,0,0,0,1,2,1,1,0,84,119,82,36.4,19,98,3.6,10.5,12.7,203.0,,1.69,23.0,,138.0,,,,343.0,,50.6,53.7,52.1,0,0
P0471,64,Female,White,Medicare,Married,27.2,Never,Breast,4,Chemo + targeted,Palliative,0,1,0,4.2,1,0,0,0,0,0,1,0,0,0,0,2,0,0,0,96,138,81,36.6,18,96,9.3,11.4,14.5,377.0,,0.66,31.0,0.22,,3.86,,12.6,245.0,,37.6,49.7,40.8,0,0
P0472,55,Female,Asian,Medicare,Married,26.3,Former,Breast,4,Combination,Palliative,1,1,1,11.3,0,0,0,0,0,1,1,1,0,0,0,3,1,1,1,87,142,86,36.8,14,95,8.9,,6.7,,3.17,,,,140.0,,164.0,0.2,,,31.0,39.8,29.9,0,1
P0473,57,Female,Hispanic,Medicare,Divorced,26.2,Never,Breast,4,Chemo + targeted,Palliative,2,0,1,8.1,3,0,1,0,0,0,0,0,0,0,1,2,1,1,0,99,144,82,36.8,23,96,0.0,11.3,,288.0,2.42,,53.0,1.28,,,,,183.0,,33.0,31.7,15.9,1,1
P0474,62,Female,White,Medicaid,Divorced,24.7,Current,Ovarian,2,Combination,Palliative,1,0,0,7.5,0,0,0,0,0,0,0,0,0,0,0,0,0,0,0,77,143,69,36.5,16,98,3.3,11.1,9.6,195.0,3.13,1.1,5.0,0.78,145.0,,68.0,31.4,116.0,,53.2,47.3,55.0,0,0
P0475,67,Female,White,Private,Married,19.8,Never,Breast,1,Single agent,Curative,0,1,1,4.3,3,0,0,0,0,0,1,0,0,0,0,3,0,0,0,76,111,86,37.0,17,96,5.3,,7.7,347.0,3.6,,44.0,0.64,136.0,4.21,,19.4,,,37.3,43.1,35.6,0,1
P0476,56,Female,Other,Medicare,Married,27.4,Former,Lung,4,Combination,Palliative,1,0,0,1.6,0,0,1,1,0,0,1,0,0,0,1,5,0,0,0,78,141,87,36.7,23,93,9.1,9.4,6.2,305.0,,0.67,25.0,0.36,,4.17,145.0,23.4,,,47.0,45.9,36.5,1,1
P0477,73,Male,Black,Private,Divorced,22.6,Current,Prostate,4,Combination,Palliative,1,0,0,10.2,1,0,1,0,1,1,0,1,0,0,1,6,1,0,1,101,128,86,37.0,18,98,1.8,9.5,5.6,218.0,2.92,1.56,38.0,,,,,17.5,,5.22,33.9,36.6,18.6,1,1
P0478,46,Female,Hispanic,Medicare,Married,21.4,Never,Breast,2,Combination,Curative,2,1,1,1.7,0,0,0,0,0,0,0,1,0,1,0,4,2,0,0,81,146,80,36.8,23,97,11.0,,3.6,,,1.61,5.0,0.68,140.0,4.21,,8.1,236.0,,42.2,31.9,29.9,1,1
P0479,60,Female,White,Private,Married,25.7,Former,Lung,3,Combination,Curative,2,1,0,6.3,0,0,0,0,0,0,1,0,0,1,0,2,0,0,0,97,115,64,36.6,16,99,4.0,11.6,10.8,187.0,3.5,,19.0,1.06,135.0,2.8,,,,,41.1,40.0,28.7,1,1
P0480,90,Female,Other,Medicare,Divorced,31.0,Former,Colorectal,3,Chemo + targeted,Palliative,1,0,1,5.5,2,1,0,0,0,0,1,0,0,0,1,5,0,0,0,79,119,86,36.6,21,95,2.4,9.3,7.4,,,0.89,49.0,,142.0,4.17,171.0,25.1,196.0,,37.0,41.8,25.1,1,1
P0481,63,Male,White,Private,Married,28.0,Former,Lung,2,Combination,Curative,0,0,1,1.5,1,0,0,1,1,0,0,0,0,0,0,2,0,0,0,63,127,66,36.8,17,96,0.0,13.7,12.1,265.0,4.66,0.88,45.0,0.53,,3.46,154.0,17.9,188.0,,52.7,47.5,50.7,0,0
P0482,77,Female,White,Medicare,Married,24.1,Never,Other,4,Chemo + targeted,Palliative,1,0,0,0.9,5,0,1,0,0,0,1,1,0,1,0,4,0,0,0,92,143,75,37.1,19,96,5.4,11.6,,,2.15,1.52,30.0,0.61,,,146.0,,340.0,,35.6,44.0,28.5,0,1
P0483,61,Female,White,Medicare,Married,23.9,Never,Breast,4,Combination,Palliative,1,0,0,7.5,2,1,0,0,0,0,1,1,0,1,0,4,1,1,0,78,101,69,36.7,17,96,5.7,9.0,,366.0,4.15,1.07,58.0,0.65,138.0,4.45,,,,,32.5,43.3,31.5,0,1
P0484,67,Female,Black,Medicaid,Single,30.5,Never,Ovarian,4,Combination,Palliative,1,0,1,4.9,1,0,1,0,0,0,1,0,0,0,0,3,0,0,0,85,125,66,36.8,17,95,0.7,10.2,12.6,237.0,,0.86,31.0,,,4.34,109.0,12.3,186.0,,40.3,55.4,41.2,0,0
P0485,59,Female,Hispanic,Private,Married,15.0,Current,Colorectal,2,Chemo + targeted,Curative,0,1,0,10.1,1,0,1,0,0,0,0,0,0,1,0,2,0,0,0,81,113,79,36.9,20,97,4.6,11.6,7.8,212.0,4.04,,34.0,0.2,145.0,,103.0,9.6,,,59.3,52.8,55.8,0,0
P0486,58,Female,Asian,Self-pay,Single,31.4,Never,Breast,3,Combination,Curative,0,0,0,6.1,1,0,1,0,0,0,0,1,0,0,1,3,1,1,0,80,141,78,36.2,18,96,3.6,10.8,6.1,252.0,3.75,0.58,,0.71,,4.36,99.0,16.5,,,53.3,57.8,49.2,0,0
P0487,51,Female,Asian,Private,Married,16.7,Never,Breast,4,Combination,Palliative,1,1,0,5.5,0,0,0,0,0,0,1,1,0,1,1,6,3,1,0,96,115,86,36.3,18,97,2.6,10.9,,312.0,4.03,0.43,,0.54,134.0,,115.0,0.2,,,59.3,43.9,60.0,0,0
P0488,65,Male,White,Private,Married,19.2,Current,Colorectal,3,Combination,Palliative,1,1,0,0.6,1,0,0,0,0,0,1,0,0,1,0,2,3,0,0,86,143,86,36.8,15,96,2.0,9.7,7.2,,,1.79,,,136.0,,104.0,,138.0,,40.5,52.7,28.2,1,1
P0489,50,Female,White,Private,Married,24.2,Never,Lung,3,Single agent,Curative,3,0,0,5.4,1,1,0,0,0,0,1,1,0,1,0,6,2,0,0,85,113,76,36.4,15,94,5.0,10.0,9.3,,3.7,1.02,5.0,0.77,134.0,,110.0,28.1,,,36.4,50.1,18.1,1,1
P0490,68,Female,White,Private,Divorced,38.9,Former,Lung,3,Chemo + immunotherapy,Curative,1,1,0,4.5,0,0,0,1,0,0,1,1,0,1,0,4,1,0,0,80,133,83,36.6,18,94,10.4,15.2,,261.0,,1.35,,0.4,133.0,,,,,,33.1,39.0,25.1,0,1
P0491,73,Male,White,Medicare,Married,36.2,Never,Other,1,Combination,Curative,0,0,1,6.1,2,1,0,1,0,0,0,1,0,0,0,2,0,0,0,88,111,76,36.7,19,94,1.6,9.1,8.8,,,1.0,38.0,1.37,139.0,3.58,111.0,0.2,,2.4,44.5,40.5,43.6,0,0
P0492,64,Male,White,Private,Single,30.9,Former,Colorectal,3,Combination,Curative,0,1,0,4.5,2,0,0,0,0,0,1,0,0,1,0,2,0,0,0,91,126,76,37.4,19,96,0.9,,,237.0,3.4,1.25,34.0,0.98,134.0,,,,224.0,2.7,41.9,37.3,37.7,0,1
P0493,57,Female,Hispanic,Private,Married,29.0,Never,Other,4,Chemo + targeted,Palliative,1,1,0,4.4,1,0,0,0,0,1,0,1,0,0,0,3,1,0,1,76,110,77,36.6,18,97,1.8,13.0,9.1,94.0,2.85,1.01,,0.79,138.0,,118.0,0.4,247.0,,54.8,31.0,36.0,1,1
P0494,65,Female,Asian,Medicare,Married,16.8,Never,Breast,1,Combination,Curative,0,1,0,4.2,4,0,0,0,0,0,0,1,0,1,0,4,0,0,0,91,149,75,36.1,20,97,1.5,11.1,8.9,291.0,3.39,0.6,,0.3,,4.15,130.0,,,,47.6,38.3,44.5,0,0
P0495,56,Female,Black,Medicare,Married,27.9,Never,Breast,2,Chemo + immunotherapy,Palliative,2,0,1,2.8,3,0,0,0,0,0,1,0,0,0,0,1,1,1,0,82,140,77,36.8,22,97,0.0,9.6,7.4,190.0,3.28,0.94,29.0,0.74,142.0,,201.0,36.5,,,45.6,45.5,42.6,0,0
P0496,71,Male,White,Medicare,Married,24.0,Never,Prostate,3,Combination,Curative,1,0,0,7.4,0,0,0,0,0,0,1,0,0,1,0,4,0,0,0,83,132,82,37.0,17,97,2.9,13.6,4.6,315.0,3.79,,21.0,,135.0,3.85,142.0,37.8,161.0,,58.5,59.4,70.0,0,0
P0497,38,Female,White,Medicare,Married,22.5,Never,Lung,3,Combination,Palliative,0,0,0,23.4,0,0,1,0,0,0,1,0,0,1,0,5,0,0,0,66,137,66,36.9,15,100,0.0,9.7,5.8,417.0,4.29,1.08,24.0,0.68,140.0,4.33,,20.3,134.0,,55.5,54.5,62.0,0,0
P0498,56,Female,White,Private,Divorced,27.9,Never,Breast,2,Single agent,Palliative,0,1,0,1.6,0,0,0,0,0,0,0,0,0,0,0,2,1,0,0,88,118,72,36.8,18,97,0.0,,5.9,193.0,4.51,0.98,26.0,0.1,,3.36,147.0,,222.0,,54.8,41.6,59.3,0,0
P0499,36,Female,White,Medicare,Widowed,24.4,Former,Breast,1,Single agent,Curative,0,0,0,2.2,0,0,0,0,0,1,0,0,1,0,1,3,1,1,1,70,127,80,36.5,17,95,4.2,11.8,9.3,272.0,4.01,0.4,19.0,0.72,137.0,3.55,121.0,3.3,,,59.0,53.3,67.2,0,0
P0500,42,Female,White,Private,Divorced,31.8,Never,Breast,4,Single agent,Palliative,2,1,0,7.4,0,0,0,0,0,1,1,0,0,0,0,1,0,0,1,89,120,70,36.6,19,96,8.1,,13.2,290.0,3.59,1.21,,,138.0,,,25.7,,,38.4,44.4,48.1,0,0
P0501,76,Female,White,Private,Single,16.4,Never,Pancreatic,2,Single agent,Curative,0,0,1,3.8,1,0,0,0,0,0,1,1,0,1,0,3,0,0,0,95,138,73,36.4,20,100,12.7,10.9,,162.0,,0.92,51.0,,139.0,3.77,129.0,20.7,179.0,,40.9,45.6,33.4,0,1
P0502,71,Male,White,Private,Married,27.4,Never,Lung,3,Combination,Curative,1,0,0,3.2,1,0,0,0,0,0,1,1,1,0,0,4,1,1,0,85,131,85,36.5,17,94,0.0,14.9,11.7,96.0,2.88,0.85,47.0,,134.0,3.86,104.0,1.8,227.0,,55.7,55.6,42.3,1,0
P0503,51,Male,Asian,Medicare,Single,22.2,Never,Other,3,Combination,Palliative,0,0,0,0.9,1,0,0,0,0,0,1,0,0,0,0,3,1,0,0,91,123,69,36.6,20,97,3.8,10.8,5.9,162.0,3.38,0.74,39.0,,139.0,4.59,95.0,,,3.54,46.7,64.0,54.0,0,0
P0504,42,Female,White,Private,Married,24.7,Former,Breast,3,Combination,Curative,1,0,0,2.3,0,0,0,0,0,0,1,0,0,0,1,2,0,0,0,69,95,78,37.0,14,100,0.0,10.2,,237.0,,,14.0,1.31,139.0,4.74,69.0,53.4,280.0,,43.4,45.0,41.0,0,0
P0505,24,Female,White,Medicare,Divorced,28.7,Never,Lung,3,Combination,Curative,1,1,0,2.0,0,0,0,1,0,0,0,1,0,0,0,2,1,1,0,80,106,74,37.6,20,93,3.7,11.9,7.7,,,1.0,29.0,0.41,141.0,3.71,74.0,19.5,222.0,,48.9,43.2,40.4,0,0
P0506,53,Female,White,Private,Divorced,20.9,Former,Lung,3,Single agent,Palliative,2,0,1,1.0,2,0,0,1,0,0,0,1,0,1,0,3,1,1,0,78,149,82,36.7,19,97,4.8,11.7,10.6,323.0,3.07,,64.0,,139.0,3.95,114.0,,375.0,,36.7,36.6,29.1,0,1
P0507,89,Male,White,Medicare,Married,27.9,Former,Colorectal,3,Single agent,Palliative,1,0,0,9.2,4,1,1,0,0,0,0,0,0,1,1,4,0,0,0,77,136,80,36.9,19,98,0.0,8.2,7.0,216.0,3.32,1.5,28.0,,,3.74,,,,,48.6,40.6,31.7,1,1
P0508,65,Female,White,Medicare,Widowed,25.8,Former,Ovarian,3,Single agent,Curative,0,1,1,5.2,1,0,0,0,0,0,1,0,0,1,0,3,1,1,0,64,118,70,36.0,18,96,4.4,12.1,10.0,195.0,3.67,1.0,35.0,0.4,,3.89,111.0,,,,41.6,52.1,36.3,0,1
P0509,53,Female,White,Private,Divorced,23.4,Former,Ovarian,3,Combination,Palliative,2,0,0,22.0,0,0,0,0,0,0,1,1,0,1,0,4,0,0,1,83,125,70,36.6,17,93,4.3,8.7,9.5,225.0,3.32,0.64,9.0,1.36,137.0,4.34,104.0,,247.0,,35.6,31.7,31.7,0,1
P0510,66,Female,Asian,Private,Married,24.4,Never,Breast,3,Single agent,Curative,1,1,0,5.6,0,1,0,1,0,0,0,1,0,0,0,3,2,1,0,94,107,90,37.2,19,95,7.0,,9.3,150.0,4.21,,,,142.0,4.58,133.0,28.0,,,48.9,31.9,41.7,0,0
P0511,41,Male,White,Medicare,Widowed,26.1,Current,Colorectal,3,Combination,Curative,2,1,0,1.7,1,0,1,0,0,0,1,1,1,0,1,7,0,0,0,93,117,72,36.7,15,97,0.0,11.0,6.4,198.0,,,19.0,0.57,139.0,4.71,131.0,,185.0,,43.2,48.8,30.4,1,1
P0512,56,Female,Hispanic,Medicare,Married,22.8,Former,Ovarian,3,Chemo + immunotherapy,Curative,0,1,0,6.0,2,0,0,0,0,0,0,1,0,1,0,2,0,0,0,69,128,71,36.7,18,96,9.3,10.4,3.3,292.0,4.35,,25.0,1.94,142.0,,126.0,,153.0,,45.3,45.2,42.6,0,0
P0513,61,Female,White,Private,Married,27.0,Former,Breast,3,Combination,Curative,1,0,0,7.0,0,1,0,0,0,0,0,1,0,1,1,6,1,0,0,75,133,72,37.6,18,98,3.7,9.4,6.7,243.0,,0.7,5.0,,138.0,,,,206.0,,47.2,54.4,42.5,0,0
P0514,59,Male,White,Medicare,Married,25.5,Never,Colorectal,2,Single agent,Curative,0,0,0,3.0,1,0,0,0,0,0,1,0,0,0,0,1,1,0,0,74,131,74,37.1,21,97,4.6,9.7,10.3,237.0,,0.74,,1.13,140.0,3.52,135.0,2.3,175.0,2.72,33.2,33.7,36.2,0,1
P0515,69,Female,White,Private,Single,23.6,Never,Lung,4,Chemo + targeted,Palliative,1,1,0,6.8,2,0,0,0,0,0,0,0,0,0,0,2,0,0,0,75,150,74,36.9,18,94,8.8,,3.7,335.0,3.77,1.24,45.0,0.84,133.0,3.32,67.0,,155.0,,43.3,39.5,33.0,1,1
P0516,64,Male,White,Private,Married,35.7,Former,Colorectal,2,Combination,Curative,1,1,0,6.7,0,1,1,1,0,0,1,0,0,0,1,4,2,0,0,77,121,83,36.7,16,95,3.1,12.3,3.6,183.0,3.74,,44.0,,,4.6,122.0,16.8,290.0,,40.2,43.7,36.5,0,1
P0517,68,Female,White,Private,Widowed,29.3,Never,Colorectal,4,Single agent,Palliative,1,0,0,2.4,2,0,0,0,0,0,0,1,0,0,1,3,0,0,0,85,107,78,36.8,20,97,2.5,8.5,,,3.54,,26.0,0.91,140.0,3.79,,,,,41.3,46.3,41.8,0,0
P0518,52,Female,Hispanic,Medicare,Married,24.9,Former,Colorectal,3,Chemo + targeted,Curative,0,0,0,7.7,0,0,0,0,0,1,1,0,1,0,0,2,0,0,0,74,119,70,37.3,13,98,4.6,12.5,4.9,164.0,4.85,0.71,39.0,0.31,141.0,4.26,157.0,0.2,367.0,,47.7,43.0,40.9,0,0
P0519,71,Female,White,Private,Married,27.8,Never,Ovarian,1,Chemo + targeted,Curative,1,0,0,5.8,0,0,0,0,0,0,0,0,0,1,0,3,0,0,0,64,121,83,37.4,20,99,1.6,9.0,16.5,309.0,3.98,1.2,42.0,0.69,134.0,,,0.2,134.0,,56.8,44.0,59.4,0,0
P0520,80,Male,Asian,Medicare,Single,21.4,Never,Colorectal,3,Chemo + immunotherapy,Curative,0,1,1,4.9,3,0,0,0,0,0,0,0,0,0,0,0,0,0,0,93,135,80,36.5,20,93,7.4,10.2,9.2,279.0,3.58,,20.0,,137.0,3.62,124.0,,,2.47,40.2,45.4,34.6,0,1
P0521,48,Male,White,Private,Married,24.6,Never,Other,2,Chemo + immunotherapy,Curative,0,0,0,5.2,0,0,0,0,0,1,1,0,0,0,1,3,0,0,0,81,118,85,36.2,15,98,2.3,12.8,6.6,268.0,3.63,,,,136.0,4.02,,,121.0,,49.2,41.7,54.9,0,0
P0522,49,Female,White,Medicare,Single,25.2,Never,Lymphoma,4,Combination,Palliative,1,1,1,1.7,0,0,0,0,0,0,0,1,0,0,1,4,3,0,0,84,125,77,36.7,14,96,9.7,10.5,11.2,,3.72,0.88,25.0,1.11,,4.18,55.0,18.9,161.0,,50.8,43.1,44.1,0,0
P0523,76,Female,White,Private,Married,20.1,Never,Lung,4,Chemo + targeted,Palliative,1,0,0,11.9,1,0,1,0,0,0,1,0,0,0,0,3,1,1,0,88,135,79,36.9,17,96,4.7,11.1,8.5,317.0,3.45,0.96,12.0,0.91,,,85.0,35.4,314.0,,44.6,33.6,37.2,0,1
P0524,58,Female,White,Medicare,Widowed,29.1,Former,Colorectal,4,Combination,Palliative,1,1,0,3.8,0,0,0,0,0,0,0,1,0,0,0,1,1,0,0,86,138,74,37.2,18,98,0.9,8.5,7.6,198.0,3.96,0.94,19.0,0.71,136.0,,97.0,32.1,,,49.8,53.9,46.5,0,0
P0525,77,Female,White,Medicare,Single,24.2,Former,Lung,3,Chemo + immunotherapy,Palliative,1,0,1,3.5,1,0,0,0,0,1,0,1,1,1,1,4,1,1,4,87,131,79,36.7,17,95,6.7,8.0,,358.0,3.28,0.62,,,,4.6,,,225.0,,35.4,31.0,30.9,0,1
P0526,55,Female,Other,Private,Married,25.0,Current,Ovarian,4,Combination,Palliative,2,0,1,6.2,1,0,0,0,0,0,0,0,0,0,0,0,2,0,0,76,127,78,36.6,20,95,3.8,10.9,3.0,265.0,,,,0.93,,,108.0,,,,34.8,40.1,30.8,0,1
P0527,77,Female,Asian,Private,Married,23.9,Former,Breast,3,Combination,Curative,1,0,1,19.9,1,0,1,1,0,0,0,0,0,1,0,2,3,0,0,98,159,80,37.0,22,95,2.0,11.4,5.9,311.0,,1.35,5.0,1.27,143.0,4.41,158.0,,,,42.8,46.6,32.2,1,1
P0528,62,Female,Other,Medicare,Married,43.3,Former,Other,4,Single agent,Palliative,0,0,0,8.0,0,0,0,0,0,0,1,0,0,1,0,4,1,0,0,86,104,73,36.4,16,96,6.9,,,305.0,3.77,0.74,35.0,0.38,138.0,4.2,94.0,,195.0,,56.7,41.4,53.9,0,0
P0529,63,Male,White,Self-pay,Widowed,23.4,Never,Prostate,2,Combination,Palliative,0,1,0,3.8,0,0,0,0,0,0,1,0,0,0,0,3,0,0,0,71,130,81,36.6,19,97,0.0,,5.1,204.0,4.47,1.53,34.0,0.46,,,175.0,,87.0,9.26,52.4,52.3,62.3,0,0
P0530,79,Male,Black,Self-pay,Single,15.6,Former,Prostate,4,Combination,Palliative,2,1,1,6.1,0,0,0,0,0,0,0,1,0,1,0,4,1,0,0,74,130,81,36.7,21,95,7.6,12.3,,310.0,3.02,0.7,27.0,,133.0,4.64,82.0,,,1.83,35.0,46.8,35.8,0,1
P0531,56,Female,Asian,Private,Married,18.2,Current,Colorectal,3,Chemo + targeted,Palliative,1,0,1,6.1,0,0,0,0,0,1,1,1,0,0,0,3,0,0,2,99,126,76,36.7,18,99,7.4,10.1,10.1,204.0,3.56,0.69,30.0,0.77,136.0,4.66,130.0,15.2,201.0,,50.3,36.8,38.4,1,1
P0532,49,Male,Asian,Medicare,Married,31.2,Former,Prostate,2,Single agent,Curative,0,1,0,4.8,3,0,0,0,0,0,1,0,0,0,1,3,0,0,0,77,131,80,37.1,18,98,1.2,11.8,5.7,141.0,,0.75,38.0,,141.0,4.36,,,,,48.3,45.1,45.9,0,0
P0533,55,Male,Other,Private,Divorced,34.4,Never,Lymphoma,4,Chemo + targeted,Palliative,1,0,0,1.8,1,0,0,0,0,1,0,1,1,0,1,5,1,1,2,76,113,75,36.9,17,95,5.0,8.5,9.4,286.0,3.27,,,1.17,136.0,3.73,,2.8,290.0,,36.6,30.7,19.2,1,1
P0534,65,Female,Asian,Private,Married,23.3,Former,Lymphoma,3,Single agent,Curative,1,0,0,8.1,1,0,0,1,0,0,0,0,0,1,1,4,2,0,0,78,120,77,36.5,24,96,2.1,,7.9,428.0,3.54,,,2.11,138.0,2.93,115.0,8.0,,,39.3,40.1,42.6,0,0
P0535,41,Female,Hispanic,Medicare,Single,34.0,Never,Breast,4,Combination,Palliative,1,0,0,3.3,1,0,0,0,0,1,1,1,0,0,0,4,2,1,1,86,131,79,36.6,16,97,7.3,10.4,9.3,,4.01,0.68,,0.24,137.0,4.73,92.0,1.7,184.0,,46.2,42.5,42.8,0,0
P0536,68,Male,Asian,Medicare,Divorced,31.1,Never,Prostate,1,Combination,Palliative,1,1,0,2.6,0,0,0,0,0,0,1,0,0,1,0,2,0,0,0,78,126,83,37.5,17,95,0.5,11.3,8.2,310.0,4.04,1.23,37.0,0.61,,4.87,123.0,,,,45.4,34.3,54.0,0,0
P0537,54,Female,White,Medicare,Married,26.0,Former,Lung,3,Combination,Curative,2,1,0,3.6,1,0,0,0,0,0,1,0,0,0,1,4,1,1,0,86,111,81,36.3,21,97,8.5,,11.3,343.0,,1.21,40.0,1.03,134.0,3.81,99.0,,,,39.2,40.3,28.5,1,1
P0538,74,Male,Asian,Medicare,Married,25.6,Former,Prostate,3,Combination,Curative,1,0,0,9.7,2,0,0,1,0,0,1,0,0,1,1,4,2,0,0,105,141,71,36.1,19,96,3.9,6.8,11.0,188.0,3.24,0.82,,1.49,136.0,4.64,121.0,,,,40.0,45.2,33.2,0,1
P0539,31,Male,White,Private,Married,28.0,Never,Prostate,1,Combination,Palliative,1,1,0,3.2,0,0,0,0,0,1,0,0,0,0,0,2,2,0,2,60,126,76,36.3,15,95,0.0,15.6,5.1,194.0,4.5,1.39,29.0,0.55,141.0,3.26,115.0,0.2,251.0,,53.9,49.5,57.4,0,0
P0540,51,Female,Hispanic,Medicare,Married,31.8,Never,Breast,4,Single agent,Palliative,1,0,0,4.5,0,0,1,0,0,0,1,1,0,1,0,6,2,0,0,79,129,77,36.8,16,92,2.5,,4.1,,,1.3,47.0,0.83,137.0,4.42,121.0,,,,33.5,32.5,29.9,0,1
P0541,40,Male,Black,Private,Widowed,29.2,Current,Lymphoma,3,Chemo + targeted,Curative,1,0,0,16.7,0,0,0,0,0,0,1,1,0,0,0,2,3,2,0,81,126,77,37.0,16,96,4.4,12.0,7.5,306.0,4.01,1.17,32.0,0.61,133.0,4.34,97.0,9.7,139.0,,47.8,42.7,46.9,0,0
P0542,50,Male,White,Private,Single,23.3,Never,Colorectal,2,Combination,Curative,0,1,0,3.4,0,0,0,0,0,0,0,1,1,0,0,3,1,0,0,63,131,90,36.7,22,95,0.0,,6.5,270.0,3.5,0.84,22.0,0.96,138.0,3.85,152.0,,,,49.2,45.3,42.8,0,0
P0543,63,Male,White,Private,Divorced,26.0,Never,Prostate,3,Chemo + targeted,Palliative,0,1,1,4.3,1,0,0,0,0,1,0,0,0,0,0,1,1,0,0,84,126,75,36.5,16,98,3.8,10.7,5.6,141.0,3.67,,,0.7,134.0,5.08,60.0,42.5,,,54.7,37.7,52.9,0,0
P0544,58,Male,White,Medicaid,Married,37.9,Former,Lymphoma,2,Chemo + targeted,Curative,0,1,0,4.8,2,0,0,0,0,0,1,0,1,0,1,3,0,0,0,89,130,76,36.5,20,96,3.4,8.9,3.0,219.0,2.44,1.43,49.0,1.04,138.0,,124.0,22.4,207.0,,43.2,34.8,42.8,0,0
P0545,57,Female,White,Medicare,Married,28.4,Former,Lymphoma,4,Single agent,Palliative,1,0,1,3.4,1,1,0,1,0,0,0,1,0,1,0,4,0,0,0,65,108,71,36.2,17,94,1.1,14.4,6.5,290.0,3.95,0.69,31.0,,141.0,4.6,157.0,24.5,,,60.3,57.9,63.2,0,0
P0546,58,Male,White,Private,Single,31.8,Never,Pancreatic,4,Chemo + immunotherapy,Palliative,1,0,0,4.3,1,0,0,0,0,0,1,0,0,1,0,3,1,0,0,82,122,74,37.2,16,99,6.9,10.3,8.6,,3.92,,14.0,0.7,,4.95,147.0,,191.0,,42.4,40.4,34.4,0,1
P0547,62,Female,Asian,Medicare,Married,30.0,Never,Breast,3,Chemo + targeted,Curative,1,1,0,5.2,0,0,0,0,0,0,0,1,0,0,0,1,1,1,0,85,140,71,36.6,17,98,1.9,10.2,6.8,331.0,2.89,,,1.16,141.0,4.07,85.0,,314.0,,46.1,41.8,46.4,0,0
P0548,48,Female,Asian,Self-pay,Married,28.5,Never,Breast,3,Chemo + targeted,Palliative,1,1,1,3.3,0,0,0,0,0,1,1,0,0,0,1,4,4,0,1,86,153,66,36.8,19,94,2.2,14.0,,340.0,3.81,0.58,25.0,0.49,141.0,4.56,92.0,11.0,,,50.8,41.1,45.8,0,0
P0549,68,Female,Hispanic,Medicaid,Married,27.6,Never,Lymphoma,3,Chemo + targeted,Curative,0,0,0,0.9,1,0,0,0,0,1,1,1,1,1,0,4,0,0,2,107,130,61,37.0,13,99,1.7,10.9,9.7,386.0,3.93,0.93,19.0,,141.0,4.15,108.0,17.4,313.0,,40.7,48.5,29.7,1,1
P0550,68,Male,White,Medicare,Single,31.9,Former,Lung,2,Combination,Curative,1,0,0,1.3,1,0,0,0,1,0,0,0,0,0,0,3,3,0,0,73,116,71,37.1,21,99,0.0,,11.9,350.0,3.44,0.71,20.0,0.52,133.0,4.31,80.0,,231.0,0.65,51.8,53.3,45.8,0,0
P0551,65,Female,White,Private,Single,31.0,Former,Breast,4,Chemo + immunotherapy,Palliative,3,1,1,4.6,2,0,0,0,0,0,0,1,0,1,0,4,2,0,0,89,122,71,36.6,19,96,4.0,7.9,13.0,309.0,3.48,1.22,,,137.0,,99.0,,,,46.8,44.7,30.9,1,1
P0552,67,Female,White,Medicare,Married,28.5,Never,Breast,2,Single agent,Palliative,0,0,0,13.1,1,0,0,0,0,0,1,1,0,0,0,3,0,0,0,79,108,76,36.4,17,96,0.0,,,317.0,4.05,,,,140.0,4.22,71.0,24.0,,,41.7,32.5,57.4,0,0
P0553,64,Female,Hispanic,Medicare,Divorced,23.2,Never,Lung,3,Single agent,Curative,0,1,0,3.8,1,0,0,1,0,0,0,0,0,1,1,4,1,0,0,77,137,72,36.7,17,92,1.2,12.8,5.8,234.0,3.8,0.73,5.0,,137.0,4.25,130.0,,,,43.6,58.1,50.0,0,0
P0554,84,Female,White,Medicaid,Married,29.1,Never,Other,2,Chemo + targeted,Curative,0,1,1,5.8,3,0,0,0,1,1,1,0,0,0,0,2,0,0,1,79,134,87,36.7,16,95,0.0,11.2,3.9,218.0,4.02,0.58,35.0,0.47,133.0,4.23,140.0,17.8,239.0,,52.3,42.0,45.5,0,0
P0555,59,Female,White,Medicare,Married,26.6,Never,Breast,3,Combination,Curative,1,0,0,10.2,1,1,1,0,0,0,1,0,0,0,1,5,0,0,0,84,115,80,36.5,20,96,0.0,11.2,10.2,292.0,3.56,0.98,32.0,0.63,141.0,4.68,92.0,,187.0,,48.3,32.6,49.4,0,0
P0556,56,Male,White,Medicare,Married,25.3,Never,Lung,4,Combination,Palliative,1,1,0,6.8,1,0,0,0,0,1,1,0,0,0,0,3,1,1,0,85,122,82,36.3,15,95,2.4,8.8,,,3.62,0.61,33.0,,140.0,,109.0,23.8,231.0,,40.8,41.4,34.1,0,1
P0557,51,Male,Black,Private,Divorced,41.7,Never,Other,2,Combination,Curative,0,1,1,4.7,1,0,0,0,0,0,0,0,0,1,0,1,2,0,0,81,133,83,36.8,16,96,3.3,11.1,11.5,221.0,,1.4,12.0,1.28,143.0,3.73,81.0,24.1,196.0,1.99,46.7,41.2,47.0,0,0
P0558,48,Male,White,Medicare,Married,18.5,Former,Other,2,Combination,Curative,0,1,1,4.3,0,0,0,0,0,1,0,0,0,0,0,0,0,0,3,81,123,86,37.1,20,97,1.1,13.3,8.8,424.0,,0.99,,0.22,,4.37,131.0,17.3,276.0,1.99,47.2,33.3,45.2,0,0
P0559,45,Male,Asian,Private,Married,32.3,Never,Lung,1,Chemo + immunotherapy,Curative,1,1,0,2.7,1,0,0,1,0,0,0,0,0,1,0,1,0,0,0,70,112,82,37.2,14,98,0.0,11.5,6.1,203.0,4.35,1.21,35.0,,138.0,3.92,89.0,,,,42.0,41.0,38.0,0,1
P0560,49,Female,Asian,Private,Married,22.3,Former,Ovarian,2,Single agent,Palliative,2,1,0,8.0,0,0,0,0,0,0,0,1,0,1,0,2,1,0,0,92,137,68,36.5,17,95,3.7,9.0,,296.0,2.98,,,1.51,136.0,4.18,91.0,,,,37.6,23.6,33.1,0,1
P0561,59,Female,Black,Medicare,Single,27.7,Never,Breast,3,Single agent,Curative,2,0,1,9.8,0,0,1,0,1,0,0,0,0,1,0,5,1,1,0,92,133,85,37.2,15,96,9.5,13.5,,,3.17,1.14,,1.57,135.0,,135.0,,,,45.8,41.9,47.4,0,0
P0562,64,Female,White,Medicare,Divorced,41.1,Former,Pancreatic,4,Chemo + targeted,Palliative,1,0,1,0.2,2,0,1,0,0,1,1,0,0,0,1,3,2,1,0,94,119,81,36.4,16,96,1.0,9.7,6.7,224.0,4.01,,,1.03,,4.41,,,260.0,,34.6,41.3,17.1,1,1
P0563,61,Female,White,Medicaid,Married,21.7,Current,Breast,3,Chemo + targeted,Curative,0,1,0,8.0,4,0,1,0,0,0,1,0,0,1,0,5,1,0,0,87,130,89,36.7,18,96,5.0,,8.1,203.0,,1.16,33.0,,139.0,4.25,115.0,34.0,,,48.7,46.5,48.4,0,0
P0564,51,Female,White,Medicare,Widowed,23.0,Never,Colorectal,1,Chemo + targeted,Curative,0,0,0,7.1,1,0,0,0,0,0,1,0,0,0,0,2,0,0,0,71,94,75,37.0,18,100,3.1,11.5,,243.0,3.19,0.59,35.0,0.69,138.0,4.47,61.0,0.2,219.0,,58.2,46.1,59.6,0,0
P0565,71,Male,White,Medicaid,Married,26.9,Never,Lung,3,Combination,Curative,0,1,0,3.6,0,0,0,0,0,0,0,0,0,1,0,1,0,0,0,69,133,86,36.9,16,97,8.3,9.3,11.5,190.0,,1.36,14.0,0.63,144.0,4.26,,0.2,80.0,,47.9,43.7,36.9,1,1
P0566,69,Male,Asian,Medicare,Married,22.3,Former,Lymphoma,4,Chemo + immunotherapy,Palliative,0,0,0,2.8,1,0,0,0,0,0,0,0,0,0,1,2,0,0,0,90,168,78,37.1,14,98,4.1,,3.2,,,,12.0,,132.0,5.19,67.0,,,,44.9,42.8,43.0,0,0
P0567,58,Female,White,Medicare,Single,31.9,Never,Breast,2,Combination,Curative,1,0,1,6.4,1,0,0,0,0,1,1,0,0,1,0,3,0,0,1,68,141,77,36.4,15,100,2.9,11.8,11.2,222.0,3.64,1.19,39.0,1.03,140.0,4.02,75.0,,323.0,,36.5,30.7,23.3,1,1
P0568,52,Female,White,Private,Single,24.1,Never,Colorectal,2,Chemo + targeted,Palliative,1,0,1,1.3,2,0,0,1,0,0,1,1,0,1,0,5,0,0,0,76,121,81,36.6,20,97,4.2,10.0,7.0,258.0,3.45,,,0.49,134.0,3.89,104.0,,,,43.7,46.6,41.3,0,0
P0569,67,Female,White,Medicare,Married,30.6,Never,Lymphoma,4,Single agent,Palliative,3,1,0,3.7,1,0,1,0,1,0,0,1,0,0,1,6,0,0,0,108,134,76,36.6,19,95,5.9,,1.5,174.0,3.36,,7.0,,,4.34,129.0,,265.0,,41.1,45.2,35.1,0,1
P0570,62,Female,Asian,Private,Single,19.7,Current,Breast,1,Combination,Curative,0,1,1,5.8,0,1,1,0,0,1,1,0,1,0,0,4,0,0,1,87,137,83,37.0,15,96,5.9,9.3,3.2,158.0,3.55,0.53,38.0,0.81,139.0,,,16.2,,,38.9,43.8,40.7,0,0
P0571,43,Female,White,Private,Married,17.1,Never,Ovarian,4,Combination,Palliative,0,1,1,11.1,1,1,0,0,0,1,0,0,1,1,0,5,0,0,1,84,129,62,36.6,17,95,2.4,11.2,8.1,,,0.57,,1.19,142.0,4.49,,,98.0,,40.9,42.4,39.0,0,1
P0572,59,Female,Asian,Private,Single,25.7,Never,Lung,4,Combination,Palliative,1,0,0,14.1,0,0,0,0,0,0,1,0,0,0,0,2,0,0,0,63,124,80,36.8,19,97,12.8,10.1,,227.0,3.6,1.34,14.0,0.55,137.0,,121.0,2.1,265.0,,50.4,48.8,48.3,0,0
P0573,63,Female,White,Medicare,Single,18.4,Never,Breast,4,Single agent,Palliative,1,1,1,1.9,1,0,0,0,0,0,1,0,0,0,0,3,2,1,1,76,96,66,36.6,19,94,7.0,,,288.0,2.55,1.35,,0.38,138.0,4.19,117.0,,341.0,,49.5,41.8,37.7,1,1
P0574,49,Female,Other,Medicare,Widowed,35.4,Former,Lung,1,Combination,Curative,0,1,0,6.1,0,0,0,0,0,0,1,0,0,0,0,2,0,0,0,85,118,79,36.8,14,100,0.9,14.7,6.1,,4.27,0.78,49.0,0.32,132.0,4.43,69.0,12.7,,,54.7,54.5,63.8,0,0
P0575,62,Male,Asian,Medicaid,Married,18.6,Never,Lung,1,Chemo + targeted,Curative,1,0,1,4.8,2,0,0,0,0,0,0,0,0,1,0,1,1,0,0,67,118,51,36.5,18,96,3.3,,9.9,275.0,3.53,0.94,50.0,0.8,142.0,3.64,152.0,,,,38.3,45.2,34.7,0,1
P0576,43,Female,White,Self-pay,Single,21.3,Former,Breast,4,Combination,Palliative,0,1,0,7.3,0,0,0,0,0,1,1,0,1,0,0,3,1,0,3,83,119,60,36.4,16,97,2.6,11.7,7.8,162.0,3.68,0.94,44.0,,140.0,4.36,106.0,21.6,298.0,,47.2,30.1,37.0,1,1
P0577,76,Female,White,Medicaid,Single,29.3,Former,Colorectal,3,Combination,Curative,1,1,0,4.2,2,0,0,1,0,0,1,1,0,1,0,5,1,0,0,68,120,78,36.6,18,95,3.8,10.7,10.1,125.0,3.98,,18.0,,139.0,,86.0,,220.0,,46.8,40.7,36.8,1,1
P0578,75,Male,White,Private,Married,23.8,Never,Prostate,2,Combination,Curative,1,0,0,7.6,2,0,0,0,0,0,1,0,0,0,0,3,2,0,0,76,139,78,36.4,18,95,5.8,,10.7,239.0,3.89,1.34,26.0,,,4.16,96.0,,,7.64,40.3,46.6,30.9,0,1
P0579,57,Female,White,Medicaid,Married,18.6,Never,Colorectal,3,Chemo + immunotherapy,Curative,2,0,0,5.7,2,0,1,0,0,0,0,1,1,0,0,5,1,1,0,68,156,76,36.6,16,98,5.7,,10.1,280.0,2.94,0.99,38.0,,136.0,,156.0,,231.0,,37.0,43.4,32.0,0,1
P0580,64,Male,White,Medicare,Widowed,38.2,Former,Colorectal,1,Combination,Palliative,1,1,0,3.0,0,0,0,1,0,0,0,0,0,0,1,3,0,0,0,82,141,82,36.9,18,96,7.7,12.6,7.2,,3.75,0.54,,1.02,,,,4.7,,,42.8,40.8,35.1,0,1
P0581,31,Male,Hispanic,Medicaid,Married,21.5,Former,Pancreatic,3,Combination,Curative,2,0,0,7.7,0,0,0,0,0,0,0,0,1,0,0,2,1,1,0,62,116,81,36.3,19,96,0.5,8.3,11.7,391.0,4.5,0.94,27.0,,,4.16,103.0,35.9,340.0,4.17,56.1,47.0,53.9,0,0
P0582,46,Female,Asian,Private,Divorced,25.9,Never,Lung,4,Chemo + immunotherapy,Palliative,1,1,0,4.3,1,0,0,1,0,0,0,0,0,1,0,1,1,1,0,82,143,95,36.6,24,95,4.0,10.0,,295.0,3.5,0.83,71.0,,135.0,3.76,100.0,10.1,296.0,,43.7,41.2,39.5,0,1
P0583,56,Male,White,Private,Married,25.8,Never,Prostate,3,Chemo + targeted,Palliative,1,1,0,5.0,2,1,1,0,0,0,1,0,0,1,0,4,0,0,0,89,141,78,37.4,15,96,1.3,,6.4,,,1.45,40.0,,139.0,,129.0,,,,39.2,43.0,40.8,0,0
P0584,47,Female,Asian,Medicaid,Divorced,30.9,Never,Ovarian,3,Combination,Curative,2,0,0,2.3,1,0,0,0,0,0,1,1,0,0,0,4,0,0,0,85,132,83,36.2,16,96,2.9,,7.3,,3.6,0.95,33.0,0.85,,4.49,76.0,,206.0,,42.3,49.9,37.1,0,1
P0585,69,Male,White,Private,Married,29.5,Never,Lung,4,Combination,Palliative,0,0,0,3.9,2,0,0,0,0,0,1,1,0,0,1,4,0,0,0,88,120,70,36.4,20,95,2.9,11.3,9.6,269.0,,,29.0,1.01,137.0,,,,326.0,3.95,44.2,55.0,27.6,1,1
P0586,84,Male,Other,Private,Widowed,22.5,Never,Prostate,3,Chemo + immunotherapy,Palliative,1,1,0,11.0,1,0,0,0,0,0,1,0,0,0,0,3,1,0,0,87,131,74,36.8,16,96,7.5,11.3,,232.0,3.28,1.1,36.0,,,4.44,105.0,,,,29.3,42.4,24.2,0,1
P0587,46,Male,White,Medicare,Single,25.2,Never,Other,1,Single agent,Curative,1,0,1,3.1,0,0,1,0,0,0,0,0,0,0,0,3,3,0,0,77,133,70,36.2,16,98,0.0,11.2,9.3,,3.51,0.73,34.0,,138.0,3.91,,0.2,253.0,0.31,56.3,35.1,55.3,0,0
P0588,50,Male,Asian,Private,Married,25.8,Never,Colorectal,3,Combination,Palliative,1,0,1,14.1,1,0,0,0,0,0,0,0,0,0,0,1,0,0,0,77,153,74,36.7,20,96,6.2,10.3,9.4,220.0,4.05,1.29,11.0,,138.0,4.16,98.0,,220.0,,59.9,43.4,49.3,1,0
P0589,63,Female,Black,Private,Single,31.1,Former,Other,1,Single agent,Curative,0,0,0,5.2,1,0,0,0,0,0,0,0,0,0,0,0,0,0,0,83,147,78,37.2,16,97,7.3,,6.9,282.0,3.44,,11.0,0.72,138.0,,,,285.0,,44.4,45.7,50.5,0,0
P0590,79,Male,White,Self-pay,Single,20.6,Former,Lung,2,Chemo + targeted,Curative,0,1,0,5.9,2,0,0,0,0,1,0,0,1,1,0,4,0,0,0,73,140,86,36.5,18,93,6.9,9.5,11.7,299.0,3.7,1.09,21.0,0.94,143.0,3.7,101.0,,,,35.8,44.2,26.5,0,1
P0591,45,Male,White,Medicaid,Married,38.1,Former,Prostate,3,Combination,Curative,1,0,0,2.6,0,0,0,0,0,0,0,0,0,1,0,3,4,1,0,79,124,77,36.4,15,98,0.9,9.3,8.5,,,0.96,26.0,1.22,138.0,,55.0,,,15.02,48.0,54.1,50.3,0,0
P0592,63,Male,White,Medicaid,Married,22.8,Former,Lung,2,Chemo + immunotherapy,Curative,2,0,0,8.0,2,1,1,0,0,0,0,1,0,0,0,4,1,1,0,101,140,89,36.2,19,95,7.7,,6.5,,3.71,0.77,32.0,0.92,,4.69,94.0,27.1,169.0,,36.2,52.9,27.7,0,1
P0593,82,Female,Hispanic,Private,Single,27.0,Former,Breast,1,Chemo + targeted,Curative,1,1,0,1.2,1,0,0,0,1,1,1,0,1,0,0,3,1,1,1,87,140,89,36.4,14,94,2.5,12.5,2.9,291.0,3.11,1.13,24.0,,,,80.0,16.9,,,56.9,36.5,55.1,0,0
P0594,40,Female,White,Private,Single,20.6,Never,Other,3,Single agent,Curative,1,0,0,4.0,0,0,0,0,0,0,1,0,0,0,1,4,0,0,0,93,141,74,36.6,16,96,2.4,9.7,9.7,349.0,,0.83,,0.81,,,110.0,,186.0,,40.7,43.1,47.7,0,0
P0595,45,Male,Asian,Private,Married,19.9,Former,Lung,2,Combination,Curative,2,1,0,2.7,0,0,0,0,0,0,0,1,0,1,0,4,3,1,0,85,106,74,37.3,15,97,5.1,11.7,,278.0,3.67,,,,142.0,,,22.3,,17.35,43.0,51.7,35.3,0,1
P0596,55,Male,Black,Medicare,Divorced,22.2,Never,Other,3,Chemo + immunotherapy,Palliative,1,0,1,1.4,2,0,1,0,0,1,0,0,0,0,1,4,2,0,0,73,128,65,36.6,17,96,0.4,10.0,4.8,306.0,3.85,0.94,,0.1,141.0,,118.0,,,,43.2,23.8,39.5,0,1
P0597,54,Female,Hispanic,Private,Married,21.7,Never,Lymphoma,2,Combination,Palliative,1,1,0,7.3,2,0,1,0,0,0,0,0,0,1,0,3,0,0,0,78,138,73,36.7,21,98,7.3,11.9,4.5,188.0,3.35,,9.0,1.07,,,147.0,28.9,165.0,,39.2,39.7,36.4,0,1
P0598,70,Female,White,Medicare,Married,24.7,Current,Other,3,Single agent,Palliative,0,0,0,4.1,2,0,1,0,0,1,0,0,0,0,0,3,0,0,1,63,152,73,36.7,18,96,5.7,11.5,10.5,265.0,3.55,0.88,34.0,1.12,140.0,4.67,,19.5,266.0,,48.8,51.0,37.3,1,1
P0599,63,Female,White,Self-pay,Single,21.6,Former,Other,4,Chemo + targeted,Palliative,3,0,0,5.0,0,0,0,0,0,0,0,0,0,1,0,3,0,0,0,99,154,70,36.4,19,96,14.4,11.5,9.4,,3.47,1.08,,0.47,136.0,3.74,,,228.0,,39.5,43.2,31.6,0,1
P0600,39,Male,Asian,Medicare,Married,30.8,Never,Prostate,1,Combination,Curative,1,0,0,2.8,0,0,0,0,0,0,1,1,1,1,0,4,3,0,0,88,99,71,36.0,17,97,3.3,9.2,9.1,309.0,4.3,1.14,35.0,0.26,140.0,,109.0,,315.0,,47.2,47.0,51.7,0,0
P0601,66,Female,White,Private,Married,22.7,Former,Other,4,Single agent,Palliative,0,1,1,8.4,0,0,0,0,0,0,0,0,0,1,1,2,1,0,0,77,118,81,37.1,19,98,5.2,8.6,,,,0.99,,0.48,,4.16,92.0,,,,28.3,40.2,16.1,1,1
P0602,53,Female,Hispanic,Private,Married,22.1,Never,Pancreatic,2,Combination,Curative,2,1,0,5.6,1,0,0,0,0,0,1,1,0,1,0,5,0,0,0,90,123,78,36.9,21,96,11.3,12.1,,,3.73,0.67,43.0,0.6,,3.68,110.0,33.0,364.0,,39.9,57.4,31.8,0,1
P0603,75,Female,White,Private,Married,24.8,Never,Colorectal,2,Combination,Curative,1,0,0,12.3,7,0,1,0,0,0,1,0,0,0,0,2,3,0,0,92,116,87,37.0,21,100,0.3,,,,,1.29,20.0,,136.0,4.3,159.0,27.2,196.0,,37.6,42.2,31.6,0,1
P0604,52,Male,White,Private,Married,32.5,Never,Lymphoma,2,Chemo + targeted,Curative,0,0,0,2.9,0,0,0,0,0,1,1,1,1,0,0,3,1,0,2,79,147,78,36.8,14,100,2.9,11.2,4.3,141.0,4.01,0.76,32.0,0.74,135.0,3.48,,,,,52.1,49.7,43.6,0,0
P0605,52,Female,Black,Medicare,Single,28.2,Never,Breast,2,Combination,Palliative,0,0,0,2.9,0,0,0,0,0,0,0,0,0,0,0,1,1,0,0,83,125,70,37.0,19,95,1.7,12.8,9.8,274.0,3.59,1.04,23.0,0.74,138.0,3.96,163.0,,,,54.0,57.0,47.3,0,0
P0606,66,Female,White,Private,Married,26.5,Former,Breast,1,Combination,Curative,1,0,0,6.8,1,0,1,0,0,0,1,1,1,1,0,7,0,0,0,86,147,85,36.2,18,98,7.0,10.7,5.6,230.0,3.82,1.33,10.0,0.76,,4.0,56.0,,,,45.3,64.9,51.9,0,0
P0607,69,Male,White,Medicare,Divorced,19.1,Never,Lung,4,Chemo + targeted,Palliative,0,0,0,13.2,1,0,1,0,1,0,1,1,0,0,0,6,1,1,0,84,129,68,36.7,18,96,12.6,11.4,,329.0,4.26,0.99,45.0,,140.0,,,0.2,,,34.6,44.1,43.4,0,0
P0608,65,Male,White,Medicare,Single,20.7,Never,Colorectal,4,Combination,Palliative,1,1,0,3.2,1,0,0,0,0,0,0,1,0,1,0,2,1,0,0,88,133,84,36.9,15,96,4.2,,,241.0,3.22,,69.0,0.58,133.0,4.63,,,,3.75,24.5,39.9,25.3,0,1
P0609,40,Male,White,Private,Married,20.0,Current,Lung,4,Chemo + targeted,Palliative,1,0,0,0.4,0,0,0,1,0,0,1,1,0,0,1,3,2,0,0,82,101,68,37.1,19,93,7.1,10.5,11.0,,3.77,0.95,50.0,0.24,134.0,3.67,55.0,39.4,251.0,,51.3,51.1,44.3,0,0
P0610,66,Male,Hispanic,Private,Married,34.2,Never,Colorectal,4,Combination,Palliative,1,1,0,1.7,1,0,0,0,0,0,1,1,0,0,0,3,2,1,1,80,113,58,36.8,19,96,9.8,7.6,7.2,189.0,2.78,,,,138.0,4.01,,,,7.1,37.5,33.3,22.0,1,1
P0611,48,Female,White,Private,Divorced,29.9,Never,Lymphoma,3,Combination,Curative,1,0,0,11.0,0,0,0,0,0,0,0,0,0,1,0,3,0,0,0,91,108,79,36.8,17,100,8.1,9.9,10.5,370.0,,0.8,,,134.0,4.38,117.0,,173.0,,37.0,55.3,41.2,0,0
P0612,63,Male,White,Private,Married,22.3,Never,Lymphoma,2,Combination,Palliative,1,1,1,3.8,0,0,1,0,0,0,0,0,1,0,0,4,0,0,0,101,106,76,36.8,20,95,4.4,11.9,9.1,170.0,2.65,0.9,21.0,0.19,139.0,4.1,125.0,,,0.49,44.9,43.1,38.7,0,1
P0613,43,Female,White,Medicare,Married,23.9,Never,Ovarian,1,Chemo + targeted,Curative,1,0,0,15.0,0,0,0,0,0,0,0,0,0,0,0,2,0,0,0,67,135,84,36.3,13,98,4.5,11.3,7.0,198.0,4.13,0.58,22.0,,144.0,4.09,,4.1,,,61.3,43.8,68.6,0,0
P0614,65,Female,Other,Medicare,Divorced,22.5,Never,Other,3,Chemo + immunotherapy,Curative,1,0,0,1.9,1,0,0,0,0,0,0,0,0,0,0,1,0,0,0,81,127,84,36.5,24,97,0.7,11.8,,313.0,4.23,,,0.38,140.0,4.5,135.0,,304.0,,42.4,46.6,44.0,0,0
P0615,50,Female,White,Medicaid,Single,22.1,Former,Ovarian,4,Combination,Palliative,2,1,0,6.9,4,0,0,0,0,1,0,1,1,0,0,2,1,0,3,77,138,67,36.5,16,95,10.3,9.6,8.4,430.0,3.06,1.29,,0.38,140.0,3.25,105.0,47.1,,,39.0,26.2,25.1,1,1
P0616,45,Male,Other,Medicare,Single,29.5,Current,Prostate,2,Single agent,Curative,1,0,1,7.0,0,0,0,0,0,0,0,1,0,0,0,2,1,1,0,87,120,87,36.9,19,98,0.5,,8.8,,3.45,1.06,,1.1,140.0,4.03,140.0,,326.0,,48.5,42.9,53.5,0,0
P0617,69,Female,Hispanic,Private,Married,25.4,Never,Breast,2,Combination,Curative,0,1,0,1.3,0,0,1,0,0,1,1,0,1,0,0,5,0,0,1,85,147,64,36.9,18,96,0.5,10.1,11.3,166.0,4.05,1.1,15.0,,133.0,,99.0,,,,43.0,41.9,36.8,0,1
P0618,63,Female,White,Private,Married,38.4,Never,Other,3,Combination,Curative,2,1,0,1.3,0,0,0,0,0,0,1,0,0,0,0,2,3,0,0,82,140,80,37.2,20,97,2.3,9.4,8.8,98.0,3.29,1.21,47.0,0.91,,4.14,139.0,,,,61.6,36.6,57.4,0,0
P0619,53,Female,Black,Private,Married,33.9,Never,Breast,4,Combination,Palliative,2,1,0,3.9,0,0,0,0,0,0,1,0,0,0,1,2,3,1,0,75,122,87,36.8,21,97,1.5,12.6,7.2,329.0,3.86,0.45,69.0,0.32,140.0,3.79,,,,,46.3,47.4,46.0,0,0
P0620,77,Female,Asian,Private,Single,34.2,Former,Breast,3,Chemo + immunotherapy,Palliative,2,1,0,7.3,1,0,0,0,0,0,0,1,0,1,0,3,3,0,0,80,134,70,36.6,18,98,6.7,8.2,,399.0,2.89,1.01,,1.14,,4.48,,,467.0,,43.7,33.0,23.8,1,1
P0621,55,Male,White,Medicaid,Married,30.7,Never,Lung,4,Chemo + targeted,Palliative,2,0,0,6.2,2,0,0,0,0,0,0,1,0,1,0,2,3,1,0,76,129,92,37.1,19,96,4.1,9.0,9.1,,3.55,1.54,,,139.0,4.22,,25.8,240.0,,43.1,42.9,25.7,1,1
P0622,60,Male,White,Medicare,Married,24.7,Never,Prostate,3,Combination,Curative,1,0,0,4.2,0,0,0,0,0,1,1,0,1,0,0,4,2,2,1,67,141,77,36.3,18,99,2.6,10.1,7.5,,3.15,,14.0,,139.0,2.8,,,407.0,,42.4,36.8,22.3,1,1
P0623,63,Male,Black,Private,Married,30.3,Current,Lymphoma,2,Combination,Curative,0,1,0,4.1,0,0,0,0,0,0,0,0,1,1,0,3,2,0,0,90,126,79,36.6,14,95,0.0,9.2,2.5,195.0,2.69,0.72,,,137.0,4.47,117.0,0.2,139.0,3.4,57.4,50.1,52.3,0,0
P0624,53,Male,Black,Private,Single,25.1,Former,Breast,3,Single agent,Curative,0,0,0,0.6,0,0,1,0,0,0,1,0,0,0,1,5,0,0,0,82,132,87,36.4,16,97,4.3,11.8,10.2,273.0,3.68,0.59,7.0,0.74,141.0,4.16,129.0,,,,50.3,51.3,51.4,0,0
P0625,66,Female,Black,Private,Single,36.0,Never,Pancreatic,4,Combination,Palliative,2,1,0,2.3,1,0,1,0,0,0,1,0,0,0,1,4,1,1,0,98,110,82,36.4,19,98,8.3,8.7,8.6,,3.11,,,,140.0,4.46,123.0,,,,28.0,46.7,22.8,0,1
P0626,54,Female,Other,Medicaid,Married,29.2,Never,Breast,4,Combination,Palliative,1,0,0,1.1,1,0,1,0,0,0,0,0,0,0,1,3,0,0,0,76,115,67,36.4,17,96,0.0,11.0,7.4,397.0,4.56,0.85,38.0,0.1,137.0,4.76,,18.4,80.0,,57.4,34.5,61.2,0,0
P0627,55,Male,White,Private,Married,28.4,Never,Lung,3,Chemo + immunotherapy,Curative,1,1,0,6.2,1,0,0,1,0,0,0,0,0,0,0,1,1,0,0,86,114,50,36.5,18,95,5.4,10.7,11.9,301.0,3.5,1.17,32.0,0.11,136.0,4.18,,,196.0,,40.9,43.8,38.6,0,1
P0628,76,Male,Black,Private,Married,27.7,Current,Lung,2,Combination,Curative,0,0,0,1.7,1,0,0,1,0,0,0,0,0,0,0,2,0,0,0,74,138,70,36.8,20,94,3.1,10.0,6.9,332.0,,,42.0,0.8,134.0,3.78,117.0,,400.0,,53.8,49.5,38.8,1,1
P0629,48,Female,Hispanic,Private,Married,36.6,Never,Lung,2,Single agent,Palliative,1,0,1,10.8,1,0,0,0,0,0,0,0,0,1,0,1,1,1,0,76,112,68,36.6,19,94,0.0,10.5,,261.0,3.66,0.63,40.0,,134.0,4.54,71.0,0.7,347.0,,36.4,55.7,41.0,0,0
P0630,31,Female,White,Medicare,Married,19.1,Never,Pancreatic,1,Single agent,Palliative,0,1,1,5.0,0,0,0,0,0,1,0,0,1,1,0,3,2,0,3,93,119,66,36.8,12,97,0.0,15.8,6.5,155.0,3.02,0.73,8.0,0.72,139.0,4.95,,0.2,80.0,,62.7,45.9,59.8,0,0
P0631,79,Female,White,Medicare,Married,37.1,Former,Breast,1,Single agent,Curative,0,1,0,2.3,4,0,1,0,1,0,0,0,0,1,0,5,1,0,0,77,132,75,36.8,19,98,6.3,14.9,,260.0,4.22,0.83,,0.97,139.0,,150.0,,120.0,,48.0,46.2,50.2,0,0
P0632,90,Female,White,Medicare,Single,26.0,Never,Breast,2,Chemo + immunotherapy,Palliative,1,0,0,9.7,2,0,0,1,0,0,0,0,0,0,0,2,0,0,0,92,135,56,36.0,23,94,8.6,11.3,6.8,106.0,3.68,0.73,,,,,118.0,9.8,146.0,,39.3,52.4,44.9,0,0
P0633,55,Female,Hispanic,Private,Divorced,19.3,Never,Breast,3,Chemo + targeted,Curative,0,0,1,1.5,0,0,0,0,0,1,0,0,0,0,0,0,0,0,1,83,136,66,36.7,15,97,5.3,10.7,,260.0,,0.8,18.0,,137.0,4.58,111.0,22.2,,,51.8,39.6,41.7,1,0
P0634,37,Female,White,Private,Widowed,22.9,Former,Pancreatic,4,Chemo + targeted,Palliative,0,1,0,1.5,0,0,0,0,0,0,1,0,0,0,0,3,0,0,0,65,121,78,36.5,17,96,1.1,10.3,12.6,275.0,4.17,1.19,36.0,0.35,135.0,3.8,95.0,9.5,214.0,,62.5,57.9,50.9,1,0
P0635,56,Male,Asian,Medicaid,Widowed,17.9,Never,Other,4,Chemo + targeted,Palliative,1,0,0,2.2,1,0,0,0,0,0,1,0,0,0,0,3,3,0,0,83,121,84,36.2,19,97,6.5,9.0,6.1,,3.44,1.22,,,,4.15,102.0,,,,35.2,46.9,28.9,0,1
P0636,57,Female,White,Private,Married,30.6,Current,Lymphoma,4,Single agent,Palliative,2,1,0,9.7,1,0,0,0,0,0,1,1,0,0,0,3,1,1,0,86,131,70,36.8,20,94,5.8,10.2,,298.0,3.37,1.15,,0.92,136.0,3.92,,,325.0,,36.8,51.9,21.9,1,1
P0637,58,Male,White,Private,Married,21.3,Former,Prostate,4,Chemo + targeted,Palliative,1,1,0,15.1,2,0,0,0,0,0,0,0,0,1,0,1,0,0,0,90,148,81,36.7,20,96,0.0,12.2,8.9,,3.63,1.46,56.0,0.94,142.0,4.37,,,382.0,,43.4,38.7,38.4,0,1
P0638,47,Female,Asian,Medicare,Married,27.9,Never,Other,4,Chemo + targeted,Palliative,2,0,0,1.1,0,0,0,0,0,0,1,0,0,1,0,3,1,1,0,67,123,54,36.7,21,96,7.0,8.4,9.8,,,,27.0,1.15,140.0,4.0,,,,,40.7,37.4,32.5,0,1
P0639,67,Female,White,Private,Single,33.2,Former,Lung,2,Combination,Curative,0,0,1,26.6,2,0,0,0,0,1,0,0,0,0,0,2,0,0,1,73,110,79,36.9,18,95,4.9,11.1,9.7,266.0,3.51,1.0,,0.72,140.0,4.04,61.0,10.3,85.0,,36.8,24.1,18.5,1,1
P0640,66,Female,Hispanic,Private,Married,23.3,Former,Breast,2,Combination,Curative,0,0,1,7.5,3,0,0,0,1,0,0,0,0,0,1,2,1,1,0,81,108,86,36.5,14,99,8.8,11.2,3.9,220.0,4.19,1.04,8.0,0.74,135.0,4.46,105.0,,,,63.3,47.4,53.7,0,0
P0641,42,Female,White,Medicare,Married,25.5,Former,Colorectal,2,Chemo + targeted,Palliative,0,0,0,3.3,0,0,0,0,0,0,0,0,0,0,1,1,2,0,0,69,116,78,36.4,16,94,8.1,13.4,5.4,234.0,3.7,0.63,5.0,0.88,137.0,4.82,131.0,4.0,,,47.8,50.4,56.3,0,0
P0642,68,Male,Hispanic,Medicare,Married,19.8,Former,Lung,4,Chemo + immunotherapy,Palliative,0,1,0,7.0,0,0,0,0,0,0,0,0,0,0,0,2,5,0,0,93,111,77,36.7,20,97,3.0,10.6,7.3,,3.6,,,,142.0,4.45,68.0,26.4,397.0,4.58,51.4,55.1,56.6,0,0
P0643,85,Male,White,Private,Married,24.9,Never,Colorectal,1,Single agent,Curative,1,0,1,9.9,1,1,0,0,0,1,0,0,0,0,0,2,1,0,2,84,99,58,36.6,17,97,6.8,,12.3,228.0,,,62.0,0.86,137.0,,,,,4.18,37.3,36.1,40.8,0,0
P0644,62,Female,Other,Private,Single,41.2,Never,Colorectal,2,Chemo + immunotherapy,Curative,0,1,1,2.3,0,0,0,0,0,0,1,0,0,0,0,1,1,1,0,85,122,91,37.5,18,96,3.5,10.2,7.1,217.0,3.1,1.09,47.0,0.72,132.0,4.63,137.0,18.9,,,53.5,50.8,58.9,0,0
P0645,56,Male,Asian,Medicare,Single,31.3,Former,Lung,3,Chemo + immunotherapy,Curative,0,1,0,9.9,1,0,0,0,0,0,0,1,0,0,1,4,1,0,0,95,129,91,36.7,20,99,2.7,13.5,9.7,337.0,2.71,0.82,45.0,0.9,143.0,3.99,,,300.0,4.3,37.7,36.0,37.1,0,1
P0646,58,Male,White,Private,Married,25.5,Never,Colorectal,3,Chemo + immunotherapy,Curative,1,0,0,4.7,0,0,0,1,0,0,0,0,1,0,0,1,1,0,0,69,144,81,36.7,20,96,0.0,10.9,,212.0,3.74,1.21,55.0,0.78,137.0,4.24,158.0,23.3,,6.36,48.7,31.3,34.3,1,1
P0647,67,Female,White,Private,Widowed,23.6,Never,Lung,3,Single agent,Curative,2,1,1,1.0,3,0,0,0,1,0,1,0,0,0,1,5,1,0,0,91,127,87,36.4,21,95,3.9,11.3,9.3,,,1.65,,0.79,138.0,4.02,110.0,41.0,,,23.6,46.1,24.7,0,1
P0648,39,Female,White,Medicare,Married,26.8,Never,Breast,4,Combination,Palliative,2,0,0,7.4,0,0,0,0,0,0,1,0,0,0,0,2,3,0,0,82,123,74,36.4,17,98,1.7,11.8,8.4,195.0,3.15,1.14,,0.51,140.0,4.17,113.0,,,,47.2,51.1,41.5,0,0
P0649,62,Female,Asian,Medicare,Married,27.7,Never,Ovarian,3,Chemo + targeted,Curative,2,0,0,12.7,2,0,1,0,0,0,0,0,0,0,1,4,0,0,0,88,136,84,36.2,19,95,9.8,,6.9,,2.88,0.98,35.0,,,,,12.3,,,29.7,43.7,10.0,1,1
P0650,55,Male,Black,Self-pay,Married,24.7,Former,Lymphoma,4,Combination,Palliative,0,1,0,6.5,0,0,0,0,0,0,1,0,0,1,0,4,1,0,0,79,125,82,36.6,21,96,4.2,10.4,7.7,,,1.54,17.0,0.95,,4.08,116.0,,,5.12,48.2,34.8,46.1,0,0
P0651,82,Female,White,Private,Single,29.9,Former,Breast,1,Single agent,Curative,1,0,0,1.9,1,0,0,0,1,1,1,0,1,0,0,3,0,0,2,82,122,78,36.6,21,98,1.7,11.0,6.9,178.0,,1.13,11.0,0.91,138.0,,129.0,1.8,412.0,,56.9,36.4,50.2,0,0
P0652,58,Female,White,Private,Single,21.8,Former,Breast,4,Chemo + targeted,Palliative,2,0,0,6.5,0,0,1,1,0,0,0,0,0,0,0,3,3,0,0,52,158,71,37.0,22,96,1.5,9.3,8.0,318.0,,1.53,24.0,0.86,137.0,,106.0,24.6,291.0,,40.8,37.8,34.8,0,1
P0653,80,Female,Asian,Medicare,Married,21.7,Never,Breast,3,Single agent,Curative,1,0,0,5.8,2,0,0,0,0,1,0,0,0,0,0,1,3,2,0,98,117,85,36.6,20,98,7.0,,,350.0,3.76,0.83,7.0,,145.0,2.97,,,297.0,,37.4,31.2,24.7,1,1
P0654,47,Female,White,Medicare,Widowed,29.0,Never,Breast,2,Combination,Palliative,1,0,1,7.0,2,0,0,0,0,0,1,0,0,0,0,1,2,0,0,68,127,90,36.6,16,93,2.6,10.6,13.2,247.0,3.52,0.8,25.0,0.7,,4.16,81.0,43.7,,,43.1,49.4,36.2,0,1
P0655,67,Female,Asian,Private,Married,20.6,Former,Breast,4,Chemo + immunotherapy,Palliative,0,1,0,1.0,0,0,0,0,0,0,0,0,0,0,1,2,2,0,0,98,116,87,36.7,18,97,0.2,10.6,3.3,,3.55,1.24,25.0,,139.0,4.85,155.0,30.5,232.0,,54.4,53.2,53.1,0,0
P0656,64,Female,White,Medicare,Married,31.0,Never,Breast,4,Combination,Palliative,1,1,1,1.1,1,0,1,0,0,0,0,0,0,0,1,2,4,0,0,70,131,81,36.6,17,99,0.0,11.4,3.0,243.0,2.98,0.4,42.0,1.02,140.0,,59.0,,217.0,,52.6,52.5,44.6,0,0
P0657,50,Female,Asian,Private,Single,26.9,Former,Ovarian,4,Chemo + immunotherapy,Palliative,1,1,1,3.0,3,0,0,0,0,0,1,0,0,0,0,3,1,0,0,73,128,77,37.0,20,95,9.7,,,267.0,,1.62,29.0,,140.0,4.05,,,,,39.7,38.0,31.5,0,1
P0658,62,Female,Other,Medicare,Widowed,16.9,Former,Ovarian,4,Combination,Palliative,2,1,1,8.6,1,1,0,1,0,0,1,0,0,1,1,4,3,1,0,89,123,79,37.1,21,95,5.2,,11.2,336.0,3.78,1.5,52.0,0.64,,,,,291.0,,40.6,39.9,26.3,1,1
P0659,75,Male,White,Medicare,Single,27.6,Never,Pancreatic,2,Combination,Curative,2,1,0,7.7,1,0,0,0,0,0,0,0,0,0,0,1,1,0,0,88,113,59,36.7,20,96,9.9,8.2,,372.0,,0.91,,0.85,138.0,3.69,73.0,38.6,,6.66,30.3,41.9,14.4,1,1
P0660,56,Male,White,Private,Widowed,17.7,Never,Prostate,2,Single agent,Curative,1,0,1,9.3,0,0,0,0,0,0,0,0,0,1,0,2,0,0,0,86,119,75,36.4,18,98,0.0,11.5,7.4,,4.07,1.39,,,135.0,,108.0,,,,46.6,36.2,43.0,0,0
P0661,40,Female,White,Self-pay,Married,30.8,Former,Lymphoma,2,Combination,Palliative,1,1,0,7.1,0,1,0,0,0,0,0,1,0,0,0,2,1,0,0,82,135,72,36.6,12,96,5.7,10.9,7.6,106.0,3.02,0.96,55.0,1.2,140.0,4.38,,0.5,185.0,,51.1,45.8,51.5,0,0
P0662,60,Male,Asian,Self-pay,Single,25.6,Never,Lymphoma,4,Combination,Palliative,1,0,0,8.2,0,0,0,0,0,0,1,0,0,0,0,3,2,1,0,79,104,66,36.7,20,98,5.8,8.4,,174.0,3.58,,,0.1,138.0,3.79,,,,,50.1,45.4,45.1,0,0
P0663,49,Female,White,Private,Divorced,37.2,Former,Ovarian,4,Chemo + targeted,Palliative,0,0,1,5.7,0,0,0,0,0,0,1,0,0,1,0,2,1,1,0,76,145,83,36.3,17,96,5.5,15.2,11.8,302.0,2.95,0.68,,0.94,142.0,4.67,92.0,1.5,242.0,,38.5,47.4,28.2,1,1
P0664,56,Female,Hispanic,Private,Married,32.9,Former,Lymphoma,4,Chemo + immunotherapy,Palliative,1,1,0,4.2,1,0,1,0,0,0,0,1,0,1,0,5,0,0,0,86,128,80,36.6,19,100,0.0,11.1,4.3,,2.67,1.31,,0.82,,,156.0,30.2,242.0,,42.9,48.1,37.7,0,1
P0665,59,Male,Asian,Medicare,Married,21.2,Never,Lymphoma,4,Single agent,Palliative,1,1,1,7.6,2,0,1,0,0,0,1,0,1,1,0,5,2,0,0,77,138,57,36.2,18,97,5.2,9.5,9.3,149.0,2.87,,,1.23,137.0,,137.0,,,4.39,36.9,29.5,23.3,1,1
P0666,40,Female,White,Private,Widowed,15.9,Former,Pancreatic,3,Single agent,Curative,1,1,0,1.7,0,0,0,0,0,0,0,0,0,0,0,1,0,0,1,83,104,76,36.8,21,100,2.3,,10.0,403.0,,1.11,,0.6,,,116.0,11.7,221.0,,36.4,34.4,47.4,0,0
P0667,41,Male,Black,Private,Married,22.8,Never,Prostate,2,Combination,Curative,1,0,0,2.1,0,0,0,0,0,0,1,0,0,1,0,3,2,0,0,61,117,84,36.3,15,98,0.0,15.8,6.5,289.0,3.56,0.58,41.0,,140.0,3.61,99.0,16.1,249.0,,43.6,39.6,42.6,0,0
P0668,66,Female,White,Private,Married,20.3,Never,Breast,2,Combination,Curative,1,1,1,1.5,0,0,0,0,0,0,1,0,0,0,0,2,1,0,0,84,117,72,36.6,18,96,0.0,11.3,9.5,251.0,4.08,1.19,53.0,1.46,139.0,,,,,,50.5,50.4,44.3,0,0
P0669,54,Female,Black,Medicaid,Divorced,37.0,Current,Breast,3,Combination,Curative,2,0,0,5.4,1,0,0,1,0,0,1,0,0,0,0,3,0,0,0,86,127,67,36.6,20,95,2.4,13.8,7.3,,3.05,,40.0,,,3.8,,29.7,151.0,,35.0,32.9,25.7,0,1
P0670,29,Female,White,Private,Widowed,26.9,Former,Colorectal,4,Combination,Palliative,1,0,0,1.7,0,0,0,0,0,1,0,1,0,0,0,2,0,0,2,79,100,63,36.3,14,97,0.0,11.4,11.3,237.0,4.28,1.51,12.0,1.08,134.0,3.65,108.0,5.0,219.0,,56.6,37.8,57.3,0,0
P0671,69,Female,Asian,Medicare,Widowed,32.1,Former,Breast,2,Combination,Curative,0,1,1,0.4,1,0,0,0,0,0,0,0,0,0,1,2,1,0,0,97,119,78,36.7,18,93,5.4,12.9,3.0,337.0,3.99,0.95,27.0,0.65,140.0,3.96,100.0,,292.0,,47.8,34.4,35.0,1,1
P0672,63,Female,Hispanic,Private,Widowed,25.4,Former,Breast,4,Combination,Palliative,1,0,0,1.3,3,0,0,0,0,0,1,1,0,0,0,4,1,1,0,99,155,70,36.3,20,98,3.3,8.8,8.0,376.0,,,25.0,,,3.06,,,298.0,,45.0,46.8,30.3,1,1
P0673,51,Female,Black,Private,Married,26.0,Never,Breast,3,Single agent,Palliative,0,1,0,12.7,1,0,0,0,0,0,0,0,0,0,0,1,0,0,0,86,131,63,37.1,17,98,1.0,11.0,8.9,354.0,3.79,0.59,27.0,0.94,135.0,4.73,109.0,17.5,259.0,,49.3,49.5,50.4,0,0
P0674,44,Female,Hispanic,Medicaid,Widowed,26.8,Never,Lung,2,Chemo + targeted,Curative,1,1,0,5.5,1,0,0,0,0,1,0,1,1,0,1,4,1,0,2,86,126,87,37.1,21,98,5.3,12.7,6.6,281.0,4.09,0.95,33.0,1.11,140.0,4.55,,22.2,,,58.3,58.1,56.3,0,0
P0675,70,Female,White,Private,Married,33.1,Never,Other,4,Combination,Palliative,1,1,0,9.7,0,0,1,0,0,0,0,0,0,0,1,3,1,0,0,82,136,81,37.0,16,98,3.7,,10.5,272.0,3.66,,24.0,0.66,135.0,3.88,127.0,21.2,266.0,,38.3,24.2,35.5,0,1
P0676,64,Female,Hispanic,Private,Single,28.7,Never,Lung,3,Combination,Palliative,1,0,0,1.1,0,0,0,0,0,0,1,1,0,0,0,2,2,1,0,84,147,72,36.7,14,95,1.5,,8.4,339.0,4.71,1.62,25.0,,138.0,,132.0,,384.0,,47.5,35.8,29.8,1,1
P0677,89,Female,Asian,Private,Married,21.2,Never,Lung,4,Combination,Palliative,2,0,0,6.8,3,0,0,1,0,0,1,1,0,1,0,3,2,0,0,90,132,92,36.8,18,95,6.2,11.3,,405.0,,1.28,,1.08,140.0,3.65,102.0,,,,48.6,44.2,29.8,1,1
P0678,65,Female,Asian,Medicare,Divorced,35.9,Never,Colorectal,2,Combination,Curative,0,1,0,1.6,1,0,1,0,0,0,0,0,0,1,0,2,0,0,0,86,143,81,36.6,17,97,0.5,12.0,9.4,241.0,3.66,1.39,7.0,0.11,,4.48,127.0,,260.0,,47.0,59.2,51.2,0,0
P0679,65,Male,White,Private,Single,25.4,Former,Lung,2,Chemo + immunotherapy,Curative,1,1,1,6.7,2,0,0,1,0,0,0,0,0,0,1,1,2,0,0,84,93,75,36.8,22,93,0.0,10.0,8.4,,4.31,1.12,26.0,1.31,140.0,,177.0,13.6,227.0,,43.0,33.9,32.8,1,1
P0680,58,Male,White,Private,Divorced,24.5,Never,Lymphoma,1,Chemo + targeted,Curative,0,1,0,9.3,1,0,0,0,0,0,0,0,0,0,0,1,0,0,0,85,123,78,37.2,17,99,4.1,12.6,3.2,221.0,4.67,1.21,34.0,,,,155.0,0.2,317.0,,47.2,32.4,42.4,0,0
P0681,70,Male,Asian,Private,Married,15.0,Former,Prostate,3,Chemo + immunotherapy,Palliative,1,0,1,7.4,1,0,0,1,0,0,1,0,0,0,0,1,2,0,0,85,124,73,36.4,19,97,7.2,,,228.0,2.96,0.96,,0.77,,4.27,152.0,4.9,,0.56,39.8,40.2,39.5,0,1
P0682,68,Female,White,Private,Married,30.5,Former,Breast,4,Combination,Palliative,1,0,0,5.0,1,0,1,0,0,0,0,1,0,0,0,3,2,0,0,85,123,78,36.8,21,96,3.1,12.6,12.0,,3.7,1.11,19.0,0.74,143.0,3.43,,,218.0,,45.0,39.9,47.2,0,0
P0683,75,Male,Asian,Private,Married,27.6,Current,Colorectal,4,Combination,Palliative,2,1,0,12.3,1,0,0,0,0,0,0,1,0,1,0,4,3,0,0,96,140,82,36.2,19,96,6.2,,,,2.81,,,0.59,135.0,3.98,126.0,30.5,,1.27,44.8,40.8,29.9,1,1
P0684,54,Female,Hispanic,Medicare,Married,27.5,Never,Breast,4,Combination,Palliative,0,1,1,8.6,2,0,1,0,0,0,1,1,0,0,1,6,0,0,0,75,124,91,36.5,15,96,2.6,,7.3,136.0,2.81,1.37,8.0,0.86,,,146.0,,,,46.1,56.5,41.3,0,0
P0685,55,Male,Hispanic,Private,Single,24.8,Current,Lymphoma,1,Combination,Curative,0,1,0,2.5,0,0,0,0,0,0,1,0,0,0,0,2,0,0,0,80,121,71,36.7,19,96,7.0,12.1,8.9,241.0,3.9,1.6,,0.92,136.0,4.32,60.0,,192.0,5.71,46.3,43.8,42.2,0,0
P0686,54,Male,White,Private,Married,23.8,Former,Other,4,Combination,Palliative,2,0,0,1.6,1,0,0,0,0,0,1,1,0,1,0,3,1,0,0,86,112,80,36.8,20,95,6.6,9.9,,457.0,,1.19,,,135.0,3.85,116.0,,338.0,,32.3,37.1,28.9,0,1
P0687,69,Male,Hispanic,Medicare,Single,25.0,Never,Other,2,Combination,Curative,0,0,1,20.9,2,0,1,0,0,0,1,0,0,0,0,4,1,1,0,72,125,67,36.9,18,95,3.6,6.5,3.9,140.0,3.53,,,,143.0,,94.0,29.4,352.0,10.74,51.2,42.9,54.6,0,0
P0688,78,Female,White,Medicare,Married,29.5,Never,Breast,1,Single agent,Curative,0,1,1,2.7,3,0,1,0,0,0,0,0,1,0,0,4,1,0,0,95,105,84,37.1,21,97,6.5,10.1,14.9,,3.56,2.19,37.0,0.59,143.0,,96.0,23.5,228.0,,44.0,48.8,42.5,0,0
P0689,54,Female,White,Private,Married,30.5,Never,Pancreatic,4,Combination,Palliative,1,1,0,4.4,0,0,0,0,0,0,1,1,0,0,0,4,0,0,0,71,119,90,36.3,17,96,7.0,9.9,4.3,241.0,3.71,1.34,,,141.0,3.34,121.0,32.9,200.0,,56.2,47.4,45.3,1,0
P0690,55,Male,Hispanic,Private,Single,25.7,Former,Pancreatic,4,Single agent,Palliative,2,0,1,2.0,0,0,1,1,0,1,0,1,0,1,0,5,1,1,0,100,107,78,36.9,21,95,8.2,,,,3.04,,,0.92,136.0,,,50.3,300.0,1.69,40.5,27.2,27.0,1,1
P0691,64,Female,White,Private,Married,32.2,Former,Ovarian,4,Combination,Palliative,1,0,1,8.3,3,0,1,0,0,0,1,1,0,1,0,4,2,1,0,70,151,74,37.2,16,95,7.8,9.9,,220.0,3.12,1.22,45.0,,135.0,4.59,95.0,44.4,274.0,,37.5,48.7,28.5,0,1
P0692,57,Male,White,Medicaid,Married,26.6,Never,Lung,4,Combination,Palliative,1,1,0,2.2,1,0,0,1,0,0,1,0,0,1,0,3,1,0,0,70,134,71,36.6,19,93,7.3,7.1,9.9,294.0,,0.84,,0.75,132.0,4.1,73.0,39.1,260.0,,32.6,29.5,10.0,1,1
P0693,71,Female,White,Private,Married,24.2,Former,Colorectal,2,Chemo + immunotherapy,Curative,0,0,0,4.9,2,0,1,0,0,0,0,1,0,0,0,3,2,0,0,80,144,83,36.5,17,95,4.6,11.4,8.5,255.0,2.78,1.02,18.0,1.0,139.0,,147.0,,,,44.4,39.9,30.6,1,1
P0694,33,Female,White,Private,Married,28.1,Never,Lung,2,Single agent,Curative,1,0,0,6.5,0,0,0,0,0,1,1,0,0,1,0,2,1,0,1,86,98,74,36.7,19,97,7.1,10.5,7.3,314.0,3.45,1.09,17.0,,133.0,3.94,123.0,23.2,267.0,,37.2,34.8,40.5,0,0
P0695,50,Female,Black,Private,Single,19.5,Never,Breast,1,Single agent,Curative,0,1,0,2.8,2,0,0,0,0,0,0,0,0,1,1,3,0,0,0,81,134,72,36.7,15,97,0.0,12.2,,401.0,3.96,0.92,41.0,1.02,138.0,4.31,101.0,,286.0,,61.5,41.7,70.0,0,0
P0696,51,Female,White,Private,Married,28.3,Former,Lymphoma,3,Combination,Curative,0,0,0,6.4,0,0,1,0,0,1,0,0,0,0,0,1,2,1,1,94,116,82,36.6,17,95,0.6,11.9,11.3,281.0,4.0,0.7,36.0,,140.0,4.31,86.0,,185.0,,43.0,46.7,39.6,0,1
P0697,32,Female,White,Private,Married,18.5,Current,Colorectal,3,Single agent,Curative,0,1,0,14.3,0,0,0,0,0,0,1,0,0,0,0,1,0,0,0,70,120,66,37.1,16,100,3.2,12.6,9.2,204.0,3.75,0.92,38.0,0.1,136.0,4.49,116.0,0.2,,,53.8,45.5,50.8,0,0
P0698,48,Female,Asian,Private,Single,21.3,Former,Lung,1,Chemo + targeted,Curative,0,0,0,5.7,0,0,1,0,0,1,0,0,1,1,0,4,0,0,0,87,122,84,37.4,16,95,0.0,15.4,9.3,275.0,3.47,0.59,5.0,0.84,139.0,4.63,84.0,0.2,,,56.3,37.3,62.2,0,0
P0699,49,Female,White,Medicare,Married,15.9,Never,Ovarian,3,Single agent,Curative,2,1,0,7.8,0,0,0,0,0,0,0,1,0,0,0,2,2,1,0,64,102,72,36.6,16,99,5.9,12.6,2.7,,,0.63,38.0,,137.0,3.52,,0.2,171.0,,48.4,56.3,52.0,0,0
P0700,58,Female,Asian,Medicare,Single,26.0,Never,Colorectal,3,Chemo + immunotherapy,Curative,1,1,0,3.5,0,0,0,0,0,0,0,0,0,1,0,1,1,0,0,68,110,81,37.4,16,99,2.6,12.2,8.9,216.0,2.94,0.71,12.0,0.7,140.0,3.85,132.0,7.9,308.0,,48.4,50.6,51.5,0,0
P0701,73,Female,Other,Medicare,Married,35.9,Never,Other,4,Chemo + immunotherapy,Palliative,1,1,0,3.3,0,0,0,0,0,0,1,0,0,1,1,5,2,1,0,81,138,84,36.6,16,98,10.9,,,,3.44,1.01,,,138.0,4.33,133.0,,,,29.6,35.5,18.2,1,1
P0702,57,Male,Black,Medicare,Widowed,26.4,Never,Pancreatic,3,Combination,Curative,1,1,0,1.5,2,1,0,0,0,0,1,0,0,0,0,4,2,0,0,72,133,60,36.9,18,97,2.5,10.2,6.7,342.0,3.66,1.01,31.0,,136.0,4.28,,,243.0,2.08,38.0,41.2,21.7,1,1
P0703,48,Female,Hispanic,Private,Married,30.5,Never,Ovarian,2,Chemo + immunotherapy,Curative,1,1,0,5.4,0,1,0,0,0,0,0,0,0,0,0,1,0,0,0,84,102,74,36.4,17,96,5.0,11.1,12.8,314.0,4.44,0.92,,0.57,135.0,4.18,137.0,,212.0,,53.5,49.9,45.0,0,0
P0704,59,Female,White,Medicaid,Married,39.9,Current,Pancreatic,3,Combination,Curative,1,0,0,9.8,0,0,0,0,0,0,1,0,0,0,1,4,0,0,0,71,141,64,36.4,16,96,1.1,13.7,3.2,234.0,4.11,1.47,,,,5.39,76.0,,232.0,,60.3,52.0,53.6,0,0
P0705,73,Female,Hispanic,Medicare,Widowed,29.2,Former,Breast,3,Chemo + immunotherapy,Palliative,1,0,0,7.5,3,1,1,0,1,0,1,0,0,1,1,8,1,1,0,95,127,65,36.6,20,99,6.4,,8.8,183.0,,1.09,34.0,1.16,136.0,4.13,145.0,24.2,312.0,,28.9,41.4,22.5,0,1
P0706,48,Female,White,Medicare,Single,22.8,Never,Breast,2,Combination,Curative,0,0,0,3.3,1,0,0,0,0,1,0,0,0,0,1,3,0,0,0,89,103,73,36.9,21,98,5.5,10.9,11.3,201.0,3.32,0.46,12.0,,136.0,4.29,138.0,,407.0,,46.4,40.4,43.5,0,0
P0707,49,Female,White,Medicare,Single,23.5,Never,Other,1,Chemo + immunotherapy,Curative,1,1,0,3.8,2,0,0,0,0,0,0,0,0,1,0,3,0,0,0,77,114,77,36.8,15,97,6.3,11.0,9.2,,3.19,1.01,5.0,0.82,141.0,3.49,152.0,33.8,,,29.3,51.4,36.9,0,1
P0708,67,Female,Asian,Private,Widowed,27.0,Never,Breast,4,Single agent,Palliative,0,0,0,14.4,1,0,0,0,0,1,0,0,0,0,0,2,2,0,0,82,108,64,36.2,18,95,7.2,,3.5,369.0,2.84,,,0.61,137.0,4.5,,,340.0,,22.6,34.2,11.0,1,1
P0709,57,Male,White,Private,Married,23.5,Never,Colorectal,4,Combination,Palliative,2,0,0,6.9,0,0,1,0,0,0,0,1,0,0,0,3,1,0,0,80,117,80,36.3,16,95,4.5,12.3,12.0,51.0,,0.4,33.0,1.01,141.0,4.2,115.0,,,,59.2,50.7,57.4,0,0
P0710,68,Male,Hispanic,Private,Divorced,23.9,Former,Prostate,2,Chemo + immunotherapy,Curative,0,1,0,8.4,2,1,0,0,0,0,1,0,0,0,0,2,3,0,0,95,121,70,36.2,18,95,2.8,9.6,,282.0,3.33,1.01,23.0,0.9,138.0,4.18,,,,,43.3,37.3,47.3,0,0
P0711,60,Female,Asian,Private,Single,32.4,Never,Breast,3,Combination,Curative,2,1,0,9.2,0,0,1,0,1,0,1,0,0,0,0,5,2,1,0,76,135,79,36.8,20,95,8.1,,,,,0.95,,,138.0,,,,274.0,,37.6,40.0,49.5,0,0
P0712,68,Female,Other,Medicare,Married,32.6,Former,Lung,3,Combination,Curative,0,0,0,3.4,0,0,0,0,0,0,0,1,0,1,1,5,1,1,0,57,139,97,36.7,15,96,6.2,11.8,10.8,314.0,,0.98,,1.03,140.0,4.07,,18.1,210.0,,50.3,35.8,45.6,0,0
P0713,48,Female,White,Private,Married,17.9,Never,Colorectal,2,Single agent,Palliative,2,0,0,3.1,0,0,0,1,0,0,0,0,0,0,0,1,0,0,0,73,136,72,36.7,19,96,0.8,14.2,4.7,298.0,4.32,0.98,21.0,0.9,139.0,,133.0,20.7,202.0,,63.7,56.4,64.2,0,0
P0714,60,Female,White,Private,Married,22.5,Never,Lung,2,Single agent,Curative,0,1,0,3.4,1,0,1,0,0,0,0,0,0,0,0,2,0,0,0,70,139,69,36.7,19,99,0.5,8.2,7.1,333.0,3.38,0.93,,0.14,136.0,4.67,,,222.0,,48.0,48.6,43.1,0,0
P0715,57,Female,Asian,Medicaid,Widowed,24.4,Current,Lymphoma,4,Combination,Palliative,0,1,0,3.0,1,0,0,0,0,0,1,1,0,0,0,3,3,1,0,63,97,76,36.5,17,100,2.9,14.5,4.8,235.0,4.51,0.89,39.0,0.92,138.0,4.11,60.0,0.2,,,48.9,50.0,51.1,0,0
P0716,45,Female,White,Medicare,Married,30.3,Never,Breast,3,Combination,Curative,1,1,0,12.5,2,0,0,0,0,0,1,0,0,1,1,3,0,0,0,82,100,73,36.8,17,99,4.9,12.6,,325.0,3.61,0.89,,,132.0,3.48,144.0,,,,39.2,49.3,51.6,0,0
P0717,41,Male,White,Medicare,Married,33.3,Never,Colorectal,2,Combination,Curative,1,0,1,4.2,0,0,0,0,0,0,1,1,0,1,0,3,0,0,0,65,135,71,37.1,17,95,0.0,13.2,10.6,114.0,4.21,1.06,24.0,0.13,141.0,3.93,116.0,,,1.49,54.6,59.5,62.0,0,0
P0718,68,Female,Asian,Private,Single,41.9,Former,Breast,4,Chemo + targeted,Palliative,1,1,0,11.3,0,0,1,0,0,0,1,1,0,0,0,3,1,0,0,87,124,79,36.9,18,95,5.3,9.9,,245.0,,0.94,,,,,129.0,,,,40.6,30.5,34.6,0,1
P0719,56,Male,Other,Medicare,Single,24.4,Never,Prostate,3,Single agent,Curative,2,0,0,4.3,0,0,0,0,0,1,0,0,0,0,0,1,0,0,2,72,122,74,36.3,20,95,2.6,11.9,9.4,305.0,2.18,,,1.35,,,,,,,38.8,31.8,20.8,1,1
P0720,48,Female,Asian,Medicaid,Married,24.7,Never,Breast,3,Chemo + targeted,Curative,0,0,1,4.5,0,0,0,0,0,0,0,0,0,0,0,1,0,0,0,110,130,65,36.6,18,98,0.0,14.3,3.2,228.0,4.27,0.66,29.0,,140.0,,64.0,,248.0,,43.9,46.3,51.2,0,0
P0721,59,Female,White,Medicare,Divorced,30.2,Never,Breast,2,Combination,Palliative,0,0,1,0.7,0,0,1,0,0,0,0,1,0,0,0,3,1,1,0,91,146,84,36.5,17,98,4.3,,13.8,,3.81,,5.0,0.64,,4.23,145.0,20.8,296.0,,41.7,37.6,36.9,0,1
P0722,74,Female,White,Medicare,Married,23.2,Never,Pancreatic,1,Chemo + targeted,Curative,0,0,0,3.2,2,0,1,0,0,0,0,0,0,0,0,2,0,0,0,72,139,90,37.0,14,96,0.0,14.1,5.1,210.0,3.35,1.09,35.0,,142.0,3.7,130.0,0.2,205.0,,59.9,52.8,65.8,0,0
P0723,33,Female,Asian,Medicare,Divorced,26.2,Never,Lung,2,Chemo + targeted,Palliative,0,1,0,12.7,0,0,0,0,0,0,0,0,0,1,0,3,3,0,0,70,105,70,36.4,17,97,5.9,13.6,9.1,296.0,4.83,0.58,,0.28,133.0,3.78,143.0,,,,52.9,53.8,55.0,0,0
P0724,42,Male,White,Private,Married,24.7,Never,Lymphoma,4,Chemo + immunotherapy,Palliative,0,1,0,12.4,0,0,0,0,0,1,1,0,0,0,0,1,2,0,1,76,103,77,36.8,14,98,4.3,14.0,8.3,242.0,3.92,,,0.81,138.0,,,0.2,235.0,2.05,48.4,40.2,36.1,1,1
P0725,49,Male,White,Medicare,Married,15.0,Former,Lung,3,Single agent,Curative,1,1,1,3.1,1,0,0,0,0,1,0,0,1,1,1,3,2,1,1,91,107,59,36.6,16,97,5.3,11.7,8.9,273.0,3.22,1.22,42.0,0.89,136.0,4.55,146.0,,358.0,6.13,30.3,39.6,16.2,1,1
P0726,78,Female,White,Self-pay,Single,27.7,Former,Lung,4,Combination,Palliative,1,1,0,0.4,1,0,0,0,0,0,1,0,0,0,0,2,0,0,0,79,148,78,36.5,18,98,9.0,10.3,7.4,306.0,,,30.0,0.53,,4.67,144.0,27.5,127.0,,40.9,41.8,27.4,1,1
P0727,63,Female,White,Private,Married,26.0,Never,Lung,1,Chemo + immunotherapy,Curative,1,0,0,2.1,2,0,0,0,0,0,0,0,0,0,0,2,0,0,0,70,138,92,36.8,18,97,6.9,,4.5,289.0,,1.39,38.0,0.53,,3.52,131.0,,,,42.3,36.6,37.9,0,1
P0728,69,Female,White,Private,Married,34.0,Never,Ovarian,4,Chemo + targeted,Palliative,0,1,0,3.1,1,0,1,0,0,0,0,0,0,1,0,4,2,0,0,64,131,85,36.6,14,97,0.0,11.1,11.7,356.0,3.12,,43.0,,144.0,4.28,111.0,,147.0,,46.8,46.9,40.0,0,1
P0729,46,Male,White,Private,Married,27.0,Never,Colorectal,3,Single agent,Palliative,0,1,0,3.1,0,0,0,0,0,0,0,0,0,0,0,0,0,0,0,78,101,76,36.9,16,98,5.0,13.1,4.8,332.0,3.71,0.83,31.0,0.84,,4.43,90.0,,,,57.5,39.2,54.5,0,0
P0730,47,Female,Asian,Private,Divorced,20.1,Never,Lung,3,Combination,Palliative,2,1,0,3.1,1,0,1,0,0,0,1,0,0,1,0,4,3,2,0,75,137,76,36.6,18,96,2.3,10.3,8.1,304.0,,,33.0,0.54,140.0,3.81,132.0,,171.0,,35.3,42.0,40.0,0,1
P0731,65,Male,White,Self-pay,Widowed,25.6,Never,Colorectal,2,Chemo + targeted,Curative,1,0,0,4.9,3,0,1,0,0,0,1,1,0,1,0,6,1,0,0,86,132,76,36.3,17,97,7.1,,,254.0,3.68,,,,139.0,,104.0,32.1,,,42.5,47.7,34.7,0,1
P0732,61,Male,Asian,Medicare,Divorced,15.5,Former,Lung,3,Combination,Curative,1,1,0,1.9,0,0,0,0,0,0,1,1,0,0,0,2,1,0,0,61,115,79,36.6,17,96,2.8,9.8,11.1,366.0,2.66,1.05,,1.01,134.0,,135.0,,208.0,,45.9,48.7,34.6,1,1
P0733,67,Male,White,Private,Widowed,20.3,Never,Pancreatic,1,Combination,Curative,1,1,0,4.4,1,0,1,0,0,0,1,0,0,0,0,3,1,1,0,88,129,87,36.8,20,98,1.8,,14.9,394.0,3.02,1.01,,,140.0,3.54,104.0,,,12.97,34.9,39.8,31.9,0,1
P0734,58,Female,Hispanic,Private,Widowed,30.5,Never,Other,1,Chemo + targeted,Curative,1,0,1,6.0,0,0,1,0,0,0,0,0,0,0,1,3,3,0,0,74,134,74,36.9,16,99,3.1,12.5,5.5,141.0,3.38,0.87,43.0,0.79,145.0,4.48,100.0,,,,54.5,48.1,51.7,0,0
P0735,63,Male,White,Private,Married,25.6,Former,Colorectal,4,Combination,Palliative,3,1,0,3.3,0,0,0,0,0,0,1,0,0,1,0,2,1,1,0,70,120,82,36.6,21,95,5.5,,,295.0,3.31,0.88,42.0,1.02,141.0,4.23,101.0,,,,28.3,41.9,21.6,0,1
P0736,62,Female,White,Private,Married,32.1,Former,Colorectal,2,Single agent,Curative,1,0,1,5.1,5,0,0,0,0,0,0,0,0,0,0,1,1,1,0,88,111,70,37.0,18,99,8.3,,11.7,269.0,3.59,,18.0,,136.0,5.17,118.0,,,,41.8,37.0,28.7,1,1
P0737,69,Male,White,Medicare,Widowed,16.2,Never,Lung,1,Combination,Curative,0,0,0,14.1,4,0,0,0,0,0,0,0,0,0,1,3,1,0,0,85,130,73,36.3,19,97,6.7,9.2,11.6,192.0,2.88,0.79,34.0,,138.0,4.68,112.0,23.9,,,53.2,41.2,43.2,1,0
P0738,70,Female,White,Medicare,Widowed,25.7,Never,Other,4,Combination,Palliative,2,1,0,7.8,2,0,1,0,0,0,1,1,0,1,1,7,2,1,0,80,135,70,37.0,21,96,1.9,8.4,9.1,267.0,2.76,1.49,28.0,,142.0,,,27.8,,,16.0,45.1,10.0,0,1
P0739,41,Female,White,Medicare,Widowed,24.4,Current,Colorectal,2,Combination,Palliative,0,1,0,7.0,0,0,0,0,0,0,1,0,0,1,1,4,0,0,0,84,93,75,36.9,16,99,1.7,10.5,7.1,222.0,4.58,0.63,61.0,0.72,136.0,3.65,111.0,,,,56.6,46.0,51.7,0,0
P0740,33,Female,Hispanic,Private,Divorced,32.3,Never,Breast,3,Chemo + targeted,Curative,1,1,0,3.6,0,0,0,0,0,1,1,1,0,1,0,4,1,1,0,68,116,74,36.6,16,100,5.8,10.7,11.8,345.0,3.86,1.38,51.0,0.95,139.0,3.82,55.0,36.3,118.0,,46.6,30.5,37.1,0,1
P0741,72,Female,Hispanic,Medicare,Married,30.7,Former,Other,4,Combination,Palliative,1,1,0,3.0,0,0,0,0,0,1,0,1,0,0,0,3,1,0,0,60,117,80,37.0,19,98,5.0,,3.4,180.0,3.22,0.83,,0.57,,4.15,,,,,50.6,40.8,38.1,1,1
P0742,74,Female,White,Medicare,Widowed,30.5,Former,Other,4,Chemo + immunotherapy,Palliative,1,1,0,4.6,1,0,1,1,0,0,0,1,1,0,0,3,1,1,0,83,139,82,36.8,19,95,6.0,10.1,11.5,303.0,3.39,1.33,,1.11,,3.3,,14.8,282.0,,40.5,33.5,31.5,0,1
P0743,48,Female,White,Private,Widowed,35.5,Never,Colorectal,1,Chemo + targeted,Curative,0,0,0,6.9,1,0,0,0,0,0,0,1,0,0,0,2,3,0,0,73,98,81,37.1,15,96,4.7,10.9,6.0,,3.87,0.9,,0.27,139.0,4.29,68.0,,,,45.0,51.8,42.0,0,0
P0744,38,Female,Asian,Medicare,Single,25.0,Never,Lung,3,Chemo + targeted,Curative,1,0,0,5.7,0,0,0,0,0,0,1,0,0,1,0,2,2,2,0,67,101,90,36.5,19,97,0.0,14.1,8.2,346.0,4.53,1.02,48.0,0.98,,4.29,141.0,0.2,,,46.9,43.6,47.6,0,0
P0745,61,Female,Asian,Medicare,Divorced,34.3,Never,Lymphoma,3,Combination,Palliative,0,1,1,5.3,1,0,0,0,0,0,1,0,0,0,0,2,1,0,0,88,92,82,36.5,17,97,8.8,9.4,8.5,278.0,,0.85,47.0,0.73,137.0,3.94,139.0,21.7,,,37.4,40.3,35.8,0,1
P0746,71,Female,White,Medicare,Single,21.3,Never,Ovarian,2,Single agent,Curative,1,0,0,8.7,0,1,0,0,0,1,1,0,1,0,0,3,0,0,0,85,134,61,36.9,14,97,6.4,12.4,6.8,,4.02,,5.0,0.43,141.0,4.64,107.0,,188.0,,43.8,40.4,38.0,0,1
P0747,82,Male,Black,Private,Widowed,21.1,Never,Colorectal,4,Chemo + targeted,Palliative,0,1,1,6.6,0,0,0,0,0,0,0,0,0,1,0,1,2,0,0,98,111,76,36.7,18,96,2.0,10.4,9.2,278.0,3.26,0.92,37.0,0.41,140.0,,,,,5.79,40.4,55.1,38.4,0,1
P0748,66,Male,White,Private,Married,31.1,Former,Lung,4,Single agent,Palliative,0,1,1,8.3,1,0,0,1,0,0,0,0,0,0,0,2,0,0,1,86,108,76,36.3,21,94,1.5,15.0,7.2,,,,48.0,0.99,141.0,,121.0,,,1.84,40.7,46.4,38.9,0,1
P0749,56,Female,Asian,Medicare,Divorced,18.7,Former,Lung,2,Combination,Curative,2,0,0,2.2,1,0,0,1,0,0,1,0,0,0,0,3,2,0,0,88,123,63,37.3,18,95,6.7,11.2,11.2,,3.4,1.23,,,,5.31,104.0,,255.0,,42.2,45.6,34.2,0,1
P0750,49,Female,White,Private,Married,30.2,Current,Lung,2,Single agent,Curative,0,0,0,1.6,0,0,0,0,0,0,0,0,0,0,0,0,0,0,0,68,119,82,37.2,15,96,2.3,9.4,,367.0,4.06,1.06,36.0,0.75,144.0,3.81,108.0,,107.0,,57.2,50.8,54.1,0,0
P0751,60,Female,White,Private,Married,27.6,Current,Breast,4,Combination,Palliative,1,0,0,13.3,0,0,0,0,0,0,1,0,0,1,0,2,1,1,0,65,134,90,36.8,20,93,7.3,8.9,6.3,334.0,3.4,1.22,62.0,0.86,,,,,,,39.0,52.4,49.6,0,0
P0752,56,Female,White,Medicare,Married,32.9,Former,Pancreatic,3,Chemo + targeted,Palliative,2,1,1,0.4,0,1,1,0,0,0,0,0,0,1,0,5,0,0,0,101,137,71,36.5,17,95,6.4,9.0,8.5,409.0,3.52,,51.0,0.65,,3.88,60.0,30.2,321.0,,46.2,48.6,36.7,0,1
P0753,48,Female,Black,Private,Married,26.7,Never,Breast,4,Combination,Palliative,1,1,0,1.8,1,0,0,0,0,0,1,1,0,0,0,4,0,0,0,86,137,85,36.5,17,96,4.3,,8.0,375.0,3.34,0.77,38.0,0.83,137.0,4.47,,,,,46.8,38.2,34.9,1,1
P0754,85,Male,White,Medicare,Married,27.3,Never,Colorectal,2,Combination,Curative,2,1,0,3.5,2,0,1,0,0,0,0,1,0,0,0,3,1,1,0,102,158,89,36.8,21,95,0.5,8.4,13.4,249.0,2.7,,,0.91,138.0,,109.0,,341.0,7.04,31.8,29.7,18.6,1,1
P0755,81,Female,Black,Self-pay,Widowed,29.8,Former,Ovarian,1,Single agent,Curative,1,1,0,11.2,4,1,1,0,0,0,1,1,0,0,0,6,0,0,0,71,149,82,37.1,19,97,3.2,12.6,8.4,183.0,3.68,0.4,31.0,0.56,141.0,,114.0,,192.0,,39.0,46.2,29.2,0,1
P0756,74,Female,Black,Medicare,Single,23.4,Former,Colorectal,3,Combination,Curative,1,1,0,1.6,2,0,0,1,0,0,0,0,0,1,0,3,0,0,0,93,134,84,37.5,20,93,5.9,12.2,8.4,351.0,3.47,,39.0,0.23,134.0,3.65,116.0,17.0,226.0,,41.1,45.7,21.0,1,1
P0757,49,Male,Asian,Medicare,Widowed,23.1,Never,Lung,4,Combination,Palliative,1,0,0,0.8,0,0,0,1,0,0,0,1,0,0,0,3,0,0,0,86,125,69,36.6,16,93,6.6,8.6,,350.0,3.51,0.8,29.0,0.6,,,71.0,9.7,,3.39,41.8,40.7,33.1,0,1
P0758,70,Female,White,Medicare,Married,29.6,Former,Other,1,Chemo + immunotherapy,Palliative,0,0,0,2.3,0,0,1,0,0,0,1,0,0,1,0,3,1,0,0,88,140,88,36.6,17,99,0.1,9.9,7.8,248.0,,0.89,43.0,0.73,138.0,4.99,89.0,40.2,150.0,,48.6,39.6,55.0,0,0
P0759,68,Female,White,Private,Married,26.8,Never,Breast,4,Chemo + immunotherapy,Palliative,1,0,0,3.2,2,0,1,0,0,0,1,0,0,1,0,4,1,0,0,87,102,89,36.7,17,98,3.6,12.6,5.0,166.0,4.19,0.8,15.0,1.08,142.0,3.68,106.0,9.3,,,39.8,46.2,40.8,0,0
P0760,65,Female,White,Private,Divorced,24.8,Never,Ovarian,2,Chemo + immunotherapy,Curative,1,1,0,5.1,0,0,1,0,0,0,0,0,0,0,1,2,0,0,0,78,127,82,36.8,18,97,6.6,10.8,7.4,224.0,4.17,0.94,,0.1,143.0,,105.0,10.3,,,52.9,42.8,49.7,0,0
P0761,75,Female,Asian,Medicare,Single,26.5,Former,Breast,1,Single agent,Curative,1,0,0,7.1,1,0,0,0,0,0,0,0,0,0,0,0,1,0,0,86,104,80,36.4,15,98,9.0,10.4,,290.0,,1.12,,0.67,134.0,4.42,,43.3,,,40.4,36.1,43.5,0,0
P0762,68,Male,Hispanic,Private,Married,35.8,Never,Colorectal,3,Combination,Curative,3,0,1,8.9,0,0,0,0,0,0,0,0,0,0,1,2,2,2,0,79,117,70,36.3,20,95,5.0,11.0,9.8,,3.42,0.82,49.0,,140.0,4.71,,,,,28.2,48.8,20.7,0,1
P0763,69,Male,White,Private,Divorced,24.6,Never,Prostate,2,Combination,Curative,1,0,0,1.2,1,1,0,0,0,0,1,0,0,1,1,6,0,0,0,90,107,84,36.6,16,98,6.3,6.5,7.8,197.0,3.0,1.1,42.0,0.83,,5.31,191.0,20.3,,,48.2,43.1,23.8,1,1
P0764,68,Male,Hispanic,Private,Divorced,24.4,Former,Lung,3,Combination,Palliative,1,0,0,0.3,0,0,0,0,0,1,1,1,0,1,0,4,1,1,1,75,133,77,36.8,19,96,5.4,10.5,,,3.21,,36.0,0.84,,4.07,86.0,,,,42.3,32.2,33.4,0,1
P0765,64,Female,White,Medicare,Single,17.6,Former,Colorectal,2,Chemo + targeted,Curative,2,1,0,5.0,1,0,0,0,0,0,0,0,0,0,0,0,0,0,0,75,135,75,37.2,20,99,6.3,,5.6,,3.41,0.85,36.0,0.63,138.0,4.07,,,,,43.6,42.9,35.5,0,1
P0766,39,Female,White,Private,Widowed,26.8,Never,Breast,3,Chemo + targeted,Curative,1,1,0,1.5,0,0,0,0,0,0,1,1,0,0,0,3,0,0,0,77,136,81,36.4,18,97,2.3,9.0,7.7,,3.53,1.14,5.0,0.44,140.0,4.46,119.0,0.2,,,51.3,46.8,50.7,0,0
P0767,61,Male,White,Medicare,Single,30.6,Former,Prostate,2,Combination,Curative,1,0,0,2.9,2,1,0,1,1,0,1,0,0,0,0,4,1,1,0,88,112,74,37.0,20,94,1.9,12.3,8.5,305.0,3.8,,,,141.0,3.75,105.0,3.4,,,54.1,50.5,54.7,0,0
P0768,53,Female,Asian,Private,Single,31.6,Never,Breast,4,Combination,Palliative,1,1,0,3.7,2,1,0,0,0,0,1,0,0,0,1,5,0,0,0,83,114,70,36.7,18,98,9.6,,7.9,119.0,3.51,,14.0,0.89,142.0,,125.0,,275.0,,43.1,42.8,36.6,0,1
P0769,45,Male,White,Medicare,Married,27.6,Former,Pancreatic,4,Chemo + immunotherapy,Palliative,1,0,1,3.1,0,0,0,0,0,0,0,0,0,0,1,1,1,0,0,79,136,83,36.6,16,96,10.7,8.8,11.4,296.0,3.03,0.95,,0.8,,4.53,149.0,30.1,,,29.3,38.9,23.0,0,1
P0770,80,Male,White,Private,Married,32.3,Never,Prostate,3,Combination,Curative,1,0,1,0.7,1,0,0,0,0,0,1,0,0,0,1,4,0,0,0,92,124,66,36.2,20,95,3.8,,,240.0,4.17,0.72,77.0,1.49,,,106.0,,,10.39,52.8,55.3,53.7,0,0
P0771,81,Female,Black,Private,Married,31.0,Current,Colorectal,3,Chemo + targeted,Curative,1,0,0,5.4,1,0,1,0,0,0,0,1,0,1,0,5,1,1,0,91,124,86,36.8,21,98,6.7,9.8,,,,1.51,,1.31,141.0,3.63,149.0,,209.0,,42.1,43.9,33.3,0,1
P0772,76,Female,White,Medicare,Divorced,33.1,Former,Breast,4,Chemo + targeted,Palliative,2,1,1,16.7,2,0,0,0,0,0,0,0,0,0,0,1,2,1,0,83,140,68,36.8,19,96,7.2,11.3,10.5,,3.0,0.96,36.0,,137.0,,,25.4,,,27.2,41.9,23.3,0,1
P0773,63,Male,White,Medicare,Single,32.4,Never,Colorectal,2,Single agent,Curative,0,1,0,4.4,0,0,0,1,0,0,1,0,0,0,0,3,0,0,0,70,133,62,37.4,12,94,3.4,10.4,,,,0.8,26.0,1.09,138.0,3.83,,23.6,170.0,,44.4,51.5,60.5,0,0
P0774,76,Male,White,Private,Married,35.6,Never,Prostate,4,Chemo + immunotherapy,Palliative,1,1,1,18.5,0,0,0,0,0,0,1,0,0,0,0,1,0,0,0,82,143,83,36.6,20,96,5.1,,6.7,320.0,2.98,,,1.08,137.0,3.95,184.0,,339.0,11.37,44.9,40.1,39.9,0,1
P0775,60,Male,White,Private,Single,26.1,Never,Lung,3,Chemo + immunotherapy,Curative,2,1,0,0.4,2,0,0,0,0,0,1,1,0,1,1,5,5,0,0,77,132,79,37.2,14,96,7.9,10.5,8.2,,,,14.0,0.73,140.0,4.0,91.0,,370.0,,56.7,44.7,47.8,0,0
P0776,62,Male,White,Private,Married,19.7,Former,Lymphoma,4,Chemo + targeted,Palliative,1,0,0,2.3,2,0,0,0,0,0,1,0,0,0,0,1,2,0,0,74,120,71,36.6,19,95,0.7,11.5,8.8,120.0,3.35,0.83,,0.41,,,134.0,13.1,241.0,,47.0,45.0,48.2,0,0
P0777,47,Female,White,Private,Married,30.7,Former,Breast,2,Single agent,Palliative,2,1,0,14.9,1,0,0,0,0,0,0,0,0,1,0,1,2,0,0,90,140,65,36.6,16,95,2.2,10.2,,,,1.08,,1.15,142.0,4.47,146.0,,,,39.4,55.5,46.7,0,0
P0778,65,Female,Asian,Medicare,Widowed,31.3,Former,Breast,2,Single agent,Palliative,1,1,0,2.2,1,0,0,0,0,0,0,0,0,0,0,2,1,0,0,92,139,79,36.2,19,96,6.4,9.5,10.2,,,1.09,,,138.0,4.07,,14.6,,,49.2,33.5,42.8,0,0
P0779,61,Male,White,Private,Married,35.6,Current,Lymphoma,2,Chemo + targeted,Palliative,1,0,1,5.6,1,0,0,0,0,0,0,0,0,0,0,2,0,0,0,81,125,72,37.0,16,98,4.5,,8.6,,4.92,0.54,36.0,1.12,,3.77,,,,,40.1,42.6,31.3,0,1
P0780,44,Female,Asian,Medicare,Married,34.0,Never,Breast,1,Single agent,Curative,1,0,0,4.5,0,0,0,0,0,1,0,0,0,0,0,0,0,0,3,78,133,81,36.7,17,98,5.9,11.9,6.3,253.0,3.46,1.07,19.0,0.99,141.0,,115.0,36.9,,,48.5,43.8,41.1,0,0
P0781,59,Female,White,Private,Married,37.7,Former,Lung,2,Single agent,Curative,0,0,0,3.6,4,0,0,0,0,0,1,0,0,1,0,2,0,0,0,73,125,71,36.7,14,96,3.4,10.8,6.6,,,0.83,38.0,,,4.0,,20.8,386.0,,47.1,37.3,43.6,0,0
P0782,59,Female,White,Medicare,Married,30.4,Never,Lymphoma,4,Combination,Palliative,0,0,0,8.9,0,0,0,0,0,0,0,0,0,0,0,0,0,0,0,69,112,72,36.6,17,98,3.8,13.2,9.0,238.0,3.67,0.62,20.0,0.95,136.0,5.05,86.0,,,,54.7,36.3,48.6,0,0
P0783,82,Female,White,Private,Single,28.3,Former,Lymphoma,2,Single agent,Curative,1,0,1,4.6,1,0,0,0,0,0,0,1,0,1,0,2,0,0,0,91,133,87,36.8,18,98,4.1,12.9,,329.0,3.59,1.59,,1.44,140.0,4.23,141.0,28.6,,,46.7,39.2,39.6,0,1
P0784,71,Female,White,Medicare,Widowed,19.4,Never,Breast,1,Chemo + targeted,Palliative,2,0,0,7.9,1,0,0,0,1,0,0,0,0,0,0,3,0,0,0,69,155,69,36.5,19,95,8.3,9.9,,309.0,3.88,0.78,45.0,0.75,134.0,4.9,,,,,35.8,44.9,34.6,0,1
P0785,60,Female,White,Private,Single,28.7,Former,Breast,2,Combination,Curative,1,1,0,15.1,0,0,0,1,0,0,0,1,0,1,0,2,2,0,0,74,140,64,36.8,18,96,6.0,13.8,7.4,,3.74,1.22,16.0,0.89,139.0,3.22,,0.2,335.0,,43.3,50.6,40.1,0,0
P0786,63,Female,White,Medicaid,Single,24.0,Never,Colorectal,3,Single agent,Curative,1,1,0,9.1,1,0,0,0,0,0,1,0,0,0,0,1,1,0,0,74,132,69,36.4,18,97,0.0,10.0,6.5,385.0,3.81,1.13,10.0,1.13,137.0,3.73,,,209.0,,37.7,53.1,44.6,0,0
P0787,61,Male,Hispanic,Medicare,Married,28.2,Never,Prostate,3,Combination,Curative,1,1,0,1.8,0,0,0,0,0,0,0,0,1,0,1,4,2,1,0,85,113,78,36.7,17,96,5.4,11.5,,267.0,3.47,0.51,,,137.0,,99.0,,133.0,,52.5,49.1,43.8,0,0
P0788,58,Male,Hispanic,Medicare,Single,27.3,Never,Colorectal,1,Single agent,Palliative,1,1,0,21.1,0,0,0,0,0,0,1,0,0,1,1,5,0,0,0,78,108,91,36.8,18,97,6.2,12.8,,310.0,4.44,0.76,30.0,,140.0,4.11,125.0,46.3,325.0,,50.4,43.6,51.9,0,0
P0789,47,Male,White,Private,Married,29.6,Current,Lymphoma,4,Single agent,Palliative,1,1,0,6.9,0,0,0,0,0,0,0,0,0,0,1,3,1,1,0,78,118,76,37.1,19,97,4.7,6.5,8.8,126.0,,,,0.79,142.0,4.32,170.0,,213.0,5.56,42.8,42.6,35.4,0,1
P0790,58,Female,Asian,Private,Married,26.5,Never,Pancreatic,4,Combination,Palliative,1,0,1,3.9,1,0,0,0,0,0,1,1,0,0,0,2,2,0,0,95,116,69,36.8,19,95,6.8,,,,,,,0.24,140.0,,110.0,,206.0,,45.5,41.5,35.0,1,1
P0791,51,Female,Asian,Private,Divorced,32.1,Never,Other,2,Combination,Curative,0,1,1,1.5,0,0,0,1,0,0,1,0,0,1,0,2,3,0,0,95,123,68,37.1,16,95,6.4,11.1,4.3,159.0,3.56,1.18,45.0,1.19,135.0,4.52,,36.5,,,52.8,51.2,53.3,0,0
P0792,45,Female,Hispanic,Private,Married,15.0,Never,Lung,4,Combination,Palliative,1,1,0,4.9,0,0,1,0,0,0,0,0,0,1,0,3,0,0,0,86,126,80,36.7,18,96,4.1,11.1,7.2,228.0,4.53,1.51,32.0,1.12,138.0,,86.0,,,,44.2,41.1,25.7,1,1
P0793,66,Female,White,Medicare,Married,28.0,Never,Breast,2,Combination,Curative,1,1,0,2.5,0,0,1,0,0,0,1,0,0,0,0,3,1,0,0,81,110,65,36.4,18,97,4.0,11.5,3.3,226.0,3.21,0.68,15.0,1.2,141.0,4.07,89.0,20.1,287.0,,51.1,46.6,48.2,0,0
P0794,65,Male,White,Medicare,Married,33.6,Former,Lung,3,Combination,Curative,2,1,1,1.1,1,0,0,1,0,1,0,0,0,0,0,0,1,0,1,80,115,61,37.3,24,94,4.0,6.5,6.6,283.0,3.46,,,0.86,137.0,3.84,,,,,33.1,38.1,24.7,0,1
P0795,39,Female,White,Medicare,Divorced,37.3,Current,Breast,4,Combination,Palliative,2,0,0,1.6,0,0,0,0,0,0,0,0,0,0,0,1,1,1,0,82,114,75,36.7,22,95,5.9,10.1,,231.0,3.11,1.32,,1.21,138.0,3.71,74.0,,313.0,,47.8,38.7,43.5,0,0
P0796,59,Male,White,Medicare,Married,31.0,Former,Colorectal,4,Combination,Palliative,0,1,0,0.9,1,0,0,0,0,0,0,0,0,1,1,4,1,0,1,68,131,83,37.0,15,99,0.5,8.8,8.0,,3.87,1.48,,0.8,137.0,4.86,139.0,0.2,,9.76,54.1,54.5,51.6,0,0
P0797,72,Female,White,Private,Married,36.3,Former,Ovarian,2,Chemo + targeted,Curative,0,0,0,3.4,2,1,0,0,0,0,1,1,1,0,0,6,0,0,0,89,135,84,36.5,16,93,4.9,10.6,7.9,303.0,4.25,1.01,32.0,0.88,142.0,4.53,102.0,4.9,,,50.9,39.0,50.6,0,0
P0798,73,Female,Hispanic,Private,Divorced,27.9,Never,Lung,3,Combination,Palliative,1,0,1,4.2,0,0,1,1,0,1,1,0,0,1,0,3,1,1,1,80,117,82,36.9,14,96,8.6,10.3,7.5,274.0,3.33,0.94,33.0,1.55,135.0,,,,200.0,,43.2,40.1,35.3,0,1
P0799,72,Female,Hispanic,Medicare,Married,27.0,Never,Breast,2,Single agent,Curative,0,1,0,6.3,1,0,1,0,0,0,1,0,0,1,1,4,0,0,0,74,114,89,36.8,22,97,0.8,,4.8,258.0,4.21,0.75,18.0,0.33,137.0,4.18,,,107.0,,57.3,41.8,65.2,0,0
P0800,60,Female,White,Private,Widowed,29.9,Former,Colorectal,3,Chemo + targeted,Curative,2,1,1,6.8,1,0,0,0,1,0,1,1,0,0,0,3,1,0,0,80,112,74,36.7,19,96,8.8,9.7,3.7,,,1.45,10.0,1.45,135.0,4.57,131.0,,,,44.6,51.5,39.3,0,1
P0801,50,Male,White,Private,Married,27.0,Former,Other,3,Chemo + targeted,Curative,0,0,0,3.0,1,0,1,1,0,0,0,0,0,0,0,3,0,0,1,86,136,74,37.3,20,96,2.8,11.6,11.5,241.0,3.9,,47.0,,141.0,3.86,104.0,24.1,,,40.8,44.9,40.6,0,0
P0802,47,Female,White,Medicaid,Single,22.7,Never,Breast,1,Single agent,Palliative,0,0,0,3.3,1,1,0,0,0,0,0,1,0,0,1,5,1,0,0,78,114,74,36.8,17,98,1.4,10.4,5.6,331.0,3.64,0.96,40.0,0.76,135.0,4.28,136.0,,,,51.3,47.2,49.0,0,0
P0803,64,Male,White,Self-pay,Widowed,24.2,Former,Pancreatic,4,Combination,Palliative,1,1,0,5.4,1,0,0,0,1,0,0,0,0,1,0,3,2,1,0,74,128,79,36.6,18,96,4.4,11.4,7.4,262.0,,1.36,,,,4.05,141.0,15.4,,12.12,50.7,43.9,41.1,0,0
P0804,65,Female,Asian,Medicare,Married,20.9,Never,Ovarian,3,Chemo + targeted,Curative,1,0,0,1.7,1,0,0,0,0,0,1,0,0,0,0,2,2,0,0,63,132,108,37.2,21,95,5.4,8.0,,439.0,,1.34,40.0,,,,125.0,27.9,242.0,,37.6,43.7,34.6,0,1
P0805,75,Male,White,Private,Single,29.9,Never,Colorectal,1,Single agent,Palliative,0,1,0,7.6,2,0,0,0,0,0,0,0,0,1,0,2,1,1,0,83,147,76,36.2,16,96,3.8,10.2,,309.0,2.85,1.02,,,138.0,3.97,,27.0,,1.94,33.1,39.7,37.0,0,1
P0806,73,Male,Hispanic,Medicare,Married,27.1,Never,Prostate,4,Chemo + immunotherapy,Palliative,0,1,0,3.5,3,0,0,1,1,1,1,0,0,1,1,5,1,0,1,85,112,79,36.3,17,96,7.5,9.1,9.0,321.0,3.8,,24.0,0.93,,4.45,150.0,,,,51.3,28.9,35.4,1,1
P0807,58,Female,Other,Private,Divorced,25.0,Former,Colorectal,4,Combination,Palliative,1,1,0,8.6,2,0,1,0,0,0,0,0,0,0,0,1,0,0,0,81,144,92,37.0,19,96,5.4,9.0,7.1,268.0,3.26,1.23,28.0,,,,,,,,36.2,37.3,23.2,1,1
P0808,45,Male,Asian,Private,Widowed,23.9,Former,Lung,2,Chemo + targeted,Curative,1,0,0,5.0,1,1,0,0,0,0,0,1,0,0,0,3,1,0,0,70,129,79,36.8,16,96,3.0,12.4,,287.0,4.12,0.95,54.0,0.62,133.0,3.71,135.0,,237.0,2.34,60.5,57.3,62.0,0,0
P0809,56,Male,Asian,Private,Single,29.8,Never,Colorectal,3,Chemo + immunotherapy,Curative,2,1,1,3.9,2,0,1,0,0,0,0,0,0,0,1,4,1,1,0,70,150,64,36.5,19,96,10.2,9.6,4.3,337.0,,1.37,,,,3.6,126.0,11.3,238.0,,47.0,46.0,45.8,0,0
P0810,63,Female,White,Medicaid,Widowed,31.3,Former,Breast,4,Chemo + immunotherapy,Palliative,1,1,1,10.3,3,0,1,0,1,0,1,0,0,0,0,4,2,0,0,79,149,92,36.8,18,95,4.1,,8.2,289.0,3.41,1.22,59.0,,139.0,4.56,,4.9,,,32.6,28.6,39.9,0,1
P0811,58,Male,White,Medicaid,Single,20.8,Former,Lymphoma,4,Combination,Palliative,2,0,0,1.1,0,0,0,0,0,0,1,1,0,1,0,4,0,0,0,71,126,78,37.0,16,95,2.7,10.2,1.5,,,0.95,81.0,,138.0,4.43,125.0,,,0.79,47.9,45.6,44.3,0,0
P0812,53,Female,White,Medicare,Single,19.9,Never,Ovarian,2,Chemo + targeted,Palliative,1,1,0,6.0,1,0,0,0,0,0,0,0,0,0,0,2,0,0,0,72,112,53,36.4,17,96,3.6,,9.4,,2.66,1.46,,0.85,,4.72,103.0,0.2,,,45.0,43.1,38.1,0,1
P0813,63,Female,Asian,Private,Married,32.2,Former,Lung,3,Combination,Palliative,2,1,0,13.3,0,0,0,1,0,1,1,0,1,0,0,2,0,0,1,80,135,73,36.7,21,93,9.1,10.4,7.7,,,0.94,,,138.0,,105.0,,,,31.3,37.6,16.3,1,1
P0814,54,Male,White,Medicare,Single,19.4,Never,Prostate,4,Combination,Palliative,1,0,0,5.2,0,1,0,0,0,0,1,1,0,0,0,5,1,1,0,100,108,70,36.7,19,94,3.6,11.8,7.5,,3.56,1.0,29.0,0.86,,4.2,152.0,0.2,,,59.2,53.0,65.1,0,0
P0815,52,Female,Hispanic,Private,Widowed,30.0,Never,Lung,4,Chemo + immunotherapy,Palliative,0,1,0,4.4,0,0,0,0,0,0,0,0,0,0,0,0,0,0,0,103,126,71,36.8,19,97,3.6,10.2,,223.0,3.46,0.9,30.0,,,4.06,76.0,,122.0,,45.0,41.6,43.2,0,0
P0816,64,Female,White,Medicaid,Single,35.9,Never,Breast,1,Combination,Curative,0,1,0,8.7,0,0,1,0,0,1,0,0,1,0,0,3,0,0,0,91,119,78,36.9,16,98,0.5,7.7,5.6,251.0,3.77,,27.0,,139.0,4.65,112.0,7.9,,,47.2,40.2,41.4,0,0
P0817,55,Female,White,Private,Married,35.9,Never,Lymphoma,3,Chemo + targeted,Palliative,1,1,1,2.9,0,0,0,0,0,0,1,0,0,1,0,2,1,0,0,87,120,81,36.1,16,96,2.4,,,236.0,4.39,0.9,49.0,0.37,142.0,4.44,,4.9,,,56.4,41.4,50.6,0,0
P0818,63,Female,White,Private,Married,31.1,Never,Breast,4,Single agent,Palliative,2,1,0,3.7,2,0,0,0,0,0,1,0,0,1,0,2,1,0,0,65,95,86,36.9,17,97,8.2,,4.6,277.0,2.98,1.39,25.0,0.92,143.0,,121.0,15.5,,,31.2,39.1,33.2,0,1
P0819,63,Female,Other,Medicare,Divorced,30.9,Never,Pancreatic,1,Combination,Curative,0,0,0,1.5,1,1,0,0,0,1,0,0,1,0,1,4,0,0,1,109,125,87,36.1,20,98,0.8,11.1,8.4,,3.56,1.06,37.0,0.49,142.0,,91.0,11.0,,,43.4,34.7,36.5,0,1
P0820,46,Female,White,Medicare,Widowed,39.4,Never,Lung,3,Single agent,Palliative,1,1,0,2.8,2,1,0,0,0,0,1,0,0,0,0,3,0,0,0,84,122,87,36.7,16,95,0.0,,7.8,327.0,3.19,1.52,36.0,,,4.23,,,,,43.6,44.2,46.8,0,0
P0821,54,Male,White,Medicare,Married,15.0,Former,Pancreatic,3,Combination,Curative,2,1,0,7.3,1,0,0,0,0,0,0,1,0,0,1,3,1,0,0,73,116,74,36.4,17,95,4.9,10.4,10.8,284.0,3.44,0.96,39.0,,,4.1,,39.8,,4.41,38.0,38.1,34.3,0,1
P0822,77,Male,White,Private,Married,24.4,Former,Lung,3,Single agent,Palliative,1,0,0,3.8,3,0,0,0,0,0,0,0,0,1,0,3,1,0,0,111,129,61,36.8,19,94,4.2,9.9,8.7,299.0,3.83,,18.0,,142.0,4.45,109.0,45.7,,0.79,32.6,43.9,25.4,0,1
P0823,46,Female,Asian,Medicare,Married,31.7,Never,Lung,4,Combination,Palliative,1,0,0,2.1,0,0,0,1,0,0,0,1,0,0,0,1,1,0,0,78,106,55,36.9,22,96,2.0,10.1,8.7,,3.9,0.59,43.0,0.7,139.0,4.48,55.0,29.6,165.0,,61.0,61.9,65.8,0,0
P0824,35,Female,Other,Private,Married,25.1,Never,Pancreatic,1,Chemo + immunotherapy,Curative,2,1,0,10.6,0,0,0,0,0,0,0,0,0,1,1,2,2,0,0,90,128,80,36.7,16,97,4.5,9.6,9.8,222.0,3.34,,,1.78,133.0,,143.0,,,,38.7,41.0,35.7,0,1
P0825,38,Female,White,Private,Widowed,33.8,Never,Colorectal,4,Chemo + targeted,Palliative,0,1,0,9.7,0,0,0,0,0,0,1,1,0,0,0,3,0,0,0,76,119,73,36.5,18,97,2.7,12.3,8.7,209.0,3.62,0.74,35.0,0.94,136.0,3.7,,,245.0,,54.9,53.2,51.7,0,0
P0826,60,Female,Hispanic,Medicare,Married,26.8,Former,Breast,2,Chemo + targeted,Curative,2,0,0,2.3,0,0,0,0,0,0,0,0,0,1,0,2,1,1,0,87,156,88,36.3,17,95,2.5,14.2,7.7,378.0,,0.78,38.0,0.83,132.0,,132.0,17.2,276.0,,37.9,40.2,47.4,0,0
P0827,60,Female,White,Private,Married,27.7,Former,Ovarian,4,Single agent,Palliative,2,0,1,9.6,0,0,0,0,0,0,1,0,0,1,1,3,1,1,0,90,129,80,36.7,18,96,8.6,11.0,9.9,204.0,3.68,0.89,16.0,1.5,,4.12,90.0,,,,41.2,19.2,36.1,0,1
P0828,59,Female,Asian,Medicare,Married,25.5,Never,Lung,3,Combination,Curative,1,1,0,7.1,1,0,1,0,0,1,0,0,1,0,0,2,2,2,2,91,133,64,36.6,20,97,7.0,11.1,10.3,246.0,3.81,1.12,15.0,0.52,138.0,4.93,85.0,,,,49.1,39.2,35.9,1,1
P0829,75,Female,White,Private,Married,24.1,Former,Breast,1,Chemo + targeted,Curative,0,0,0,5.4,2,1,1,0,1,0,1,0,0,0,0,5,1,1,0,95,126,75,36.8,20,97,4.0,13.7,11.2,145.0,3.0,,,0.81,133.0,,129.0,21.2,184.0,,43.7,45.0,49.8,0,0
P0830,28,Male,White,Private,Widowed,24.0,Former,Colorectal,4,Single agent,Palliative,1,1,0,13.9,0,0,0,0,0,0,0,1,0,0,0,2,1,0,0,79,132,76,36.6,15,98,4.5,12.2,13.7,280.0,3.76,1.42,44.0,,142.0,4.2,112.0,0.2,,,62.2,64.3,68.6,0,0
P0831,65,Male,Asian,Medicare,Married,28.5,Current,Prostate,4,Combination,Palliative,1,1,1,6.0,2,0,1,0,1,0,1,1,0,0,1,6,0,0,0,87,124,70,37.1,20,96,0.0,,,347.0,3.85,1.1,,,138.0,,174.0,34.1,,6.85,35.5,43.7,36.5,0,1
P0832,79,Male,White,Private,Married,22.7,Never,Prostate,2,Chemo + immunotherapy,Curative,0,1,0,2.5,3,0,0,0,0,0,1,0,0,0,0,3,1,1,0,81,155,90,36.7,18,98,4.9,,9.6,145.0,,1.28,46.0,1.14,133.0,4.15,,,243.0,,48.6,42.8,44.0,0,0
P0833,46,Female,White,Medicare,Married,32.2,Never,Ovarian,2,Single agent,Curative,0,0,0,3.5,1,0,0,0,0,0,0,0,0,0,0,1,1,0,0,68,145,71,37.0,17,96,4.9,14.5,7.5,201.0,3.93,0.69,45.0,0.81,140.0,3.65,84.0,,,,53.3,37.0,57.1,0,0
P0834,55,Male,Hispanic,Medicare,Widowed,30.6,Former,Prostate,3,Chemo + immunotherapy,Curative,1,1,0,1.0,0,1,1,0,0,0,1,0,0,1,1,6,2,0,0,73,119,75,36.6,20,95,2.5,12.2,,,,0.93,42.0,1.04,133.0,,88.0,17.3,293.0,,38.2,45.0,33.8,0,1
P0835,51,Female,Other,Private,Widowed,33.0,Never,Lung,4,Single agent,Palliative,1,1,1,7.0,1,0,0,0,0,0,1,0,0,1,0,2,1,0,0,79,118,62,36.9,16,95,5.8,11.1,10.5,,2.43,1.14,30.0,,144.0,,123.0,,,,49.7,51.1,38.9,1,1
P0836,49,Male,White,Medicare,Married,20.8,Never,Lung,2,Single agent,Curative,0,1,0,13.8,1,0,0,1,0,0,0,0,0,0,0,2,0,0,0,89,112,91,36.9,19,95,0.0,9.3,7.9,282.0,4.33,1.03,,0.1,135.0,4.93,125.0,0.2,,,51.5,68.5,52.0,0,0
P0837,56,Female,Asian,Private,Single,17.7,Never,Breast,4,Single agent,Palliative,0,0,0,6.1,0,0,0,0,0,0,0,0,0,0,1,3,1,0,0,87,105,74,36.5,18,99,5.2,,5.3,268.0,,1.31,41.0,1.23,135.0,4.67,146.0,26.4,173.0,,46.2,45.1,50.6,0,0
P0838,77,Female,Black,Private,Married,27.0,Never,Lymphoma,2,Chemo + immunotherapy,Curative,1,1,0,5.4,2,1,0,0,0,0,0,0,0,0,1,4,1,1,0,85,134,80,36.3,22,95,2.4,10.1,,,3.11,0.77,,0.66,136.0,3.55,133.0,24.3,208.0,,32.9,43.5,35.0,0,1
P0839,82,Female,White,Private,Single,42.9,Former,Breast,3,Combination,Curative,1,1,0,8.5,4,0,0,0,0,0,0,1,0,1,0,2,2,0,0,83,132,72,37.1,20,95,8.7,,10.6,,3.26,,22.0,1.25,138.0,4.67,,17.2,251.0,,36.9,39.7,20.1,1,1
P0840,56,Male,Hispanic,Medicare,Married,34.0,Former,Prostate,2,Chemo + targeted,Palliative,0,1,0,7.6,0,0,0,0,0,0,0,0,0,1,1,4,0,0,0,67,133,72,36.6,16,94,2.3,11.8,5.4,248.0,3.73,1.43,28.0,0.27,,4.98,96.0,0.8,276.0,0.94,52.7,53.8,58.2,0,0
P0841,83,Male,White,Medicare,Divorced,24.0,Never,Prostate,1,Combination,Curative,0,0,1,10.8,0,0,0,0,0,0,0,0,0,1,1,3,1,0,0,69,131,81,36.5,18,98,2.8,13.6,4.4,317.0,3.47,1.01,55.0,0.83,134.0,4.4,74.0,15.0,,,64.5,53.4,65.1,0,0
P0842,60,Female,Black,Medicare,Widowed,29.3,Former,Pancreatic,4,Chemo + immunotherapy,Palliative,1,1,0,4.6,1,0,0,0,0,0,1,1,0,0,0,3,2,0,0,84,137,79,36.6,17,96,5.0,,7.5,,3.26,1.16,39.0,,138.0,,149.0,,,,47.3,35.2,41.3,0,0
P0843,81,Female,White,Self-pay,Married,31.0,Never,Breast,2,Combination,Curative,2,0,1,6.5,2,0,1,0,1,0,1,0,0,0,1,4,1,0,0,87,134,85,36.4,19,98,9.9,8.3,,,,1.25,,,135.0,,125.0,45.4,,,29.9,37.2,31.2,0,1
P0844,59,Female,White,Private,Married,19.5,Current,Breast,4,Combination,Palliative,1,0,1,4.4,1,0,0,1,0,0,1,0,0,1,0,2,0,0,0,91,122,84,36.9,18,97,5.3,12.5,6.3,363.0,3.67,0.79,,0.78,136.0,4.83,55.0,6.7,188.0,,40.6,40.9,33.2,0,1
P0845,62,Female,White,Medicaid,Married,34.5,Never,Other,1,Chemo + targeted,Palliative,1,1,0,1.5,2,0,1,0,0,0,0,0,0,0,0,3,0,0,0,77,130,84,36.7,16,95,5.8,9.5,13.2,352.0,3.35,,33.0,,,3.67,127.0,,,,49.3,48.5,42.3,0,0
P0846,64,Male,White,Medicare,Married,26.1,Former,Prostate,2,Chemo + targeted,Curative,2,1,1,1.8,0,0,1,0,0,0,1,0,0,0,0,3,2,1,0,88,140,83,36.7,12,96,2.7,12.6,6.8,311.0,3.19,0.71,,0.74,137.0,3.94,114.0,,,87.84,40.8,49.4,44.5,0,0
P0847,90,Female,Hispanic,Medicaid,Married,26.5,Current,Colorectal,4,Chemo + targeted,Palliative,1,1,0,2.7,1,0,0,0,0,0,1,1,0,1,0,5,2,1,0,69,129,74,37.0,18,98,7.0,10.7,9.8,,,0.73,38.0,0.7,137.0,4.28,104.0,30.2,,,31.5,45.6,26.3,0,1
P0848,70,Male,Other,Medicaid,Married,27.1,Former,Pancreatic,3,Single agent,Curative,1,0,0,1.4,1,0,0,0,0,0,0,0,0,1,0,3,2,0,0,76,141,75,36.7,19,95,11.6,9.6,,321.0,,1.65,16.0,,138.0,,,,281.0,,47.0,38.3,29.3,1,1
P0849,52,Male,White,Self-pay,Widowed,33.3,Former,Other,2,Chemo + immunotherapy,Curative,2,0,0,5.3,0,0,1,0,0,1,0,0,1,0,1,5,2,0,0,87,115,67,37.2,20,97,10.1,,10.5,,3.2,,,,,3.34,125.0,,,,43.9,37.2,47.2,0,0
P0850,72,Male,White,Private,Married,22.8,Never,Lung,3,Combination,Curative,1,0,1,8.9,2,0,1,0,0,0,0,1,1,1,0,5,2,0,0,83,127,75,36.7,16,92,0.0,,7.8,236.0,3.35,1.41,,1.5,139.0,3.59,136.0,53.3,,,37.3,37.0,32.1,0,1
P0851,56,Female,White,Medicare,Divorced,17.6,Former,Other,2,Chemo + immunotherapy,Curative,1,0,1,3.0,5,0,1,0,0,0,1,0,0,1,0,4,1,1,0,89,101,81,36.2,17,96,4.3,12.1,10.4,322.0,3.09,0.96,15.0,0.8,131.0,3.53,125.0,8.6,,,46.7,36.8,45.5,0,0
P0852,54,Female,White,Medicare,Married,28.8,Former,Breast,4,Combination,Palliative,1,1,0,0.8,2,0,0,0,0,1,1,0,0,0,0,2,1,0,2,96,118,79,36.4,18,95,0.8,6.9,7.8,124.0,4.02,1.07,22.0,,,3.9,,,,,45.7,31.9,30.5,1,1
P0853,71,Female,White,Medicare,Married,15.8,Never,Other,1,Single agent,Palliative,1,0,0,2.4,1,0,0,0,0,0,0,0,0,0,0,0,2,0,0,93,113,82,36.5,19,98,2.4,13.2,,,3.75,0.95,,0.82,137.0,4.96,,,353.0,,43.9,43.6,37.3,0,1
P0854,60,Female,Hispanic,Private,Married,25.3,Current,Breast,3,Combination,Curative,1,0,1,3.8,0,0,1,0,0,1,0,0,0,0,0,3,0,0,1,97,136,90,36.7,18,96,2.2,11.3,,331.0,3.32,0.86,27.0,0.57,135.0,4.77,140.0,13.9,299.0,,35.0,40.1,30.2,0,1
P0855,63,Male,Black,Self-pay,Widowed,33.5,Never,Lung,1,Combination,Curative,0,1,0,8.5,2,1,1,1,0,0,1,0,0,0,0,5,0,0,0,101,136,68,37.2,20,96,6.1,,8.4,374.0,3.11,,,,134.0,4.14,,32.3,,1.49,38.3,62.9,40.0,0,1
P0856,60,Female,White,Private,Married,30.2,Never,Breast,3,Combination,Curative,1,0,0,4.9,1,0,1,0,0,0,0,0,0,1,0,2,3,0,0,79,145,63,36.8,20,97,4.1,11.3,9.1,303.0,,1.11,46.0,0.65,141.0,4.41,,,327.0,,35.3,44.9,41.5,0,0
P0857,64,Female,White,Medicare,Married,32.7,Current,Pancreatic,4,Chemo + targeted,Palliative,0,0,0,4.9,3,1,0,0,0,0,1,0,0,0,0,4,1,0,0,105,149,74,36.6,19,95,3.0,,6.4,354.0,4.02,1.47,,0.57,139.0,,83.0,,184.0,,43.2,36.2,34.0,0,1
P0858,65,Female,Asian,Medicare,Single,30.4,Never,Other,4,Chemo + targeted,Palliative,1,1,0,6.7,4,1,0,0,0,0,1,1,0,0,0,4,2,0,0,113,124,88,36.6,17,97,7.0,8.9,6.3,,3.93,1.19,12.0,1.09,136.0,4.0,112.0,35.4,381.0,,30.6,40.9,27.9,0,1
P0859,37,Male,White,Private,Single,40.3,Never,Lung,2,Combination,Curative,0,0,0,9.5,0,0,0,0,0,0,1,0,0,0,0,2,1,0,0,63,108,85,36.9,19,98,0.0,15.2,3.2,285.0,3.8,1.32,5.0,0.94,140.0,4.25,121.0,8.8,,,62.1,51.4,56.1,0,0
P0860,68,Male,White,Medicare,Single,23.8,Never,Lung,2,Combination,Curative,1,1,0,13.4,0,0,0,0,0,0,0,0,1,0,0,3,0,0,0,76,134,78,36.8,14,94,1.8,,6.6,319.0,,1.08,,,,,104.0,24.4,,,45.1,53.2,42.0,0,0
P0861,48,Female,White,Private,Married,29.2,Former,Lung,2,Chemo + targeted,Curative,1,1,0,3.0,0,0,1,1,0,0,0,1,0,0,0,2,1,0,0,83,119,75,36.9,20,96,1.5,12.5,3.0,90.0,3.04,0.89,39.0,0.47,140.0,3.61,104.0,,,,54.2,44.3,52.0,0,0
P0862,43,Female,White,Medicare,Married,24.6,Former,Breast,4,Chemo + immunotherapy,Palliative,0,1,0,4.6,0,0,0,0,0,0,1,0,0,1,0,4,1,0,0,82,111,76,36.5,18,96,2.4,,,313.0,3.0,0.55,5.0,0.9,,4.18,134.0,2.1,170.0,,52.3,50.1,44.9,0,0
P0863,59,Female,White,Medicare,Divorced,32.3,Never,Pancreatic,1,Combination,Palliative,0,0,0,3.0,0,0,0,0,0,0,0,0,0,1,1,4,1,0,0,62,124,85,37.4,19,98,3.9,11.9,6.9,261.0,3.91,1.18,35.0,0.78,140.0,3.83,,26.7,,,45.9,55.6,58.0,0,0
P0864,61,Female,Black,Private,Single,26.7,Former,Breast,3,Chemo + immunotherapy,Curative,1,0,0,6.5,0,1,0,0,0,0,1,0,0,0,0,4,2,0,0,70,117,70,36.6,17,97,3.7,8.3,9.5,275.0,3.57,,19.0,0.69,141.0,,132.0,,,,36.3,44.6,32.7,0,1
P0865,52,Male,White,Medicare,Single,36.5,Former,Other,2,Single agent,Curative,2,1,0,0.8,1,0,0,0,0,0,1,0,0,0,1,2,0,0,0,84,151,71,36.5,17,98,2.2,11.0,7.3,332.0,3.35,1.35,,0.74,138.0,4.34,,42.7,,4.57,48.5,40.4,39.7,0,1
P0866,70,Male,Asian,Private,Married,24.1,Former,Other,4,Chemo + targeted,Palliative,0,0,0,15.9,1,1,0,0,0,0,0,0,0,0,0,1,2,1,0,81,124,78,37.1,16,98,5.3,9.8,14.1,,3.19,0.95,60.0,0.97,142.0,3.4,154.0,8.3,207.0,,37.7,48.5,26.6,1,1
P0867,44,Female,White,Medicare,Married,34.7,Former,Breast,3,Chemo + targeted,Curative,0,0,1,7.0,0,0,0,0,0,0,1,1,0,1,1,4,0,0,0,85,120,83,37.0,15,96,2.7,13.2,8.5,,3.97,1.21,5.0,0.87,144.0,3.69,,,,,55.2,47.4,49.9,0,0
P0868,55,Female,Hispanic,Medicaid,Widowed,30.3,Current,Colorectal,3,Combination,Palliative,2,0,0,6.2,2,0,0,1,0,1,0,0,1,1,1,4,2,2,0,104,135,82,36.5,20,94,5.3,,9.3,286.0,,0.8,23.0,0.43,,4.09,134.0,,181.0,,37.7,46.3,34.0,0,1
P0869,53,Female,White,Private,Single,26.8,Never,Other,4,Single agent,Palliative,1,0,1,2.5,3,1,1,0,0,0,0,0,0,1,1,6,2,1,0,70,157,62,36.9,16,96,0.0,9.7,5.3,300.0,,,47.0,,,3.59,,38.6,,,43.3,42.5,32.6,1,1
P0870,59,Female,White,Medicare,Married,30.0,Never,Ovarian,4,Chemo + targeted,Palliative,1,0,0,3.4,0,1,0,0,0,0,0,1,0,0,1,4,0,0,0,108,122,83,36.6,17,97,7.1,,10.6,136.0,4.35,0.93,48.0,,138.0,,,29.2,,,41.4,39.7,39.8,0,1
P0871,63,Female,White,Medicare,Widowed,28.4,Former,Lymphoma,3,Combination,Curative,0,1,0,1.4,3,0,1,0,0,0,0,1,0,1,0,5,2,0,0,101,103,78,36.8,16,96,6.1,10.1,10.0,320.0,2.96,0.87,,1.09,,4.51,,,142.0,,38.0,46.9,29.4,0,1
P0872,48,Female,White,Medicare,Single,29.0,Never,Breast,4,Single agent,Palliative,1,1,1,2.4,1,0,0,0,0,0,0,0,1,1,0,3,1,1,0,66,120,80,36.8,20,97,6.9,10.6,5.9,325.0,,1.26,45.0,0.7,,3.99,134.0,,,,37.1,43.6,40.0,0,1
P0873,69,Female,White,Medicare,Married,25.9,Never,Breast,3,Single agent,Palliative,2,1,0,9.5,2,0,1,0,0,0,1,0,0,0,0,2,1,1,0,72,107,77,37.5,17,97,5.4,11.2,8.8,187.0,4.06,1.35,39.0,,,3.76,,0.2,,,47.1,34.8,41.4,0,0
P0874,61,Female,Black,Medicare,Married,23.1,Never,Pancreatic,3,Chemo + targeted,Curative,1,0,1,1.0,0,0,0,0,0,0,0,0,0,0,0,2,1,1,0,81,118,80,37.1,20,96,9.8,10.7,13.2,,,1.01,,1.19,,4.44,,3.2,,,41.8,36.4,39.6,0,1
P0875,37,Female,White,Medicare,Single,25.2,Never,Lung,1,Single agent,Palliative,1,0,0,18.2,0,1,0,0,0,0,1,0,0,0,0,3,0,0,0,68,139,74,37.0,16,100,3.4,10.0,8.2,,4.29,1.42,44.0,0.54,141.0,3.42,72.0,,241.0,,55.8,45.9,70.0,0,0
P0876,36,Female,White,Private,Married,17.7,Current,Lymphoma,3,Combination,Curative,1,1,1,10.8,0,0,0,1,0,0,0,0,0,1,0,2,0,0,0,85,107,69,36.9,19,94,1.4,10.3,10.1,187.0,3.28,0.83,,0.14,137.0,3.52,77.0,,,,42.8,37.3,36.7,0,1
P0877,60,Male,White,Private,Single,31.6,Never,Lymphoma,3,Chemo + immunotherapy,Palliative,0,1,0,6.1,1,0,0,0,0,0,0,1,0,0,0,2,0,0,0,86,110,70,36.3,16,98,2.5,,6.8,,3.3,1.33,41.0,1.0,140.0,,93.0,5.9,,,49.0,42.2,48.0,0,0
P0878,57,Female,Black,Medicaid,Single,20.2,Former,Colorectal,1,Chemo + targeted,Palliative,0,1,1,2.2,0,0,0,0,0,1,1,0,0,0,0,3,0,0,1,81,136,74,36.8,18,97,0.9,11.1,2.8,190.0,4.18,,27.0,0.45,139.0,3.87,,,246.0,,44.7,42.8,46.5,0,0
P0879,59,Female,Hispanic,Private,Married,25.8,Former,Breast,2,Combination,Curative,0,0,0,7.9,0,0,0,0,0,0,1,0,0,0,0,3,1,0,0,86,122,66,36.6,19,97,1.0,9.5,9.6,,2.96,1.05,,0.61,132.0,3.43,,,139.0,,40.7,48.4,42.9,0,0
P0880,60,Female,Asian,Medicare,Widowed,30.6,Never,Lung,4,Combination,Palliative,1,0,0,7.3,1,0,0,0,0,0,0,0,0,0,0,2,0,0,0,81,142,72,36.7,20,93,6.5,9.4,8.0,206.0,,,,0.57,,,137.0,3.0,268.0,,37.7,41.7,27.0,1,1
P0881,63,Female,Asian,Private,Married,31.6,Never,Ovarian,2,Single agent,Palliative,2,1,0,2.9,0,0,1,0,1,0,0,0,0,0,0,4,2,0,0,84,125,76,36.7,16,96,2.1,13.6,8.5,,4.11,1.25,,,134.0,3.0,77.0,,,,43.3,52.4,49.1,0,0
P0882,71,Male,Asian,Medicare,Married,17.2,Never,Lung,3,Combination,Curative,1,0,1,6.9,1,0,0,0,0,0,0,0,0,1,0,3,0,0,0,103,137,85,36.2,17,93,6.8,,,293.0,3.05,,38.0,,142.0,4.3,,34.5,,0.41,40.3,36.3,44.7,0,0
P0883,47,Female,Asian,Medicare,Single,26.5,Never,Breast,3,Single agent,Curative,1,0,0,3.8,1,0,0,0,0,0,0,0,0,1,1,3,1,0,0,53,100,80,36.6,15,96,7.1,10.5,5.1,262.0,4.7,0.42,42.0,0.5,137.0,4.03,97.0,,168.0,,50.4,63.0,50.8,0,0
P0884,46,Female,White,Private,Single,29.5,Never,Other,2,Single agent,Palliative,0,0,0,0.7,1,1,0,0,0,0,0,0,0,0,0,3,0,0,0,77,108,91,36.7,16,97,4.8,12.9,7.5,174.0,,1.16,26.0,0.4,138.0,4.24,118.0,6.2,,,52.1,59.1,56.8,0,0
P0885,47,Male,Asian,Private,Married,27.3,Former,Lymphoma,2,Single agent,Palliative,1,0,0,1.5,0,0,0,0,0,0,0,0,0,0,0,2,1,0,0,84,119,61,37.0,18,100,0.0,10.8,6.1,259.0,3.63,1.0,15.0,0.54,141.0,3.91,77.0,,248.0,,44.1,51.4,40.0,0,1
P0886,63,Male,Black,Private,Single,34.4,Never,Prostate,2,Combination,Curative,0,1,0,10.5,1,1,1,0,0,0,0,0,0,1,0,3,2,0,0,79,123,76,36.5,16,98,1.1,,4.9,203.0,3.79,1.51,28.0,1.37,132.0,,74.0,27.2,275.0,,56.7,51.0,47.2,0,0
P0887,75,Female,White,Medicaid,Widowed,22.5,Never,Ovarian,2,Single agent,Palliative,0,1,1,3.3,3,0,1,0,0,0,0,0,0,1,0,2,0,0,0,84,167,89,36.5,18,95,5.3,10.1,,203.0,,,8.0,,135.0,3.7,112.0,10.8,,,47.2,33.6,35.2,1,1
P0888,55,Female,Asian,Medicare,Divorced,15.7,Never,Colorectal,3,Single agent,Curative,2,1,0,2.6,1,0,0,0,0,0,0,0,0,0,0,0,0,0,0,96,138,78,36.4,18,96,6.1,9.6,6.2,,2.75,1.04,25.0,,,4.64,124.0,,494.0,,42.9,52.7,27.8,1,1
P0889,30,Female,White,Medicare,Divorced,31.5,Never,Other,4,Chemo + immunotherapy,Palliative,1,0,0,5.3,0,0,0,0,0,0,1,1,0,1,0,5,3,0,0,75,130,71,36.6,17,97,7.1,10.9,7.5,461.0,4.03,0.52,,0.16,138.0,,,11.6,,,47.2,41.2,36.7,1,1
P0890,40,Female,White,Medicare,Married,24.0,Never,Ovarian,4,Single agent,Palliative,1,1,1,0.5,0,0,0,0,0,0,0,0,0,0,0,0,2,0,0,99,117,67,36.4,16,97,0.4,10.5,4.8,191.0,4.1,0.95,28.0,0.86,135.0,4.14,175.0,19.1,287.0,,55.2,49.8,48.6,0,0
P0891,50,Female,White,Private,Married,17.3,Current,Lung,1,Chemo + targeted,Curative,0,1,0,4.8,1,0,1,1,0,0,1,0,0,1,0,3,0,0,0,62,105,83,37.1,21,96,0.0,13.1,11.3,273.0,4.69,0.95,44.0,1.31,137.0,5.29,,0.2,159.0,,57.2,47.9,53.7,0,0
P0892,53,Female,Asian,Private,Single,26.1,Never,Lung,4,Combination,Palliative,2,1,0,5.5,1,0,0,0,0,0,0,0,0,1,0,3,2,0,0,90,146,77,36.9,20,95,2.1,,10.0,344.0,3.51,1.52,46.0,,134.0,4.46,,,,,48.2,41.8,34.0,1,1
P0893,55,Female,Hispanic,Private,Married,33.8,Never,Lung,2,Combination,Curative,1,1,0,7.7,1,0,0,0,0,0,0,0,0,0,0,0,1,1,0,82,101,73,37.5,20,97,7.9,11.2,5.6,,2.91,1.22,6.0,0.77,136.0,,128.0,2.5,213.0,,48.5,44.2,35.2,1,1
P0894,60,Male,White,Private,Divorced,20.1,Former,Lymphoma,4,Single agent,Palliative,1,1,0,1.8,0,0,0,1,0,0,0,0,0,1,0,3,0,0,0,88,117,84,36.5,21,95,6.2,9.9,9.0,224.0,2.71,0.99,,,,,,,,,36.6,55.1,26.5,1,1
P0895,56,Male,White,Medicare,Married,39.8,Former,Prostate,1,Single agent,Curative,0,0,1,2.9,1,0,0,0,0,0,1,0,0,0,0,1,0,0,0,83,132,94,37.0,19,98,3.1,13.1,7.0,236.0,3.81,,64.0,,145.0,,132.0,0.2,265.0,,54.4,51.2,70.0,0,0
P0896,73,Female,White,Medicaid,Married,22.4,Former,Colorectal,3,Chemo + targeted,Curative,1,1,1,5.4,0,0,0,0,0,0,1,0,0,1,1,5,0,0,0,74,165,70,36.3,19,98,2.2,13.9,8.3,,3.39,1.31,21.0,0.86,135.0,3.95,101.0,5.0,,,51.0,45.7,43.3,0,0
P0897,52,Male,White,Medicaid,Married,27.5,Never,Other,3,Combination,Curative,1,1,1,2.0,0,0,0,0,0,1,0,0,1,0,1,3,1,0,1,90,147,80,37.1,14,98,0.4,12.6,,79.0,3.86,0.45,36.0,0.97,135.0,4.54,87.0,,,,47.8,45.7,40.7,0,0
P0898,50,Female,Other,Medicaid,Married,20.3,Former,Colorectal,2,Single agent,Curative,1,1,0,5.8,0,0,0,0,0,0,1,0,0,0,0,1,0,0,0,100,131,76,36.6,19,97,5.4,,,281.0,4.17,,,0.95,,4.75,,31.3,,,44.3,47.3,47.7,0,0
P0899,66,Male,White,Medicare,Married,27.2,Never,Pancreatic,4,Combination,Palliative,1,1,0,5.3,2,1,1,0,1,0,1,0,1,1,0,8,0,0,0,81,160,84,36.7,19,96,2.1,10.7,12.9,337.0,3.57,0.9,10.0,,,,,,,2.59,37.7,45.9,22.2,1,1
P0900,42,Female,White,Private,Single,26.3,Former,Lymphoma,1,Combination,Palliative,0,0,0,0.4,2,0,1,0,1,0,1,0,0,0,1,6,2,0,0,74,116,87,37.1,18,98,4.3,13.4,5.3,293.0,4.3,0.89,35.0,,138.0,,141.0,,,,49.9,57.9,45.2,0,0
P0901,65,Male,White,Medicare,Single,18.8,Never,Colorectal,2,Single agent,Curative,1,1,0,9.3,1,1,0,0,0,0,0,0,0,0,0,3,0,0,1,99,133,88,37.1,16,94,11.2,6.5,6.3,,3.22,1.18,48.0,0.36,,,124.0,,405.0,,38.3,36.1,23.6,1,1
P0902,61,Female,Other,Medicaid,Married,42.5,Former,Breast,3,Combination,Curative,0,0,0,2.0,2,0,1,1,0,0,0,0,0,1,0,4,2,1,0,94,149,74,36.4,17,91,0.0,,3.5,177.0,3.14,0.65,27.0,0.72,143.0,4.36,,,327.0,,34.2,50.2,33.2,0,1
P0903,58,Female,White,Medicare,Married,24.3,Former,Lymphoma,3,Combination,Curative,2,1,0,4.9,1,0,0,1,0,0,1,0,0,1,0,2,2,2,0,69,105,63,36.7,20,92,2.4,,,314.0,2.64,0.67,,1.22,,,73.0,,,,41.1,41.4,34.8,0,1
P0904,79,Female,Asian,Medicare,Divorced,24.3,Former,Lymphoma,2,Combination,Palliative,0,0,1,16.1,1,0,0,0,1,1,0,0,0,0,0,1,1,0,3,87,136,77,37.1,14,94,3.6,,4.5,,3.86,1.23,49.0,0.22,138.0,,92.0,,220.0,,43.7,34.6,43.1,0,0
P0905,53,Female,White,Medicare,Married,32.3,Never,Breast,2,Chemo + targeted,Curative,1,0,0,2.3,0,1,0,0,0,0,1,0,0,1,0,3,1,0,0,89,129,75,36.6,19,97,2.2,11.4,,,3.55,0.9,5.0,0.81,143.0,3.71,,,226.0,,62.7,42.2,61.5,0,0
P0906,85,Female,White,Medicare,Married,37.0,Former,Pancreatic,2,Combination,Curative,0,1,0,6.7,3,0,1,0,0,1,0,1,1,0,0,4,2,0,1,81,141,58,36.8,18,97,4.6,,4.5,270.0,3.86,1.04,5.0,0.66,143.0,,174.0,49.5,266.0,,43.1,42.1,45.4,0,0
P0907,57,Male,Asian,Medicaid,Married,33.2,Former,Colorectal,4,Chemo + immunotherapy,Palliative,1,1,1,18.8,1,0,1,0,0,0,0,0,0,0,1,4,2,0,0,98,112,86,36.9,22,97,11.2,12.7,6.4,332.0,3.12,1.15,,,,3.74,,,195.0,,47.0,46.4,41.4,0,0
P0908,45,Male,White,Medicare,Single,20.4,Never,Lung,3,Combination,Curative,0,1,0,7.5,0,0,0,0,0,0,1,0,0,1,1,5,0,0,0,61,127,70,37.1,17,98,0.0,11.4,13.5,320.0,4.69,0.56,21.0,,134.0,4.33,,,269.0,,64.0,50.5,62.4,0,0
P0909,61,Female,Asian,Private,Widowed,28.2,Never,Ovarian,2,Combination,Curative,0,0,0,10.7,0,0,0,0,0,0,0,0,0,1,1,3,2,0,0,57,129,76,36.9,18,99,1.4,10.5,10.5,265.0,4.63,0.73,5.0,0.43,141.0,4.12,103.0,43.3,169.0,,47.4,51.8,43.8,0,0
P0910,47,Male,White,Private,Single,16.7,Never,Lung,2,Chemo + targeted,Curative,3,0,0,1.6,0,1,0,1,0,1,1,0,0,1,0,4,0,0,0,93,113,70,36.6,21,96,1.3,,,274.0,3.07,0.8,13.0,1.56,,3.65,128.0,41.5,,,42.6,33.9,32.6,1,1
P0911,51,Male,Asian,Medicare,Widowed,32.0,Never,Prostate,4,Combination,Palliative,1,0,1,13.4,0,0,0,0,1,0,1,0,1,1,0,6,4,0,0,73,133,73,36.1,18,98,0.0,11.4,8.1,318.0,,,,0.7,139.0,,123.0,,392.0,1.72,48.9,57.4,43.4,0,0
P0912,65,Male,Black,Private,Divorced,18.0,Former,Prostate,4,Single agent,Palliative,2,0,0,0.7,1,0,0,0,0,0,0,1,0,0,0,3,2,0,0,85,145,87,36.9,19,97,7.0,10.3,9.6,,2.47,,53.0,1.27,,,,24.1,364.0,,31.2,34.3,15.2,1,1
P0913,67,Female,Asian,Medicaid,Married,22.6,Never,Breast,1,Chemo + immunotherapy,Palliative,1,1,0,7.1,1,0,0,0,1,0,0,0,0,1,0,3,1,0,0,72,117,77,36.8,18,99,0.0,11.8,,,3.04,,,1.42,136.0,4.43,,0.2,,,39.4,42.8,50.2,0,0
P0914,53,Male,White,Medicare,Married,27.0,Former,Colorectal,3,Chemo + immunotherapy,Palliative,2,1,0,4.8,0,0,0,0,0,0,0,0,0,0,0,1,1,0,0,94,130,92,37.2,14,99,1.9,,10.7,390.0,2.75,,,,,4.06,128.0,,336.0,,33.8,26.1,20.5,1,1
P0915,72,Female,Asian,Medicare,Married,29.4,Former,Lung,2,Combination,Curative,1,0,0,3.7,1,0,0,0,0,0,0,0,0,1,0,1,1,1,0,85,148,82,36.9,20,97,3.8,11.3,4.2,369.0,,1.14,,0.82,140.0,4.25,90.0,9.9,293.0,,49.8,55.5,57.4,0,0
P0916,74,Female,Other,Private,Married,25.6,Former,Breast,2,Combination,Curative,2,1,0,3.2,1,0,0,0,0,1,0,0,1,0,0,2,1,0,0,85,149,83,36.5,22,98,8.2,,,,2.9,,,1.2,,,135.0,,,,41.5,43.0,39.1,0,1
P0917,77,Male,White,Medicare,Single,35.4,Former,Lymphoma,4,Chemo + targeted,Palliative,2,0,0,7.6,5,1,0,0,0,0,1,0,1,0,0,5,0,0,0,75,128,76,36.3,21,95,3.8,8.1,11.9,259.0,,0.67,,1.52,136.0,,,,,0.77,31.3,36.0,18.1,1,1
P0918,66,Female,White,Medicare,Married,31.0,Former,Breast,4,Chemo + immunotherapy,Palliative,1,0,0,2.5,0,0,0,1,0,0,0,1,0,0,0,1,0,0,0,81,142,76,36.6,20,94,2.2,10.8,,339.0,3.5,0.89,16.0,0.94,139.0,,,,347.0,,36.7,42.1,25.8,1,1
P0919,76,Female,Black,Private,Married,30.5,Never,Other,1,Combination,Palliative,1,0,1,3.3,1,0,0,0,0,0,0,0,0,0,0,0,0,0,0,87,126,86,36.8,18,99,0.0,12.7,13.7,303.0,2.67,,22.0,0.6,135.0,4.53,,11.8,,,52.4,34.8,45.7,0,0
P0920,37,Female,White,Medicaid,Married,20.2,Never,Colorectal,4,Single agent,Palliative,1,0,0,7.2,0,0,0,0,0,0,0,1,0,1,0,2,2,2,0,76,130,83,36.7,15,97,5.2,12.0,7.9,257.0,4.0,0.89,34.0,0.29,143.0,,113.0,24.5,139.0,,48.1,42.1,39.3,0,1
P0921,56,Male,Asian,Private,Single,36.3,Former,Lung,4,Chemo + targeted,Palliative,1,1,0,10.4,2,1,0,0,1,0,1,0,1,0,0,4,2,0,0,77,113,78,36.3,15,94,4.0,,,,3.04,0.82,,0.92,144.0,,,,146.0,,48.4,44.9,49.8,0,0
P0922,50,Female,Black,Private,Single,22.6,Current,Other,4,Single agent,Palliative,1,1,0,4.4,1,0,0,0,0,0,0,0,0,0,0,2,2,1,0,83,101,79,35.9,17,94,4.3,9.6,6.8,237.0,3.38,1.46,,0.47,,3.57,98.0,,,,33.3,40.9,33.6,0,1
P0923,61,Male,White,Private,Widowed,36.6,Never,Colorectal,4,Chemo + targeted,Palliative,1,1,0,13.7,2,0,0,0,0,0,1,1,0,0,1,5,0,0,0,89,133,75,36.4,18,95,0.0,10.3,11.5,,3.31,1.23,29.0,1.13,133.0,3.91,154.0,32.2,,6.14,34.9,29.3,32.9,0,1
P0924,53,Male,Asian,Medicare,Married,38.1,Current,Prostate,3,Combination,Curative,2,1,0,5.5,0,1,0,0,0,0,0,0,0,0,0,1,2,0,0,87,135,77,36.0,19,94,6.8,10.7,13.6,369.0,3.89,1.29,29.0,1.27,142.0,3.7,193.0,,173.0,,40.0,42.7,34.0,0,1
P0925,58,Male,Asian,Medicare,Married,29.8,Current,Lymphoma,4,Combination,Palliative,0,1,0,5.1,1,0,0,0,0,1,1,0,0,1,0,4,1,0,2,94,134,76,36.4,17,97,2.4,10.4,5.7,216.0,3.38,1.15,,,144.0,3.98,,,320.0,,47.4,35.2,38.2,0,1
P0926,83,Female,White,Medicaid,Widowed,32.7,Never,Ovarian,2,Single agent,Curative,2,1,0,25.4,2,0,0,0,0,0,0,1,0,1,0,3,1,1,0,86,120,79,36.8,17,94,9.0,8.0,,302.0,3.7,,,0.91,,3.92,111.0,,,,33.1,29.0,26.6,0,1
P0927,58,Female,Hispanic,Private,Single,15.0,Former,Breast,3,Combination,Palliative,1,1,0,6.4,1,0,0,0,0,0,1,1,0,0,1,3,1,1,0,92,90,84,37.1,17,96,2.2,9.5,8.9,,,1.28,15.0,,137.0,4.08,102.0,,,,39.6,35.0,32.7,0,1
P0928,65,Female,White,Self-pay,Single,25.9,Former,Breast,2,Combination,Curative,2,1,0,17.3,1,0,1,0,0,0,1,0,0,1,0,5,0,0,0,71,142,78,36.0,18,95,5.3,10.5,9.0,266.0,,1.83,,0.84,137.0,,94.0,,239.0,,35.9,33.9,39.1,0,1
P0929,57,Female,White,Medicare,Married,33.1,Never,Other,4,Combination,Palliative,1,1,0,23.9,0,0,0,0,0,0,1,0,0,0,1,3,0,0,0,87,145,71,36.4,15,94,2.3,10.8,,272.0,3.3,1.27,27.0,0.74,137.0,5.06,142.0,26.5,,,45.9,47.7,37.6,0,1
P0930,61,Female,Hispanic,Private,Married,32.1,Never,Breast,1,Single agent,Curative,1,0,0,1.7,0,0,1,1,0,0,0,1,1,0,1,4,0,0,0,84,102,76,36.8,19,93,6.0,9.8,10.6,172.0,3.66,,34.0,0.61,,,88.0,28.4,217.0,,50.7,59.7,59.3,0,0
P0931,60,Female,White,Private,Widowed,20.3,Never,Lymphoma,3,Combination,Palliative,1,0,0,2.5,2,0,0,0,0,0,1,0,0,0,0,1,1,1,0,110,121,74,36.6,23,97,2.7,9.9,6.1,266.0,3.36,0.72,,0.97,139.0,4.1,,,322.0,,29.1,60.8,22.4,0,1
P0932,65,Male,Hispanic,Private,Single,25.4,Former,Prostate,4,Chemo + immunotherapy,Palliative,0,1,1,0.9,2,1,0,0,0,0,0,0,0,1,1,4,1,0,0,73,113,80,36.7,16,97,3.8,14.3,7.5,237.0,,0.77,5.0,,135.0,4.66,127.0,,,,48.2,42.7,44.4,0,0
P0933,74,Male,White,Medicaid,Single,15.0,Never,Prostate,2,Combination,Curative,2,1,0,8.0,5,0,0,0,0,0,0,0,0,1,0,1,1,1,0,76,133,73,36.8,24,91,3.4,9.3,7.3,,2.79,1.43,30.0,1.41,136.0,4.59,158.0,,,16.54,24.8,23.8,12.0,1,1
P0934,80,Female,White,Private,Married,29.3,Former,Pancreatic,2,Chemo + targeted,Curative,0,1,1,8.1,0,0,0,1,1,0,0,0,0,0,0,3,0,0,0,72,150,87,36.6,17,94,2.7,,12.4,357.0,,,,0.95,140.0,3.52,,8.5,203.0,,43.9,41.7,40.1,0,0
P0935,64,Female,White,Medicare,Married,16.6,Former,Other,2,Combination,Curative,1,1,0,3.0,1,0,0,0,0,0,1,1,0,1,0,4,1,0,0,74,123,74,37.1,17,98,5.1,,10.1,396.0,3.89,0.7,27.0,,,4.16,122.0,,,,48.8,38.5,39.4,0,1
P0936,67,Female,Asian,Medicare,Married,33.2,Former,Breast,3,Chemo + targeted,Curative,0,1,1,0.4,1,1,0,0,0,0,1,0,0,0,1,5,1,0,0,83,120,89,37.4,18,98,0.0,12.8,5.7,324.0,3.63,1.12,19.0,0.9,140.0,4.59,,24.1,257.0,,61.6,31.8,44.2,1,0
P0937,46,Male,Black,Medicaid,Divorced,33.5,Never,Prostate,2,Combination,Curative,0,1,0,6.7,0,0,0,0,0,0,0,0,0,0,1,1,0,0,0,67,126,75,36.4,17,100,4.4,10.5,8.0,366.0,3.37,0.71,30.0,,,3.79,136.0,5.1,161.0,2.63,50.0,50.3,51.9,0,0
P0938,59,Male,Hispanic,Medicare,Married,24.4,Never,Lymphoma,3,Single agent,Curative,1,1,0,1.0,0,0,0,1,0,0,0,0,0,0,0,2,3,1,0,86,95,80,37.0,16,94,6.7,12.2,8.0,230.0,2.95,1.34,35.0,0.93,141.0,,159.0,,,,44.8,38.6,36.0,0,1
P0939,71,Female,Other,Medicare,Married,29.9,Never,Lung,3,Single agent,Palliative,0,0,0,4.1,1,0,1,0,0,0,1,1,0,1,1,7,2,0,0,81,143,87,37.3,18,97,0.0,14.1,4.3,248.0,4.1,1.2,41.0,0.68,141.0,,119.0,,146.0,,45.5,45.5,43.5,0,0
P0940,70,Female,Asian,Private,Married,25.8,Never,Ovarian,4,Single agent,Palliative,0,1,0,8.4,0,0,0,0,0,0,1,0,0,0,1,3,0,0,0,90,143,87,37.1,17,95,4.6,10.2,12.4,,2.99,1.31,41.0,0.78,,3.95,121.0,,,,46.0,45.1,45.6,0,0
P0941,63,Male,Black,Medicaid,Widowed,28.3,Never,Colorectal,4,Chemo + targeted,Palliative,1,0,0,5.4,0,0,1,0,0,0,1,0,0,1,0,4,1,0,0,87,129,83,36.5,17,94,6.7,,6.8,,,0.87,,1.35,139.0,,74.0,,228.0,1.51,50.3,42.2,39.8,1,1
P0942,71,Female,White,Private,Married,20.7,Never,Breast,2,Chemo + targeted,Curative,0,0,0,10.4,0,0,0,0,0,0,0,0,0,0,1,1,0,0,0,87,122,98,36.6,17,97,0.2,12.6,16.3,,,1.19,30.0,0.6,,4.95,90.0,30.5,280.0,,52.1,30.2,50.6,0,0
P0943,66,Female,Hispanic,Private,Married,30.4,Never,Ovarian,4,Chemo + targeted,Palliative,1,1,1,3.9,2,0,0,0,0,0,0,1,1,1,0,5,0,0,0,87,123,77,36.2,19,96,1.6,8.7,8.4,197.0,3.22,,12.0,,144.0,4.23,96.0,,,,45.9,36.5,30.4,1,1
P0944,74,Male,Asian,Self-pay,Single,18.0,Former,Other,4,Chemo + targeted,Palliative,1,0,1,2.6,1,0,1,0,0,0,1,0,0,0,1,5,1,1,0,95,128,67,36.5,16,100,0.0,10.6,,84.0,,1.2,,0.59,,3.96,103.0,27.2,,,34.8,32.0,39.1,0,1
P0945,63,Female,Hispanic,Private,Divorced,16.9,Never,Breast,4,Chemo + targeted,Palliative,0,1,0,2.1,1,0,1,0,0,1,0,0,0,0,1,3,0,0,1,66,128,78,36.5,18,96,0.4,10.8,8.1,295.0,3.65,,,,134.0,4.45,160.0,,339.0,,46.4,32.8,44.0,0,0
P0946,56,Male,White,Private,Single,26.3,Never,Pancreatic,3,Chemo + immunotherapy,Curative,1,1,1,8.2,2,1,1,0,0,0,1,0,1,1,0,7,0,0,0,67,105,84,36.8,17,96,7.9,10.8,,351.0,,0.79,42.0,1.01,138.0,4.33,,12.8,202.0,,44.3,39.7,36.4,0,1
P0947,64,Female,White,Medicare,Divorced,25.8,Former,Breast,1,Chemo + targeted,Curative,1,1,0,4.5,0,0,1,0,0,0,1,0,0,1,0,4,0,0,0,78,135,82,36.4,20,97,0.9,8.7,6.4,,3.6,1.06,41.0,,134.0,3.97,115.0,29.0,295.0,,55.4,51.4,53.3,0,0
P0948,25,Female,Asian,Private,Married,28.5,Never,Breast,3,Combination,Curative,0,0,0,2.5,0,0,0,0,0,0,0,0,0,0,1,3,1,0,0,78,109,64,36.7,18,99,3.2,13.0,2.3,300.0,4.42,1.07,23.0,0.47,138.0,4.26,105.0,26.8,266.0,,56.6,48.5,49.4,0,0
P0949,65,Male,White,Private,Widowed,23.4,Current,Lung,3,Single agent,Curative,1,1,0,6.4,0,0,0,1,0,0,0,0,0,0,1,3,1,1,0,76,127,74,36.8,19,95,4.0,,,347.0,3.05,0.83,,1.1,138.0,,139.0,,,,30.9,33.0,23.9,0,1
P0950,21,Female,White,Medicare,Widowed,37.4,Former,Ovarian,2,Combination,Palliative,1,1,0,0.8,0,0,0,0,0,0,1,0,0,1,0,3,1,1,0,82,105,66,36.6,18,95,0.7,11.9,,219.0,4.09,1.07,57.0,1.02,142.0,4.35,91.0,,150.0,,63.5,52.1,70.0,0,0
P0951,39,Female,Other,Medicare,Married,27.9,Never,Breast,1,Chemo + targeted,Palliative,0,1,1,5.0,0,0,0,0,0,0,1,1,0,1,0,4,1,0,0,63,124,69,37.0,17,99,4.9,10.2,11.2,131.0,3.71,1.06,7.0,0.73,142.0,3.83,,,,,64.6,52.1,62.0,0,0
P0952,65,Female,White,Medicare,Single,28.3,Current,Breast,2,Combination,Curative,1,1,1,6.0,3,0,0,0,1,0,1,1,0,0,0,4,1,1,0,80,145,76,36.6,19,96,8.6,11.7,14.4,200.0,3.84,,,,134.0,,146.0,,222.0,,37.9,50.0,34.0,0,1
P0953,66,Female,White,Private,Married,28.1,Former,Lymphoma,3,Combination,Curative,2,1,1,6.6,1,0,0,0,0,0,0,0,0,0,0,2,0,0,0,83,130,80,36.8,18,92,5.1,,6.7,,3.93,1.17,,0.61,138.0,4.02,127.0,,342.0,,35.5,60.9,22.9,1,1
P0954,46,Male,White,Medicare,Married,32.5,Former,Colorectal,1,Chemo + targeted,Curative,0,1,0,13.8,0,0,0,0,0,1,0,0,1,0,0,3,0,0,0,81,98,69,36.3,15,97,0.2,12.7,4.7,,4.23,0.7,23.0,0.86,,4.1,,0.2,,,54.7,33.4,56.9,0,0
P0955,51,Female,White,Medicare,Married,30.2,Never,Breast,3,Combination,Curative,1,1,0,3.7,1,1,0,0,0,0,0,0,0,1,0,2,0,0,0,76,122,70,36.5,17,95,1.0,10.0,6.4,303.0,,1.2,,0.69,,3.42,144.0,,,,42.9,49.0,39.7,0,1
P0956,76,Male,Asian,Private,Married,29.4,Never,Lung,4,Combination,Palliative,2,1,1,6.0,2,0,1,0,0,0,0,0,0,0,0,3,1,1,0,95,136,85,37.0,16,98,7.1,,3.2,,3.13,0.83,,1.05,133.0,,,,83.0,,40.6,30.0,19.8,1,1
P0957,54,Female,Hispanic,Private,Widowed,31.0,Never,Pancreatic,2,Chemo + targeted,Curative,0,0,0,6.8,0,0,0,0,0,1,0,0,0,1,0,3,3,0,1,95,122,69,36.2,13,97,2.9,12.3,8.6,290.0,,1.36,49.0,0.54,136.0,4.44,117.0,,,,57.5,47.0,45.6,1,0
P0958,87,Male,Other,Private,Married,17.0,Former,Prostate,1,Combination,Curative,1,1,1,4.6,2,0,1,0,0,0,1,0,0,0,0,2,0,0,0,99,125,73,36.9,17,98,8.6,9.3,,341.0,,1.48,34.0,,,3.93,,37.5,,0.83,39.7,28.7,45.2,0,0
P0959,60,Male,Asian,Medicare,Single,17.2,Never,Pancreatic,2,Combination,Curative,0,0,0,1.5,1,0,0,0,1,0,0,0,0,0,0,3,0,0,0,100,124,94,36.6,16,98,0.0,8.3,,143.0,3.3,1.3,,1.18,,4.42,55.0,,307.0,,50.7,42.1,40.7,1,0
P0960,65,Female,Asian,Private,Married,26.6,Never,Breast,2,Combination,Curative,1,0,1,8.8,2,0,0,0,0,0,0,0,0,0,0,0,1,0,0,92,138,72,36.1,16,96,2.5,11.4,9.5,213.0,,1.63,32.0,,,,99.0,19.2,255.0,,53.6,38.3,44.2,0,0
P0961,79,Female,White,Medicare,Married,25.9,Never,Colorectal,4,Combination,Palliative,2,0,0,0.4,4,0,0,0,0,0,0,1,0,1,1,3,1,1,0,91,127,63,36.6,20,96,4.9,14.6,8.2,203.0,3.06,,39.0,,,,99.0,45.3,,,42.9,40.8,36.8,0,1
P0962,62,Female,Hispanic,Self-pay,Married,30.2,Never,Pancreatic,3,Combination,Curative,0,0,0,1.6,0,0,1,0,0,0,0,0,0,1,1,4,1,0,0,73,148,68,36.9,18,98,6.0,12.8,7.5,224.0,3.18,,14.0,0.39,138.0,,,1.5,216.0,,51.7,40.3,33.1,1,1
P0963,48,Male,White,Private,Married,27.1,Never,Lung,4,Single agent,Palliative,1,0,0,3.6,1,0,0,0,0,0,1,1,0,0,0,2,2,2,0,76,112,59,37.4,17,97,0.1,10.8,8.2,220.0,2.69,1.52,,,133.0,3.71,108.0,,295.0,,48.8,43.7,50.1,0,0
P0964,59,Female,White,Medicare,Single,30.2,Never,Breast,4,Combination,Palliative,2,1,0,1.6,0,0,1,0,0,0,0,0,0,0,0,3,2,0,0,90,113,91,37.3,17,95,2.8,16.1,,111.0,3.65,0.98,38.0,1.25,,3.91,,23.5,273.0,,47.6,43.6,42.0,0,0
P0965,60,Female,Other,Private,Widowed,20.1,Current,Lung,2,Chemo + targeted,Curative,1,1,0,5.0,1,0,0,0,0,0,0,0,0,0,0,0,2,1,0,67,122,75,36.4,19,98,8.2,7.2,,331.0,2.79,0.96,17.0,,139.0,4.25,,,337.0,,31.8,44.9,22.3,0,1
P0966,44,Female,Hispanic,Private,Married,26.9,Never,Lung,3,Single agent,Curative,1,1,1,11.1,0,0,0,0,0,0,0,1,0,0,0,3,0,0,0,93,92,66,36.9,15,97,3.6,12.5,7.8,351.0,4.66,1.28,38.0,,136.0,3.6,77.0,8.4,278.0,,56.3,46.6,50.3,0,0
P0967,57,Female,White,Medicare,Widowed,19.6,Never,Breast,3,Combination,Curative,0,0,0,17.7,0,0,0,0,0,0,0,1,1,0,1,3,2,0,0,73,124,80,36.6,12,96,3.3,14.7,5.9,202.0,,0.93,37.0,1.68,137.0,5.0,,,137.0,,56.2,61.9,59.7,0,0
P0968,51,Male,Asian,Private,Single,29.1,Never,Other,3,Combination,Curative,1,1,0,4.6,2,0,0,0,0,0,1,0,0,0,1,2,0,0,0,75,118,89,36.5,20,99,1.0,9.5,8.4,220.0,2.27,,20.0,,137.0,4.3,125.0,,161.0,,38.8,40.9,26.3,1,1
P0969,71,Female,White,Medicaid,Single,16.7,Never,Colorectal,2,Combination,Curative,0,0,0,6.4,1,0,1,0,1,0,0,0,0,0,0,3,1,0,1,91,141,78,37.0,18,93,4.0,10.9,6.0,,4.11,0.86,12.0,1.06,,4.6,81.0,,,,39.6,44.7,38.5,0,1
P0970,60,Male,White,Medicare,Married,28.9,Former,Prostate,2,Combination,Curative,1,1,0,5.0,1,0,0,0,1,0,1,0,0,0,0,3,0,0,0,85,101,89,36.8,18,95,1.1,9.7,10.9,266.0,3.12,0.87,,0.81,133.0,3.73,94.0,,,1.69,43.0,33.9,31.4,1,1
P0971,57,Female,White,Private,Married,18.9,Never,Breast,3,Combination,Curative,1,0,0,4.4,1,0,0,0,0,0,0,1,0,0,0,3,1,1,0,81,135,73,36.8,19,95,8.7,9.2,,,3.72,0.71,23.0,0.71,136.0,,151.0,,,,33.5,37.9,28.7,0,1
P0972,59,Male,White,Private,Divorced,24.9,Current,Prostate,3,Combination,Curative,1,1,1,4.4,2,0,0,1,0,0,0,0,0,0,0,1,2,0,0,76,127,66,36.2,17,96,6.8,,,214.0,3.67,0.8,37.0,,142.0,,116.0,,321.0,2.27,41.8,35.8,33.5,0,1
P0973,63,Male,White,Private,Single,31.9,Current,Prostate,2,Chemo + targeted,Curative,2,1,0,15.5,1,0,0,0,0,0,1,0,0,1,0,3,0,0,0,66,148,91,36.4,16,96,4.0,,7.5,309.0,4.19,,26.0,0.87,142.0,3.33,,,,2.41,50.0,50.9,49.0,0,0
P0974,67,Female,White,Medicaid,Married,28.3,Former,Other,1,Combination,Curative,0,0,1,0.5,2,0,0,0,0,0,0,0,0,0,1,1,0,0,0,59,125,71,36.4,17,96,3.8,9.6,7.8,,4.45,0.6,37.0,0.75,142.0,,73.0,16.1,,,50.9,48.9,47.8,0,0
P0975,48,Male,White,Medicare,Divorced,17.9,Former,Colorectal,3,Chemo + immunotherapy,Curative,2,0,0,9.3,0,0,0,0,0,0,1,0,1,1,0,3,2,1,0,95,126,70,36.9,17,98,7.1,11.2,6.7,233.0,,0.73,,0.65,,4.72,,0.2,296.0,3.02,45.3,45.5,50.2,0,0
P0976,48,Female,White,Private,Married,23.3,Never,Pancreatic,4,Combination,Palliative,2,0,0,2.2,0,0,0,0,0,0,1,0,0,0,1,4,2,2,0,80,130,83,36.9,16,97,11.1,8.0,3.8,267.0,3.02,0.82,42.0,0.86,135.0,5.2,133.0,23.8,,,39.2,37.6,24.8,1,1
P0977,73,Male,Hispanic,Medicare,Divorced,18.7,Former,Lung,3,Chemo + targeted,Curative,2,0,0,4.0,4,0,1,0,0,0,1,0,0,0,0,3,2,0,0,78,103,80,37.2,20,95,6.8,8.7,9.0,147.0,3.35,1.07,43.0,0.82,,4.18,108.0,52.1,,4.94,38.6,43.0,28.4,1,1
P0978,55,Male,Asian,Medicare,Married,17.7,Never,Prostate,1,Combination,Curative,0,1,0,1.5,0,0,0,0,0,0,0,0,0,0,0,1,1,0,0,85,139,75,36.4,18,97,2.2,9.6,7.9,230.0,3.96,0.97,43.0,,133.0,4.02,114.0,36.6,80.0,9.84,48.2,51.3,50.2,0,0
P0979,43,Male,Hispanic,Medicare,Widowed,27.6,Former,Other,2,Chemo + targeted,Curative,3,1,0,1.4,0,0,0,1,0,0,0,0,0,0,0,1,1,1,0,78,118,72,37.2,20,92,7.2,7.2,10.3,292.0,3.39,1.75,,,136.0,,147.0,28.7,198.0,3.66,26.2,47.1,25.3,0,1
P0980,65,Male,White,Private,Married,30.1,Never,Prostate,4,Chemo + immunotherapy,Palliative,1,1,0,10.4,2,0,1,0,0,0,0,0,0,1,0,4,2,0,0,75,112,73,36.6,20,96,8.6,12.1,,244.0,,1.31,,,140.0,3.81,90.0,,,,41.3,18.6,29.3,1,1
P0981,66,Male,Asian,Private,Married,29.4,Never,Lymphoma,4,Combination,Palliative,1,1,0,2.7,2,1,0,0,0,0,1,0,0,0,0,3,2,0,0,94,126,78,36.7,19,96,6.5,10.8,9.8,212.0,3.86,0.89,61.0,0.63,139.0,3.86,129.0,35.2,399.0,,41.9,47.6,32.3,0,1
P0982,42,Female,Hispanic,Private,Single,30.3,Never,Ovarian,1,Combination,Curative,0,0,0,4.9,0,0,0,0,0,0,0,0,0,0,0,1,0,0,0,85,136,78,36.7,17,95,3.0,11.8,8.3,345.0,3.35,0.95,47.0,,140.0,4.17,83.0,,,,55.2,53.1,56.7,0,0
P0983,63,Female,White,Private,Married,26.9,Former,Other,3,Chemo + immunotherapy,Curative,0,1,0,7.0,1,1,1,0,0,1,0,0,0,1,1,5,1,1,1,86,124,77,36.8,18,93,7.5,,10.4,,4.14,0.96,,0.9,135.0,,131.0,26.1,,,42.5,34.3,25.0,1,1
P0984,69,Female,White,Medicare,Widowed,25.5,Former,Breast,3,Chemo + immunotherapy,Curative,2,1,0,13.8,1,0,0,0,0,0,0,0,0,0,0,2,0,0,0,81,129,81,36.9,19,95,7.3,10.1,,,,1.43,59.0,0.71,,3.67,152.0,,,,39.3,45.9,35.4,0,1
P0985,64,Female,White,Private,Single,21.1,Never,Breast,3,Chemo + immunotherapy,Curative,0,0,0,1.5,0,0,1,0,0,0,1,0,0,1,0,3,0,0,0,78,101,82,37.0,17,99,0.0,11.9,9.7,265.0,3.3,1.06,38.0,0.47,141.0,4.92,138.0,3.0,226.0,,61.6,57.3,55.8,0,0
P0986,68,Male,White,Private,Married,24.6,Never,Prostate,2,Single agent,Curative,1,1,0,14.4,2,0,1,0,0,0,0,0,0,0,0,1,1,0,0,87,118,82,36.6,15,97,6.7,9.9,,138.0,4.3,,46.0,0.85,141.0,,107.0,6.3,236.0,,43.1,40.4,37.4,0,1
P0987,43,Female,White,Private,Married,19.7,Never,Other,3,Single agent,Curative,2,1,0,5.8,0,0,0,0,0,0,1,0,0,1,1,5,2,2,0,85,130,72,36.7,15,95,2.1,12.2,7.9,196.0,2.63,1.2,19.0,0.66,138.0,,137.0,27.5,,,42.1,33.7,42.2,0,0
P0988,64,Female,White,Private,Widowed,22.4,Former,Colorectal,4,Combination,Palliative,2,1,0,5.6,0,0,0,0,0,0,1,0,0,0,0,2,0,0,0,94,141,73,36.4,17,100,3.7,9.9,4.8,237.0,3.78,1.19,8.0,0.47,,3.76,128.0,,,,44.0,47.3,36.6,0,1
P0989,56,Male,White,Medicaid,Single,27.5,Never,Lung,2,Chemo + targeted,Palliative,0,1,0,3.7,1,0,1,1,0,0,0,1,1,0,1,5,1,0,0,68,130,81,36.9,18,94,0.0,14.2,8.7,175.0,3.49,,50.0,0.93,140.0,4.14,92.0,,80.0,1.66,62.0,56.0,58.1,0,0
P0990,54,Male,Asian,Medicare,Widowed,26.4,Never,Colorectal,2,Single agent,Curative,0,1,0,3.2,1,0,1,0,0,0,0,0,0,0,0,2,0,0,0,75,134,68,36.8,16,98,0.8,11.4,8.3,316.0,4.19,1.05,20.0,0.2,,4.37,70.0,,,,49.5,39.9,51.4,0,0
P0991,70,Female,White,Private,Married,43.9,Former,Breast,1,Combination,Curative,0,1,0,0.9,4,0,1,0,0,1,0,0,0,1,0,2,0,0,1,88,125,102,36.5,19,96,4.8,12.0,10.4,227.0,,,18.0,,138.0,4.18,151.0,10.9,123.0,,40.7,36.3,32.7,0,1
P0992,78,Female,White,Medicare,Widowed,19.6,Former,Breast,1,Combination,Curative,0,1,0,11.7,0,0,1,0,0,0,1,0,0,1,1,4,0,0,0,75,134,60,36.3,18,98,7.3,11.7,4.1,178.0,3.83,1.66,6.0,1.16,135.0,,112.0,,,,57.6,40.7,54.9,0,0
P0993,82,Female,Asian,Private,Married,26.3,Former,Breast,4,Combination,Palliative,2,0,0,1.3,4,0,0,0,0,0,1,0,0,1,0,4,2,0,0,95,117,74,36.7,19,96,4.4,10.7,11.0,426.0,3.09,1.5,,0.49,141.0,,114.0,18.7,,,43.7,47.0,25.7,1,1
P0994,76,Female,White,Medicaid,Single,19.2,Former,Breast,4,Chemo + targeted,Palliative,1,1,1,2.9,3,0,0,0,0,0,1,1,0,0,0,3,3,1,0,99,123,82,37.1,18,95,10.0,10.3,8.5,416.0,3.05,0.86,33.0,1.42,131.0,,135.0,65.1,,,36.2,44.5,32.5,0,1
P0995,59,Female,White,Medicare,Married,24.9,Current,Lymphoma,1,Combination,Curative,0,1,0,10.4,0,0,0,1,0,1,0,0,1,0,1,3,0,0,1,79,124,82,37.2,20,97,0.0,,5.0,302.0,4.06,1.03,42.0,0.3,138.0,3.43,168.0,,,,51.9,41.0,43.6,0,0
P0996,64,Male,White,Medicare,Married,25.1,Never,Lung,4,Chemo + targeted,Palliative,1,1,0,4.4,1,0,0,0,0,0,1,0,0,1,0,4,0,0,0,86,104,70,36.3,20,96,0.5,13.0,7.1,,,1.7,35.0,0.48,,4.54,57.0,,,27.34,48.0,41.2,44.7,0,0
P0997,69,Female,White,Medicaid,Widowed,31.6,Never,Breast,2,Combination,Curative,2,1,0,1.7,1,0,0,0,0,1,0,0,0,0,1,1,2,2,1,81,161,72,37.0,18,97,2.2,8.9,,,,1.21,,0.48,139.0,4.14,170.0,9.0,251.0,,46.1,40.1,24.9,1,1
P0998,61,Female,White,Medicare,Widowed,24.5,Current,Colorectal,3,Combination,Curative,1,0,1,8.9,2,0,0,0,0,0,0,1,0,1,0,3,1,0,0,77,115,76,36.9,18,96,5.5,,8.9,363.0,3.52,1.57,50.0,0.31,135.0,4.09,109.0,35.4,278.0,,47.4,46.2,40.2,0,0
P0999,62,Female,White,Medicare,Married,25.9,Never,Lung,3,Combination,Curative,2,0,0,3.3,2,1,0,0,0,0,0,1,0,0,0,3,1,1,0,99,129,65,37.1,19,92,3.4,9.0,,170.0,2.37,1.96,56.0,,,4.18,125.0,24.4,,,44.4,36.6,32.5,1,1
P1000,70,Female,White,Private,Widowed,24.6,Former,Colorectal,2,Combination,Curative,0,1,0,2.8,1,0,0,0,0,0,0,0,0,1,0,3,0,0,0,72,110,67,36.8,15,100,0.0,8.5,7.7,102.0,3.99,0.73,,,141.0,3.41,,10.7,275.0,,47.2,32.4,36.0,1,1
P1001,59,Male,Other,Private,Married,19.3,Never,Lung,3,Combination,Curative,1,1,0,1.4,1,0,0,0,0,0,1,0,0,0,1,2,2,0,0,88,82,83,36.6,14,98,8.2,,,219.0,3.46,0.97,32.0,0.26,,3.81,67.0,,80.0,2.76,50.3,40.5,44.6,0,0
P1002,51,Female,Hispanic,Medicare,Married,23.4,Never,Breast,3,Chemo + targeted,Curative,1,1,1,3.1,2,0,0,0,0,0,0,0,0,0,0,0,1,1,0,78,146,82,36.9,21,96,4.3,11.7,8.2,302.0,,1.11,33.0,,,4.19,130.0,,,,48.9,51.6,46.5,0,0
P1003,55,Female,White,Medicare,Married,24.9,Never,Lymphoma,2,Combination,Curative,2,1,0,3.6,1,0,0,0,0,0,0,0,0,1,0,1,1,0,0,74,124,76,35.9,20,98,8.9,11.3,,374.0,3.56,,27.0,,134.0,3.67,106.0,26.4,214.0,,40.9,54.2,34.7,0,1
P1004,68,Female,White,Medicare,Married,27.4,Former,Breast,4,Single agent,Palliative,1,0,0,6.9,1,0,0,0,0,0,1,0,0,1,0,2,1,0,0,91,97,83,36.4,18,95,6.5,10.6,2.4,132.0,,1.44,37.0,1.81,,,96.0,13.7,154.0,,56.4,44.4,49.7,0,0
P1005,60,Female,White,Medicare,Married,30.1,Former,Breast,2,Chemo + targeted,Palliative,2,1,0,2.4,0,0,0,0,0,0,1,0,0,0,0,3,1,1,0,87,111,77,36.4,19,95,5.4,9.9,15.3,,3.69,1.11,52.0,,140.0,3.59,87.0,,337.0,,52.7,48.8,54.6,0,0
P1006,64,Female,Hispanic,Private,Married,25.7,Never,Breast,1,Single agent,Curative,0,0,0,11.9,1,0,0,0,0,0,1,0,0,0,0,1,1,0,0,79,155,70,36.5,17,94,9.4,9.0,9.0,,,0.65,5.0,,137.0,,,,239.0,,33.0,37.4,35.3,0,1
P1007,68,Female,Black,Private,Married,25.6,Never,Lung,4,Combination,Palliative,2,1,0,10.6,1,0,0,0,1,1,0,1,1,1,1,7,1,0,0,81,134,68,36.2,20,96,3.6,,,335.0,3.3,1.17,35.0,1.0,137.0,4.74,112.0,,,,50.0,34.2,28.6,1,1
P1008,56,Female,White,Medicare,Single,17.5,Never,Breast,3,Combination,Curative,1,1,1,10.6,0,0,0,0,0,0,0,0,0,0,0,2,2,0,0,83,88,81,36.5,19,95,1.9,,,281.0,3.69,0.89,,0.57,135.0,,123.0,35.6,,,34.7,35.5,28.0,0,1
P1009,69,Female,White,Private,Divorced,30.0,Never,Lung,2,Combination,Curative,1,0,1,5.5,0,0,1,0,0,0,0,0,0,0,0,3,0,0,0,84,124,74,36.5,17,96,5.2,9.3,8.1,,4.08,1.03,27.0,0.29,143.0,,133.0,23.7,128.0,,39.0,32.2,27.1,1,1
P1010,65,Male,White,Medicare,Single,23.2,Never,Lung,2,Single agent,Curative,0,1,0,8.5,1,0,0,1,0,0,0,0,0,1,0,1,1,0,0,78,124,83,36.6,15,92,3.5,10.0,7.7,302.0,3.12,0.4,43.0,0.69,,3.7,123.0,31.2,185.0,0.72,41.0,42.2,35.6,0,1
P1011,45,Female,Hispanic,Medicare,Married,31.1,Current,Breast,1,Combination,Curative,1,1,1,7.9,0,0,0,1,0,0,0,0,0,1,0,1,0,0,0,98,128,72,36.8,16,94,5.1,9.9,,259.0,3.39,,26.0,0.8,141.0,3.46,113.0,,259.0,,43.6,47.5,44.8,0,0
P1012,77,Female,Hispanic,Medicare,Divorced,34.2,Never,Ovarian,2,Single agent,Curative,0,1,1,9.8,1,0,1,0,0,0,0,0,0,0,0,1,0,0,0,70,133,90,36.3,21,97,6.1,10.1,8.3,311.0,3.91,,19.0,0.1,132.0,4.43,82.0,,,,45.2,42.9,46.1,0,0
P1013,54,Female,White,Medicare,Married,26.0,Never,Lung,2,Combination,Curative,1,0,0,10.5,2,0,0,0,0,0,1,0,1,1,0,5,0,0,0,65,99,68,36.6,21,99,0.6,12.5,4.1,205.0,4.44,0.88,41.0,,141.0,4.14,137.0,,346.0,,45.6,53.8,47.4,0,0
P1014,40,Female,Asian,Medicare,Divorced,21.4,Never,Breast,3,Combination,Curative,0,1,1,8.2,0,0,0,0,0,0,0,1,0,0,0,1,1,1,0,75,110,65,36.7,13,97,0.0,10.5,4.2,234.0,4.54,0.4,8.0,1.35,136.0,4.26,96.0,13.2,,,51.7,43.7,33.1,1,1
P1015,47,Female,White,Medicare,Single,26.9,Never,Colorectal,3,Chemo + targeted,Curative,1,1,0,8.3,0,0,1,0,0,0,0,1,0,0,1,5,0,0,0,63,111,78,36.1,14,96,3.9,,5.0,178.0,3.06,,20.0,0.81,137.0,4.26,121.0,23.5,,,33.8,36.3,34.1,0,1
P1016,48,Female,Asian,Private,Married,28.9,Never,Breast,4,Single agent,Palliative,2,0,0,7.7,0,1,0,0,0,0,0,1,0,0,0,3,1,0,0,73,132,72,36.7,20,98,7.0,10.4,8.2,313.0,,0.95,17.0,,139.0,,91.0,,248.0,,52.1,37.9,42.1,1,0
P1017,61,Female,Hispanic,Medicare,Married,25.3,Former,Pancreatic,4,Single agent,Palliative,2,1,0,8.3,2,0,0,0,0,0,1,1,0,0,1,5,4,1,0,79,118,77,36.8,19,98,4.2,,,368.0,,,58.0,0.89,,3.54,,,171.0,,39.8,51.0,37.5,0,1
P1018,57,Female,White,Medicare,Divorced,23.9,Former,Breast,2,Chemo + targeted,Palliative,0,0,1,5.1,1,0,0,0,0,0,1,0,0,1,1,4,1,0,0,80,116,75,36.9,16,98,8.4,10.0,8.1,291.0,4.38,1.13,31.0,,144.0,4.25,145.0,39.0,,,52.1,41.6,56.6,0,0
P1019,56,Female,White,Private,Widowed,30.1,Former,Colorectal,4,Combination,Palliative,0,1,1,2.9,0,0,0,0,0,0,0,0,0,0,0,1,0,0,0,75,120,71,36.3,14,98,0.0,11.9,5.3,262.0,4.16,0.86,7.0,0.68,139.0,4.88,90.0,,,,56.2,49.8,44.8,1,0
P1020,67,Female,Asian,Medicare,Single,29.7,Never,Other,4,Chemo + targeted,Palliative,2,0,0,1.8,1,0,0,0,0,1,0,1,0,1,0,3,1,1,0,86,115,75,36.7,16,95,9.8,8.9,5.2,258.0,2.86,0.75,,1.13,,4.25,,,,,34.5,28.3,17.9,1,1
P1021,64,Female,White,Medicaid,Widowed,25.1,Former,Breast,4,Combination,Palliative,2,1,0,1.4,3,0,0,0,0,0,1,0,0,0,1,4,4,0,0,80,147,59,37.1,22,95,7.5,9.6,12.6,466.0,,1.19,17.0,0.85,135.0,,,,,,33.1,42.5,28.1,0,1
P1022,64,Female,Black,Private,Widowed,17.9,Current,Breast,3,Single agent,Curative,0,1,0,1.9,1,0,1,0,0,1,1,0,1,1,0,6,1,0,2,77,145,90,36.2,18,97,5.2,,8.7,264.0,,1.62,34.0,1.14,138.0,5.47,171.0,,150.0,,42.1,43.4,41.4,0,0
P1023,65,Male,White,Medicare,Married,29.5,Former,Prostate,2,Combination,Curative,2,1,1,10.0,1,0,0,0,0,0,1,1,0,1,1,6,1,1,0,90,143,71,36.7,15,92,7.0,9.9,,,3.06,1.24,12.0,0.87,138.0,,157.0,,,,33.7,40.2,34.0,0,1
P1024,67,Male,Hispanic,Medicaid,Single,22.8,Current,Other,2,Combination,Curative,1,0,0,13.1,0,0,0,0,0,0,0,1,0,1,1,4,0,0,0,59,110,80,36.2,16,96,0.0,8.7,10.9,308.0,3.78,1.25,,0.84,,3.31,115.0,,254.0,,33.4,42.7,38.3,0,1
P1025,35,Female,White,Medicaid,Married,28.2,Never,Lung,4,Combination,Palliative,0,0,0,8.0,0,1,0,0,0,0,1,0,0,1,0,5,1,0,0,83,122,57,36.6,20,99,1.5,,1.9,258.0,3.55,0.4,39.0,,137.0,4.98,75.0,,,,56.7,51.2,51.9,0,0
P1026,56,Male,White,Private,Married,27.8,Current,Lymphoma,3,Single agent,Curative,0,1,0,5.9,1,0,0,0,0,1,1,1,1,0,1,4,1,0,2,58,135,69,36.5,18,96,2.5,10.9,8.0,,3.76,1.27,,0.99,140.0,3.8,,28.0,366.0,10.98,44.6,42.2,36.8,0,1
P1027,34,Female,White,Medicare,Married,16.6,Former,Breast,4,Single agent,Palliative,2,1,0,0.9,0,0,0,0,0,1,0,0,0,0,0,1,0,0,0,84,103,75,36.8,16,93,8.5,11.4,11.7,278.0,3.46,1.13,51.0,0.98,139.0,3.88,73.0,15.6,258.0,,42.8,41.6,30.7,1,1
P1028,60,Female,White,Self-pay,Widowed,27.4,Former,Lymphoma,4,Chemo + targeted,Palliative,1,0,0,4.5,1,0,0,0,0,0,1,0,0,0,1,3,3,1,0,88,109,90,36.6,17,95,4.3,7.7,5.0,181.0,,1.09,5.0,,,4.64,,,,,33.6,33.8,32.2,0,1
P1029,60,Female,White,Medicare,Single,29.8,Former,Lung,2,Combination,Curative,2,0,0,2.8,0,0,1,1,0,0,0,0,0,1,0,2,0,0,0,87,114,82,36.3,20,94,9.0,7.4,5.4,396.0,,1.15,40.0,1.41,138.0,,,,264.0,,36.3,47.6,33.1,0,1
P1030,73,Male,Asian,Private,Married,30.5,Current,Prostate,2,Chemo + targeted,Curative,0,1,0,2.8,3,1,1,0,0,0,0,0,0,0,1,3,1,0,0,75,111,84,37.2,19,98,8.9,12.9,4.8,286.0,,1.09,,0.5,137.0,4.07,98.0,31.7,207.0,0.73,52.6,40.0,50.7,0,0
P1031,74,Female,White,Private,Married,27.6,Never,Breast,4,Combination,Palliative,1,0,1,5.4,4,0,1,0,1,0,1,1,0,0,1,7,0,0,0,87,147,75,36.8,19,100,7.1,9.4,4.5,243.0,2.83,,43.0,,,,113.0,,159.0,,42.2,41.1,28.7,1,1
P1032,62,Female,White,Medicare,Married,16.1,Former,Colorectal,1,Combination,Curative,0,1,0,8.0,2,1,0,1,0,0,0,0,0,0,0,1,0,0,0,70,139,76,37.0,21,96,3.1,8.9,9.3,,3.99,0.83,,0.1,143.0,5.0,,,,,57.6,43.3,56.3,0,0
P1033,54,Female,White,Private,Single,34.0,Former,Lung,3,Combination,Curative,1,1,0,5.0,0,0,0,0,0,1,1,1,1,0,0,4,2,0,2,95,119,74,36.4,18,95,0.4,10.4,8.5,262.0,3.46,,39.0,0.69,141.0,3.62,125.0,,234.0,,43.8,38.8,36.2,0,1
P1034,66,Female,White,Private,Widowed,29.3,Former,Lymphoma,4,Chemo + immunotherapy,Palliative,1,0,1,19.9,2,0,1,0,0,0,1,0,0,1,1,6,1,0,0,90,129,81,36.6,13,95,6.0,10.0,4.8,232.0,3.81,0.95,27.0,,137.0,4.26,114.0,8.1,,,37.7,44.5,28.6,0,1
P1035,54,Female,Hispanic,Private,Married,20.4,Former,Pancreatic,1,Single agent,Curative,0,0,0,5.8,2,0,1,1,0,0,0,0,0,0,1,4,0,0,0,70,117,87,37.0,20,97,2.9,10.6,2.6,,3.97,1.33,31.0,0.77,144.0,4.0,,,,,51.8,52.8,58.9,0,0
P1036,60,Female,Other,Medicare,Married,22.7,Never,Ovarian,2,Single agent,Curative,1,1,0,0.7,0,0,0,0,0,0,0,1,0,1,0,2,1,0,0,96,157,73,36.5,18,97,8.5,,5.9,340.0,,,51.0,,137.0,3.58,121.0,,,,34.0,51.2,28.9,0,1
P1037,72,Female,White,Medicare,Single,28.3,Never,Other,3,Chemo + targeted,Palliative,1,0,1,15.6,1,0,1,0,0,0,0,0,0,0,0,2,0,0,0,85,126,79,36.7,17,98,0.2,7.7,11.4,,3.15,,,1.41,,4.53,,,,,37.7,43.4,35.9,0,1
P1038,53,Female,Black,Medicaid,Married,30.7,Never,Colorectal,4,Single agent,Palliative,1,1,0,4.8,3,0,0,0,0,0,0,1,0,0,0,3,1,1,0,73,115,72,36.7,19,95,3.2,10.2,5.4,376.0,,,23.0,,,4.63,134.0,,,,34.2,32.3,21.4,1,1
P1039,70,Female,Asian,Medicare,Married,24.3,Former,Lymphoma,3,Combination,Curative,2,0,0,13.1,1,0,0,0,0,0,0,1,0,0,1,4,2,0,0,94,126,75,36.0,17,99,7.1,9.9,3.4,139.0,4.36,0.66,,0.61,140.0,,88.0,8.0,220.0,,51.0,39.7,43.3,0,0
P1040,68,Female,Other,Self-pay,Married,31.5,Former,Breast,1,Combination,Curative,0,1,0,1.3,1,0,0,0,0,0,1,0,1,1,1,5,0,0,0,95,109,86,36.7,17,97,7.4,11.8,7.0,310.0,3.4,0.83,35.0,0.68,137.0,4.46,124.0,,172.0,,48.9,42.7,54.0,0,0
P1041,49,Female,White,Medicaid,Married,17.1,Former,Other,2,Chemo + targeted,Curative,0,1,0,2.4,0,0,0,0,0,0,1,1,0,0,0,2,1,0,0,76,125,78,36.6,16,96,4.5,13.2,4.0,258.0,,1.24,,0.84,138.0,4.07,,,208.0,,52.7,55.2,61.3,0,0
P1042,72,Male,White,Private,Married,21.3,Former,Prostate,2,Combination,Curative,1,1,0,1.9,1,1,0,0,1,0,0,1,0,1,0,6,0,0,1,85,149,80,36.7,17,93,7.7,12.5,12.7,278.0,3.99,0.61,,1.22,141.0,,,18.8,,4.15,37.3,28.5,34.8,0,1
P1043,68,Male,White,Medicare,Widowed,15.6,Former,Colorectal,2,Chemo + targeted,Palliative,0,0,0,9.9,0,0,1,0,0,0,0,1,0,1,0,5,2,0,0,82,128,78,36.5,20,95,4.8,,8.5,,3.67,,57.0,1.0,137.0,4.38,,27.9,294.0,,48.6,43.6,38.0,1,1
P1044,61,Female,Hispanic,Private,Married,22.1,Never,Colorectal,2,Chemo + targeted,Palliative,0,1,0,11.6,1,0,0,0,0,0,1,0,0,0,1,3,0,0,0,86,137,69,36.3,18,96,8.4,,6.6,232.0,4.07,,34.0,,138.0,5.22,104.0,,,,51.4,46.0,43.7,0,0
P1045,51,Female,Asian,Self-pay,Married,35.3,Former,Pancreatic,4,Combination,Palliative,1,1,0,7.2,1,0,0,0,0,0,1,0,0,0,0,2,2,1,0,94,95,81,36.5,20,94,8.0,,7.8,274.0,,,,0.96,142.0,3.34,106.0,,,,31.5,44.8,29.2,0,1
P1046,50,Female,White,Private,Single,38.3,Current,Ovarian,1,Combination,Curative,0,0,0,6.1,1,0,0,0,0,0,1,0,0,1,0,3,0,0,0,87,109,82,36.5,15,98,3.2,13.5,5.3,254.0,4.22,0.76,48.0,0.39,137.0,3.94,75.0,,176.0,,61.0,49.2,60.9,0,0
P1047,54,Male,White,Medicare,Widowed,28.3,Former,Pancreatic,4,Chemo + targeted,Palliative,0,1,0,0.8,0,0,1,0,0,0,0,0,0,0,0,3,1,0,0,58,128,84,36.9,18,96,2.9,11.5,5.5,88.0,4.17,0.76,7.0,0.44,138.0,4.14,96.0,0.2,218.0,,64.8,49.3,56.3,0,0
P1048,67,Male,Asian,Medicare,Married,23.5,Current,Colorectal,4,Chemo + immunotherapy,Palliative,1,1,0,2.6,0,0,0,0,1,0,1,0,0,1,0,4,4,0,0,78,101,77,36.5,19,95,3.9,10.4,15.0,,2.75,0.88,,0.1,146.0,4.33,,27.8,295.0,,38.5,47.1,17.0,1,1
P1049,49,Male,Hispanic,Private,Married,25.8,Current,Lung,3,Chemo + targeted,Palliative,1,0,0,3.0,0,1,0,0,0,0,0,0,0,0,1,4,1,0,0,90,126,69,36.7,16,95,4.4,13.5,10.3,328.0,3.61,,30.0,0.64,140.0,4.84,,2.7,,2.76,54.6,50.4,50.0,0,0
P1050,65,Male,White,Medicare,Single,29.6,Never,Other,3,Single agent,Curative,1,1,0,1.1,1,0,0,0,0,1,1,0,0,0,0,3,1,0,2,75,122,82,36.8,20,94,4.9,10.5,7.4,302.0,2.83,0.99,,1.03,140.0,4.6,,50.9,304.0,,43.9,47.9,37.3,0,1
P1051,45,Male,Asian,Private,Married,18.4,Former,Prostate,2,Chemo + targeted,Curative,1,0,1,4.6,0,0,0,0,0,0,0,0,0,0,0,0,1,1,0,85,125,83,36.5,17,95,5.5,12.9,8.6,311.0,3.79,0.51,,0.71,143.0,4.0,159.0,16.4,306.0,3.24,36.5,41.1,34.9,0,1
P1052,58,Male,White,Private,Single,23.9,Never,Prostate,3,Chemo + targeted,Palliative,1,0,1,7.4,2,0,0,0,0,0,1,1,0,0,0,2,1,0,0,73,121,82,37.0,18,95,0.0,10.6,5.9,338.0,3.59,1.16,24.0,0.96,140.0,,,,,0.71,45.5,40.6,40.7,0,0
P1053,61,Male,White,Medicare,Married,34.9,Never,Prostate,2,Chemo + immunotherapy,Curative,1,0,0,9.1,0,0,0,0,0,0,0,0,0,0,1,3,2,0,0,87,123,70,36.6,15,96,0.5,12.1,,276.0,,0.66,45.0,,,4.12,147.0,6.0,245.0,,45.8,41.7,44.1,0,0
P1054,89,Male,White,Private,Married,21.2,Never,Prostate,2,Combination,Palliative,0,0,0,7.8,2,0,1,0,1,0,1,1,0,0,0,5,0,0,0,82,100,84,36.5,17,97,2.6,12.2,,423.0,,,38.0,0.84,134.0,4.25,88.0,,326.0,,36.6,46.8,41.2,0,0
P1055,43,Female,Black,Medicare,Married,22.9,Never,Lymphoma,3,Chemo + targeted,Curative,0,0,0,3.9,0,0,0,0,0,0,1,0,1,0,1,3,2,0,0,84,105,59,37.0,18,99,0.0,10.1,5.6,252.0,3.9,0.73,57.0,0.91,140.0,4.66,139.0,,178.0,,53.2,59.3,53.0,0,0
P1056,78,Male,Other,Medicaid,Single,27.1,Never,Prostate,1,Chemo + targeted,Palliative,1,0,0,3.2,6,1,1,0,0,0,1,0,0,1,0,5,1,0,0,88,141,90,36.7,19,97,2.6,,5.4,351.0,3.31,1.23,,,137.0,2.9,,,,,40.0,28.8,31.1,0,1
P1057,62,Female,White,Private,Married,28.6,Former,Ovarian,2,Chemo + immunotherapy,Curative,1,1,1,4.1,1,0,0,0,0,0,0,0,0,1,0,1,0,0,0,68,106,78,36.0,18,94,6.5,9.8,10.4,,4.36,1.4,,0.53,140.0,4.0,140.0,17.5,,,53.4,48.4,48.1,0,0
P1058,65,Female,White,Medicare,Married,23.6,Never,Ovarian,3,Chemo + targeted,Curative,0,1,0,4.5,2,0,0,0,0,0,0,0,0,0,0,0,0,0,1,101,113,78,35.9,17,98,4.1,13.3,,250.0,3.62,0.7,31.0,0.68,,,,57.3,,,47.7,45.8,42.3,0,0
P1059,61,Male,White,Medicaid,Married,27.4,Never,Colorectal,3,Chemo + immunotherapy,Curative,2,0,0,1.8,4,0,0,0,0,0,1,1,0,0,0,3,3,0,0,68,119,88,37.2,18,98,6.8,10.4,2.8,345.0,3.31,1.4,32.0,0.41,134.0,,,18.2,224.0,,38.1,44.1,33.9,0,1
P1060,65,Female,White,Medicare,Divorced,30.3,Never,Breast,2,Combination,Curative,0,1,0,3.3,0,0,0,0,0,0,1,0,0,1,0,2,0,0,0,108,122,72,36.7,17,97,7.3,10.0,,,3.43,,,1.13,138.0,3.84,114.0,10.0,,,39.1,51.6,34.9,0,1
P1061,58,Male,White,Private,Married,37.8,Never,Prostate,1,Single agent,Curative,1,1,1,2.8,0,0,0,0,0,1,0,0,0,0,0,2,2,0,0,62,134,77,36.6,18,95,8.1,,8.1,241.0,4.05,0.89,37.0,1.18,140.0,3.26,,38.3,,,44.9,42.9,48.5,0,0
P1062,77,Male,White,Medicaid,Single,26.3,Former,Prostate,2,Combination,Palliative,2,1,0,14.3,1,1,0,0,0,0,1,1,0,1,1,7,0,0,0,86,133,71,36.0,18,98,6.1,9.6,12.6,312.0,3.52,,,0.87,,4.65,,,,8.03,45.7,48.1,33.3,1,1
P1063,55,Female,White,Private,Single,26.8,Never,Colorectal,3,Chemo + targeted,Palliative,1,1,1,9.7,2,0,0,0,1,0,0,1,1,0,1,4,1,0,0,68,114,64,36.7,17,95,8.4,,8.5,275.0,3.75,0.57,5.0,1.44,136.0,5.28,,,,,47.6,47.1,52.0,0,0
P1064,74,Female,White,Medicare,Married,35.4,Never,Ovarian,3,Single agent,Palliative,1,0,0,7.3,3,0,1,1,0,0,1,0,0,1,0,4,1,1,0,102,108,82,36.4,21,96,4.2,,,222.0,3.05,0.98,21.0,0.82,139.0,,204.0,52.3,168.0,,37.9,41.5,46.6,0,0
P1065,52,Female,White,Medicare,Widowed,24.0,Current,Breast,2,Combination,Curative,1,0,1,2.2,0,1,0,1,0,0,0,0,0,0,0,2,0,0,0,70,165,77,36.6,20,97,7.4,14.7,7.5,236.0,3.54,,5.0,1.08,,4.88,119.0,0.2,277.0,,44.5,50.1,48.3,0,0
P1066,59,Male,Black,Medicare,Widowed,19.7,Former,Lung,3,Chemo + immunotherapy,Curative,2,0,0,8.4,4,0,0,1,0,1,0,0,1,0,0,2,2,1,1,75,125,59,36.5,23,95,8.9,,,,,,,,,3.77,,22.5,,,31.1,49.4,25.2,0,1
P1067,47,Female,White,Private,Married,28.4,Former,Ovarian,4,Chemo + immunotherapy,Palliative,1,0,1,2.6,0,1,0,0,0,0,0,1,0,0,0,3,0,0,0,81,134,81,36.6,19,94,5.6,,5.2,95.0,3.41,0.82,15.0,,,4.75,111.0,22.9,251.0,,48.8,46.5,43.4,0,0
P1068,65,Female,Asian,Private,Married,32.9,Former,Other,3,Chemo + targeted,Curative,3,1,1,8.5,1,0,0,1,0,0,0,0,0,1,1,4,0,0,0,98,93,76,36.8,18,95,4.8,10.1,2.4,280.0,3.13,0.57,30.0,0.36,135.0,3.9,98.0,,,,41.4,44.1,32.7,0,1
P1069,77,Male,Hispanic,Medicare,Married,29.0,Never,Colorectal,3,Chemo + targeted,Curative,1,0,1,4.0,4,0,1,0,0,0,1,0,0,0,1,5,1,1,0,99,128,86,36.8,18,97,4.3,,14.2,228.0,,,38.0,0.75,137.0,3.8,,,331.0,4.14,25.0,32.2,15.2,0,1
P1070,59,Female,Asian,Private,Married,26.5,Former,Breast,3,Single agent,Curative,0,1,1,10.9,1,0,0,0,0,1,1,0,1,0,0,2,0,0,0,77,119,78,36.7,19,97,2.8,9.6,5.7,,3.07,1.09,,0.76,137.0,4.25,111.0,,,,43.2,28.7,30.1,1,1
P1071,58,Female,White,Medicare,Married,19.0,Never,Colorectal,4,Combination,Palliative,1,1,0,1.3,2,0,0,0,0,0,1,1,0,0,0,4,1,0,0,76,118,84,36.7,18,97,0.0,,8.9,,4.29,1.25,38.0,1.03,143.0,5.0,,,286.0,,48.8,56.2,47.9,0,0
P1072,47,Female,White,Medicare,Widowed,26.7,Never,Colorectal,4,Combination,Palliative,1,1,0,8.2,1,0,0,0,0,0,1,1,1,1,0,4,1,0,0,89,132,84,36.2,20,95,8.1,9.9,5.1,,2.42,0.98,24.0,0.87,141.0,4.63,,,,,40.1,40.4,25.2,1,1
P1073,57,Male,Asian,Medicare,Divorced,33.8,Never,Colorectal,1,Chemo + targeted,Curative,0,1,0,11.6,0,0,0,0,0,0,0,0,0,1,0,2,2,0,1,81,120,77,36.7,18,96,2.5,13.6,6.5,394.0,4.27,1.02,29.0,1.27,135.0,4.8,124.0,,,3.7,41.2,48.6,51.3,0,0
P1074,41,Female,White,Private,Married,20.2,Former,Lung,2,Combination,Curative,0,1,1,4.2,1,1,0,0,0,1,0,0,0,0,0,2,0,0,3,79,113,81,36.8,16,97,1.1,14.0,6.0,181.0,3.73,1.23,20.0,0.59,143.0,3.55,70.0,27.4,,,53.7,45.2,56.2,0,0
P1075,49,Male,White,Private,Married,25.7,Never,Lung,1,Single agent,Curative,0,1,1,3.9,0,0,0,0,0,0,1,1,0,0,0,3,1,0,0,75,122,82,36.7,17,99,0.0,13.4,8.0,197.0,4.2,0.98,,0.34,135.0,3.73,86.0,4.7,276.0,,57.5,61.6,70.0,0,0
P1076,63,Male,White,Self-pay,Married,24.9,Never,Lymphoma,4,Chemo + targeted,Palliative,1,1,1,4.9,2,0,1,0,0,0,0,0,0,0,1,4,3,0,0,89,129,69,37.1,15,95,1.4,10.5,,248.0,,,11.0,1.48,137.0,3.9,88.0,19.9,,2.23,43.9,41.1,32.1,1,1
P1077,76,Male,White,Private,Married,23.2,Never,Prostate,1,Combination,Curative,2,0,0,7.3,0,0,0,0,0,0,1,0,0,0,0,1,0,0,0,91,113,71,36.6,19,96,14.0,8.0,6.6,141.0,2.83,,39.0,,134.0,4.73,,,,,39.2,29.8,23.5,1,1
P1078,90,Female,White,Private,Married,28.4,Former,Lymphoma,4,Chemo + targeted,Palliative,1,0,1,3.1,2,0,0,1,1,0,1,1,0,1,0,5,1,1,0,104,148,71,36.3,26,90,5.8,,,184.0,,,,,135.0,,,,,,20.9,42.9,20.7,0,1
P1079,53,Male,Asian,Private,Widowed,29.4,Never,Lung,1,Combination,Curative,0,0,1,2.7,2,1,0,0,0,0,1,0,0,0,0,3,1,1,0,74,115,81,36.7,17,96,6.4,9.6,13.5,300.0,3.2,1.04,36.0,0.76,132.0,3.36,,26.3,172.0,21.25,48.1,48.3,47.2,0,0
P1080,77,Female,White,Private,Divorced,29.4,Never,Lung,3,Chemo + targeted,Curative,0,1,0,15.8,0,0,0,0,0,0,1,0,0,1,0,3,1,0,0,74,129,72,36.5,17,98,0.0,9.5,5.8,220.0,3.37,0.99,20.0,0.66,139.0,4.04,,,,,48.6,47.2,47.2,0,0
P1081,63,Male,White,Self-pay,Married,21.6,Never,Lung,2,Combination,Curative,1,1,0,3.8,1,0,0,0,0,0,1,0,0,1,1,3,0,0,0,81,147,60,36.2,17,98,0.0,,6.5,,3.72,1.08,35.0,0.85,133.0,3.84,122.0,,,,48.0,29.9,46.2,0,0
P1082,58,Male,Black,Private,Single,17.9,Former,Other,3,Chemo + targeted,Palliative,1,0,1,4.7,1,0,0,0,0,0,0,0,0,0,0,1,2,0,0,79,165,68,36.6,21,95,3.5,11.6,5.8,199.0,3.78,,20.0,,137.0,,84.0,,166.0,,45.7,49.3,37.9,0,1
P1083,65,Male,White,Private,Single,28.4,Never,Colorectal,3,Chemo + targeted,Curative,2,0,1,3.4,0,0,0,0,0,0,0,0,0,1,0,1,1,0,0,91,133,73,37.1,16,97,4.5,8.1,11.6,402.0,3.61,1.17,47.0,1.59,142.0,5.15,,,231.0,,37.7,30.2,28.9,0,1
P1084,61,Male,Asian,Medicare,Divorced,24.2,Current,Prostate,4,Combination,Palliative,2,1,0,7.7,0,0,0,0,0,0,1,0,0,1,0,4,3,0,0,71,101,80,36.6,19,98,2.0,10.1,5.7,145.0,4.2,1.1,,0.71,139.0,4.05,,21.8,286.0,,44.2,50.7,38.4,0,1
P1085,61,Male,White,Private,Married,37.1,Never,Colorectal,3,Combination,Curative,2,0,0,2.8,0,0,0,0,0,1,1,1,0,1,1,5,2,0,2,98,121,86,37.0,18,95,5.6,8.6,6.8,273.0,3.16,0.96,35.0,1.02,,3.9,,,334.0,,36.3,31.6,28.0,0,1
P1086,55,Female,White,Private,Married,37.4,Never,Ovarian,3,Chemo + immunotherapy,Palliative,1,0,0,4.4,0,0,0,0,0,0,0,0,0,1,0,2,0,0,0,78,148,83,36.9,16,94,1.0,13.5,7.9,199.0,4.36,1.14,51.0,0.79,142.0,3.63,114.0,22.9,157.0,,47.2,49.6,51.7,0,0
P1087,43,Female,Hispanic,Self-pay,Single,37.9,Never,Lung,4,Combination,Palliative,2,0,0,10.1,0,0,0,0,0,1,1,0,0,0,0,2,1,1,2,92,117,76,37.4,14,95,7.0,7.9,10.7,316.0,3.66,1.39,30.0,,142.0,4.53,158.0,,87.0,,54.8,41.2,42.1,1,0
P1088,41,Female,White,Medicare,Married,21.8,Never,Colorectal,4,Chemo + targeted,Palliative,0,0,0,9.2,0,1,1,0,0,0,1,1,0,0,0,5,1,0,0,106,134,69,36.8,21,94,9.2,14.4,7.2,214.0,3.94,1.01,7.0,0.34,137.0,4.11,155.0,5.9,162.0,,44.5,43.5,46.5,0,0
P1089,68,Female,White,Private,Single,30.1,Never,Ovarian,4,Single agent,Palliative,2,1,0,3.7,1,0,0,0,0,0,0,1,0,0,0,3,0,0,0,95,139,61,36.7,20,97,8.8,10.8,8.4,247.0,,1.16,33.0,,137.0,3.69,,,245.0,,37.7,34.4,29.9,0,1
P1090,57,Female,Hispanic,Private,Married,31.8,Never,Breast,4,Chemo + targeted,Palliative,1,0,1,5.0,0,0,0,0,0,0,0,1,0,0,0,1,0,0,0,88,114,72,36.7,15,97,0.0,6.9,7.1,259.0,3.33,1.1,,0.4,140.0,4.44,,,399.0,,34.9,28.9,25.0,0,1
P1091,53,Male,Asian,Private,Single,31.2,Current,Prostate,3,Combination,Curative,0,0,1,2.3,2,0,1,0,0,0,1,0,0,0,0,4,0,0,0,93,152,75,36.8,15,96,5.3,,6.3,448.0,3.6,0.48,30.0,0.73,137.0,3.97,162.0,1.6,,6.94,39.3,42.0,38.4,0,1
P1092,60,Female,Asian,Private,Divorced,25.1,Never,Colorectal,4,Combination,Palliative,2,1,0,5.0,1,0,1,0,0,0,0,1,0,1,0,3,3,0,0,83,134,79,36.6,18,94,4.0,10.5,,383.0,,1.04,40.0,1.19,138.0,3.98,80.0,,,,32.7,40.8,29.8,0,1
P1093,70,Female,White,Medicare,Married,34.0,Never,Other,3,Combination,Curative,2,1,1,17.8,0,0,0,0,0,1,1,0,0,1,1,3,3,0,1,87,128,84,36.5,20,98,3.5,9.0,,248.0,,1.82,42.0,,141.0,,113.0,14.5,316.0,,36.1,37.2,33.1,0,1
P1094,62,Female,White,Medicare,Married,27.0,Never,Lymphoma,4,Combination,Palliative,1,1,0,8.7,2,0,0,0,1,0,0,0,0,0,0,3,0,0,0,76,123,82,36.8,18,96,6.8,,9.0,,3.41,,,1.71,138.0,3.25,115.0,,,,46.5,48.7,46.1,0,0
P1095,52,Female,Asian,Medicare,Single,27.7,Never,Breast,4,Combination,Palliative,2,1,0,2.2,0,0,0,0,0,0,1,0,0,0,0,1,1,0,0,75,106,76,36.5,16,97,4.0,14.7,5.9,203.0,3.82,,,,,4.51,137.0,0.2,226.0,,51.0,48.6,51.6,0,0
P1096,75,Female,White,Medicaid,Married,18.5,Never,Ovarian,2,Chemo + immunotherapy,Curative,0,0,0,1.1,1,1,0,0,0,1,0,0,0,1,0,3,1,0,1,86,118,74,36.1,18,95,4.8,9.9,9.4,196.0,3.36,1.07,,,140.0,4.3,,,333.0,,30.8,49.0,36.3,0,1
P1097,79,Female,White,Private,Single,30.5,Never,Lymphoma,1,Chemo + targeted,Curative,0,0,0,2.3,0,0,1,0,0,0,0,0,0,1,0,3,0,0,0,81,119,68,36.3,20,95,3.1,,7.0,,4.51,0.83,32.0,0.23,,4.3,117.0,0.2,,,47.2,43.0,54.1,0,0
P1098,66,Male,Black,Medicaid,Single,25.6,Never,Prostate,4,Chemo + immunotherapy,Palliative,1,0,0,1.6,1,0,1,0,0,0,1,0,0,0,0,4,0,0,0,85,162,72,37.2,19,98,0.6,12.7,8.0,210.0,2.87,1.07,36.0,0.41,,4.09,,,366.0,8.82,52.4,59.1,39.9,1,1
P1099,72,Female,White,Medicare,Married,29.6,Never,Lung,3,Chemo + targeted,Curative,1,0,1,4.4,2,0,1,0,0,0,0,0,0,0,0,3,2,0,0,82,146,71,36.6,14,97,0.5,8.9,7.6,348.0,3.07,1.09,29.0,,146.0,3.89,94.0,,,,47.3,46.8,42.5,0,0
P1100,75,Female,White,Private,Divorced,28.3,Current,Breast,3,Combination,Curative,0,0,0,10.7,1,0,1,0,0,0,1,0,0,0,0,4,1,1,0,79,118,100,36.9,16,97,3.2,11.9,4.5,354.0,3.05,1.04,12.0,,139.0,4.17,134.0,0.2,224.0,,42.6,48.2,34.4,0,1
P1101,74,Male,White,Medicare,Married,28.0,Former,Prostate,4,Combination,Palliative,1,1,0,4.5,1,0,1,0,0,0,0,0,0,1,0,2,3,1,0,93,158,95,36.5,18,97,4.2,,7.7,,3.33,1.37,30.0,1.32,144.0,4.41,118.0,26.5,,,37.5,48.3,42.8,0,0
P1102,67,Female,White,Private,Single,26.7,Current,Colorectal,3,Chemo + immunotherapy,Curative,1,0,0,2.9,0,0,1,0,0,0,1,0,0,0,0,3,2,1,0,78,149,69,37.0,19,98,6.1,,2.9,,2.97,0.74,49.0,,136.0,4.28,,8.0,338.0,,23.3,18.0,10.0,1,1
P1103,67,Female,Asian,Medicare,Married,31.3,Never,Ovarian,2,Combination,Palliative,0,0,0,3.8,2,0,1,0,0,0,1,0,0,0,1,3,1,0,0,83,121,82,36.8,20,98,5.7,,,314.0,3.16,1.11,,0.34,137.0,3.84,106.0,36.5,353.0,,48.1,58.2,32.9,1,1
P1104,66,Male,Hispanic,Medicare,Married,25.9,Former,Lung,3,Combination,Curative,1,1,0,7.1,1,0,0,0,0,0,0,0,0,0,0,2,0,0,0,91,134,66,37.3,17,95,2.2,11.2,5.7,169.0,,1.3,,,137.0,4.61,137.0,,,1.34,40.0,49.6,46.5,0,0
P1105,47,Male,White,Private,Married,19.0,Never,Prostate,1,Chemo + targeted,Palliative,0,0,0,5.6,0,0,0,0,0,0,1,0,0,0,1,2,1,0,0,83,112,76,37.1,17,97,1.3,12.7,,237.0,3.49,0.8,5.0,0.59,139.0,4.27,118.0,,,,57.7,47.7,70.0,0,0
P1106,68,Female,White,Medicaid,Widowed,30.1,Never,Lung,3,Chemo + immunotherapy,Curative,1,1,0,2.3,3,0,1,0,0,0,1,1,0,0,0,3,2,0,0,83,145,75,36.9,14,95,7.3,,7.9,381.0,3.55,1.33,,,137.0,4.13,,24.5,,,48.0,40.3,45.8,0,0
P1107,44,Male,White,Private,Widowed,22.6,Former,Prostate,4,Combination,Palliative,1,0,0,8.8,0,0,0,1,0,1,0,0,0,0,0,2,0,0,2,64,127,73,36.5,18,95,3.0,11.1,7.9,97.0,3.69,0.97,,0.6,135.0,3.89,170.0,32.3,162.0,,48.2,45.0,51.3,0,0
P1108,50,Female,White,Medicare,Divorced,19.7,Never,Breast,1,Single agent,Palliative,0,1,0,1.9,1,0,0,1,0,0,0,0,0,1,0,1,0,0,0,77,116,83,36.3,20,94,4.5,10.9,1.5,242.0,3.09,0.69,29.0,,141.0,3.95,113.0,,284.0,,42.4,43.0,37.1,0,1
P1109,76,Male,White,Private,Married,21.4,Never,Colorectal,4,Combination,Palliative,2,1,1,5.3,3,0,0,0,0,0,1,1,0,1,0,3,2,0,0,108,112,81,36.7,23,95,7.2,,,,,,,0.84,137.0,4.14,,58.8,,,32.2,32.5,28.0,0,1
P1110,70,Female,Hispanic,Private,Married,28.6,Former,Breast,4,Chemo + targeted,Palliative,3,1,0,3.4,4,0,1,1,0,0,1,1,0,0,0,4,3,1,0,87,130,86,36.7,19,93,6.6,9.4,,,2.19,,49.0,,139.0,,106.0,35.7,,,34.3,34.2,11.6,1,1
P1111,78,Male,White,Private,Divorced,26.5,Former,Prostate,1,Combination,Curative,1,1,1,4.2,3,0,1,0,0,0,0,0,0,0,0,1,1,0,0,82,140,84,36.6,18,96,0.3,10.1,12.0,171.0,3.24,0.97,50.0,,139.0,,,,310.0,,41.7,37.2,43.0,0,0
P1112,57,Female,White,Medicaid,Single,15.3,Never,Lung,4,Chemo + targeted,Palliative,1,0,1,2.0,2,1,0,0,0,0,0,0,1,0,1,4,1,0,0,83,142,70,36.9,14,100,0.8,9.4,,411.0,3.68,1.69,6.0,,146.0,3.9,141.0,,300.0,,47.8,36.6,34.9,1,1
P1113,46,Female,Other,Private,Married,24.9,Never,Pancreatic,4,Combination,Palliative,1,0,0,5.1,0,0,0,0,0,0,0,0,0,0,0,0,1,0,0,85,130,64,36.7,17,94,7.5,10.1,12.9,276.0,3.65,1.04,,0.42,139.0,4.06,151.0,,175.0,,48.7,45.5,39.7,0,1
P1114,57,Female,White,Medicaid,Widowed,33.4,Never,Breast,3,Combination,Curative,1,0,0,1.8,0,0,0,0,0,0,0,1,0,1,0,2,2,0,0,74,137,73,36.7,19,96,0.0,9.9,5.2,,,0.84,20.0,0.61,,4.29,136.0,,247.0,,48.6,28.0,48.7,0,0
P1115,61,Male,Hispanic,Private,Married,24.5,Current,Prostate,2,Combination,Curative,2,0,0,3.2,1,0,0,0,0,0,0,0,0,0,1,2,3,2,0,95,115,74,37.2,22,93,12.2,,10.3,,3.12,,,,141.0,,,42.8,299.0,2.05,28.1,38.9,24.5,0,1
P1116,61,Male,White,Medicare,Married,26.1,Never,Prostate,2,Combination,Curative,0,1,1,4.0,0,0,0,0,0,1,1,1,0,1,1,4,0,0,3,84,98,72,36.7,17,97,0.8,10.5,10.3,337.0,3.72,0.88,35.0,0.53,135.0,4.93,83.0,33.7,,1.46,61.7,35.7,58.8,0,0
P1117,74,Female,White,Private,Widowed,32.7,Never,Breast,3,Chemo + targeted,Curative,1,0,0,2.4,1,0,1,0,0,0,1,0,0,1,0,3,2,1,0,67,109,74,36.3,18,94,0.0,9.8,,276.0,4.13,1.43,,0.93,,4.08,,,,,46.9,56.3,40.3,0,0
P1118,56,Female,Hispanic,Private,Married,31.4,Never,Breast,2,Single agent,Curative,1,0,0,12.0,1,0,0,0,0,0,0,0,1,0,1,4,1,0,0,57,120,76,37.0,23,96,2.8,10.3,,388.0,3.69,1.54,5.0,0.59,135.0,,125.0,,,,42.5,46.8,38.0,0,1
P1119,64,Male,White,Medicaid,Married,32.6,Current,Lung,2,Chemo + targeted,Palliative,0,1,0,3.1,1,1,0,0,0,0,1,0,0,1,0,4,1,0,0,74,115,87,36.8,16,96,0.0,12.1,8.0,,4.44,1.03,12.0,1.01,138.0,,133.0,32.2,204.0,15.8,48.5,53.6,48.1,0,0
P1120,48,Male,White,Private,Single,15.0,Former,Prostate,4,Combination,Palliative,2,0,1,3.8,1,0,0,1,0,0,1,0,1,1,0,5,0,0,0,69,120,58,36.6,18,97,0.0,9.5,8.7,345.0,3.16,,27.0,0.88,,4.97,121.0,,301.0,,48.2,35.0,31.7,1,1
P1121,65,Female,White,Medicare,Widowed,36.5,Never,Other,4,Chemo + immunotherapy,Palliative,1,1,0,4.9,1,0,1,0,0,0,1,0,0,1,1,5,4,1,0,86,140,69,36.4,17,94,4.9,13.2,6.3,,2.67,1.06,,0.89,139.0,4.19,113.0,,163.0,,51.8,50.9,50.6,0,0
P1122,60,Female,Asian,Medicare,Married,30.5,Current,Breast,4,Chemo + targeted,Palliative,0,0,0,1.4,0,0,0,0,0,0,0,1,0,1,0,4,4,0,0,75,134,78,37.1,14,95,0.0,13.7,7.9,192.0,4.4,0.93,52.0,,144.0,3.78,,,,,52.7,36.4,54.2,0,0
P1123,51,Female,Asian,Medicare,Divorced,40.5,Never,Lymphoma,4,Combination,Palliative,1,1,0,0.9,1,1,1,0,0,0,0,0,0,0,0,4,0,0,0,87,92,62,37.2,19,95,0.0,11.6,4.4,,3.64,1.55,12.0,1.0,133.0,3.56,,44.2,,,49.1,42.3,35.4,1,1
P1124,57,Female,White,Medicare,Married,22.7,Current,Lymphoma,1,Chemo + immunotherapy,Palliative,0,0,1,4.0,2,0,0,0,0,0,0,0,0,0,1,1,0,0,0,81,160,64,36.5,17,98,1.1,13.8,13.3,293.0,4.93,1.03,18.0,0.43,135.0,4.44,102.0,,102.0,,53.5,39.9,65.7,0,0
P1125,58,Female,Asian,Medicaid,Married,17.3,Never,Lymphoma,2,Combination,Curative,1,1,0,1.0,1,0,1,0,0,0,1,0,0,1,0,3,0,0,0,73,133,95,36.8,20,96,4.9,8.5,7.2,,,,51.0,0.55,,3.95,,37.5,268.0,,43.1,40.7,47.7,0,0
P1126,57,Female,Asian,Medicare,Married,27.0,Never,Colorectal,3,Combination,Palliative,1,1,0,6.2,1,0,1,0,0,0,0,1,0,1,0,5,2,1,0,78,131,82,36.8,19,96,5.6,9.8,9.5,373.0,,1.48,,1.27,,,171.0,,184.0,,52.1,47.3,44.7,0,0
P1127,81,Male,White,Medicare,Married,25.5,Never,Other,3,Chemo + immunotherapy,Curative,1,1,1,6.4,2,1,0,0,0,0,1,0,0,0,0,2,1,0,0,77,129,99,36.2,17,97,4.9,9.9,8.7,277.0,,1.03,,1.49,,,92.0,,205.0,,48.5,42.4,38.7,0,1
P1128,59,Female,White,Medicare,Married,30.6,Current,Colorectal,1,Chemo + immunotherapy,Curative,0,1,0,6.2,1,0,0,0,1,0,0,1,0,1,0,5,0,0,0,88,121,62,36.7,17,93,2.3,,7.7,142.0,3.41,0.94,21.0,,138.0,3.73,59.0,,,,57.9,43.7,64.8,0,0
P1129,57,Female,White,Medicare,Married,32.9,Current,Ovarian,4,Chemo + targeted,Palliative,1,1,1,8.3,1,0,0,0,0,0,0,0,0,0,0,1,3,0,0,78,140,92,36.2,19,96,4.6,10.9,9.3,131.0,3.27,0.85,,1.14,139.0,3.69,,,,,48.1,51.7,37.1,1,1
P1130,35,Female,White,Private,Single,26.5,Former,Lung,1,Chemo + immunotherapy,Curative,0,0,0,4.0,0,0,0,1,0,1,0,0,1,0,0,1,0,0,0,94,104,63,36.7,18,95,6.5,,11.1,,2.62,1.4,38.0,,138.0,,83.0,,280.0,,41.8,38.0,48.4,0,0
P1131,49,Male,White,Medicare,Single,25.7,Never,Pancreatic,3,Combination,Curative,1,1,0,12.3,0,0,0,0,0,0,0,1,0,0,0,1,0,0,0,94,126,82,37.4,16,97,4.4,11.4,8.0,232.0,,0.86,25.0,0.71,,,,24.2,332.0,18.29,52.9,45.9,48.0,0,0
P1132,57,Male,White,Private,Single,29.9,Never,Other,3,Combination,Curative,0,1,0,5.8,4,0,0,0,1,0,1,1,0,0,1,4,0,0,0,80,145,58,36.3,20,96,5.4,13.3,10.3,286.0,3.52,1.25,,0.69,138.0,3.68,110.0,24.0,,19.63,40.4,45.9,44.6,0,0
P1133,52,Male,White,Medicare,Divorced,25.6,Never,Other,3,Single agent,Palliative,2,1,0,11.6,1,0,0,0,0,1,1,1,0,0,1,4,1,0,1,77,125,78,37.3,17,96,0.0,12.8,9.6,314.0,,1.21,41.0,,,3.97,,,,,49.4,29.9,46.3,0,0
P1134,77,Male,White,Self-pay,Married,25.1,Never,Lung,2,Combination,Curative,1,1,1,8.0,1,0,0,0,0,0,0,0,0,0,0,0,1,0,0,76,137,81,37.2,17,97,4.1,8.4,5.0,325.0,3.22,1.15,,0.6,140.0,,,,452.0,,42.6,46.9,51.4,0,0
P1135,58,Female,Asian,Medicaid,Married,32.7,Never,Ovarian,1,Combination,Curative,1,1,0,4.1,0,0,0,1,0,0,0,1,0,0,1,2,1,1,0,89,105,72,36.7,17,98,8.2,10.9,8.1,211.0,2.56,1.32,41.0,0.92,138.0,3.35,,,259.0,,54.9,51.9,54.5,0,0
P1136,75,Female,White,Medicare,Married,33.9,Former,Breast,4,Combination,Palliative,3,0,0,5.7,2,1,0,0,1,0,0,0,0,0,0,4,5,2,0,87,141,66,36.9,25,96,5.4,,,,,,,1.09,138.0,,154.0,,,,26.6,32.4,28.7,0,1
P1137,61,Female,Other,Medicare,Single,33.0,Former,Lymphoma,4,Combination,Palliative,1,0,1,7.1,1,0,1,0,0,0,1,1,0,0,0,3,3,0,0,75,133,76,36.6,20,94,5.4,,9.8,,4.2,,,,138.0,4.44,82.0,,,,38.8,45.5,32.1,0,1
P1138,60,Female,Hispanic,Medicare,Married,26.1,Current,Lung,3,Single agent,Curative,0,0,0,0.8,4,0,0,0,0,0,1,0,0,0,0,2,1,0,0,89,124,78,36.6,18,98,3.6,,9.6,,3.36,,41.0,0.49,,,124.0,23.2,,,52.7,48.8,41.4,1,0
P1139,59,Male,Asian,Private,Married,15.2,Never,Lymphoma,1,Combination,Curative,0,1,0,1.4,2,1,0,0,0,0,1,0,0,0,0,2,0,0,0,88,135,67,36.8,15,97,0.7,14.3,7.9,249.0,,0.91,21.0,0.8,137.0,4.07,69.0,0.2,170.0,23.59,51.7,55.5,53.8,0,0
P1140,60,Female,Other,Medicare,Married,26.2,Never,Colorectal,3,Chemo + targeted,Curative,0,1,0,13.9,0,0,0,0,0,0,0,1,0,0,0,1,0,0,0,70,109,74,36.5,18,96,3.9,,8.6,303.0,,1.01,25.0,0.72,143.0,4.01,,38.0,218.0,,45.3,64.9,49.5,0,0
P1141,81,Female,Hispanic,Private,Married,22.8,Never,Breast,2,Single agent,Curative,0,0,1,7.0,3,0,0,0,0,0,0,0,0,0,0,1,0,0,0,84,157,78,36.8,21,94,1.6,12.7,8.2,362.0,3.41,,,,140.0,3.98,108.0,,,,52.7,57.0,52.7,0,0
P1142,32,Female,White,Private,Widowed,26.3,Never,Lung,2,Chemo + targeted,Palliative,1,1,0,9.9,0,0,0,0,0,0,0,0,0,0,0,0,1,0,0,82,157,77,36.7,17,97,0.0,11.4,5.4,284.0,3.88,0.6,9.0,,139.0,4.32,99.0,0.2,,,66.3,44.6,62.3,0,0
P1143,36,Female,Asian,Self-pay,Single,23.3,Former,Breast,2,Chemo + targeted,Palliative,0,0,1,3.9,0,0,0,1,0,0,1,0,0,0,1,4,0,0,0,99,109,61,36.4,17,95,2.6,8.4,11.6,229.0,3.56,1.03,47.0,0.35,141.0,4.78,114.0,,,,53.0,51.3,55.1,0,0
P1144,53,Female,White,Medicaid,Married,26.9,Former,Colorectal,2,Combination,Curative,0,0,1,11.7,0,0,0,0,0,0,0,0,1,0,1,4,1,0,0,76,139,71,36.9,17,98,0.0,13.3,8.9,175.0,4.31,1.24,30.0,,142.0,4.05,,2.8,109.0,,54.1,69.6,64.6,0,0
P1145,60,Female,Asian,Medicare,Single,21.3,Never,Ovarian,2,Chemo + immunotherapy,Curative,1,1,0,4.1,0,0,0,0,0,0,0,0,0,0,0,2,1,1,0,80,123,77,36.9,17,95,0.0,11.7,13.1,183.0,3.28,0.94,46.0,,143.0,3.83,55.0,36.0,190.0,,41.9,38.9,32.6,0,1
P1146,68,Male,White,Private,Single,20.0,Never,Lymphoma,2,Chemo + immunotherapy,Curative,0,1,0,7.0,0,0,0,0,0,1,1,0,0,0,0,2,1,0,3,87,110,74,37.0,18,96,1.9,12.0,,,3.38,1.15,28.0,0.62,,3.75,134.0,,158.0,1.51,43.0,49.2,41.8,0,0
P1147,66,Male,White,Medicare,Married,33.7,Former,Pancreatic,4,Single agent,Palliative,2,0,0,12.9,1,0,0,0,0,0,1,1,0,0,0,2,2,1,0,98,145,68,36.6,17,95,6.9,12.1,7.2,,2.42,,,1.06,,4.93,152.0,,,,30.8,43.5,19.2,1,1
P1148,55,Female,White,Private,Married,21.7,Never,Pancreatic,3,Chemo + targeted,Curative,1,1,0,7.7,0,0,0,0,0,1,0,0,0,1,1,4,0,0,1,87,120,83,37.0,17,95,4.5,11.0,,186.0,,,56.0,,,4.95,,,,,36.6,37.3,32.1,0,1
P1149,72,Female,Other,Medicare,Single,27.0,Never,Lung,3,Combination,Curative,0,1,1,2.0,1,0,0,0,0,1,1,0,1,0,1,5,0,0,0,87,137,85,37.4,18,94,4.1,11.2,15.2,,3.03,,,0.89,140.0,,,0.2,303.0,,38.1,36.2,29.8,0,1
P1150,72,Female,White,Self-pay,Married,32.2,Former,Colorectal,2,Combination,Curative,1,1,0,4.3,4,0,1,0,0,1,0,0,1,1,1,4,2,0,4,77,158,85,36.7,16,95,11.9,12.3,9.8,248.0,3.34,1.39,55.0,0.6,135.0,4.18,103.0,,197.0,,38.1,34.4,35.7,0,1
P1151,62,Female,White,Private,Married,32.0,Former,Colorectal,4,Combination,Palliative,2,1,0,5.9,1,0,0,0,0,0,1,0,0,0,0,2,2,0,0,79,133,73,36.7,18,96,6.4,10.4,10.5,303.0,4.04,1.44,23.0,,141.0,4.02,122.0,,397.0,,33.5,31.7,27.4,0,1
P1152,72,Female,White,Private,Married,31.4,Never,Breast,1,Chemo + targeted,Curative,0,0,0,7.4,1,0,0,0,0,1,1,0,0,0,0,3,1,1,0,80,132,76,36.9,16,97,0.0,10.0,12.9,176.0,3.61,1.66,26.0,0.81,139.0,,85.0,27.4,,,40.1,45.3,45.1,0,0
P1153,63,Male,White,Private,Divorced,28.7,Former,Prostate,2,Chemo + targeted,Curative,1,0,0,10.8,1,0,0,0,0,0,0,0,0,0,0,2,2,1,0,88,112,86,36.1,21,96,4.1,14.4,8.4,334.0,,,,0.88,140.0,,129.0,6.3,203.0,,55.0,35.1,52.2,0,0
P1154,53,Male,Hispanic,Private,Widowed,31.0,Current,Lymphoma,3,Chemo + targeted,Palliative,0,0,0,7.4,1,0,1,0,0,0,1,1,0,0,1,4,0,0,0,83,113,84,36.3,17,95,2.9,12.6,5.5,308.0,4.23,1.22,36.0,0.98,,3.54,134.0,,192.0,2.22,57.0,48.6,62.1,0,0
P1155,68,Male,Black,Private,Divorced,34.6,Never,Prostate,3,Chemo + targeted,Curative,0,1,1,4.5,0,0,0,0,0,0,0,1,0,1,1,4,1,0,0,76,125,87,36.5,20,96,15.2,10.9,,358.0,3.17,,17.0,0.78,,3.75,,,,,34.8,41.6,30.4,0,1
P1156,61,Male,White,Private,Married,29.3,Never,Pancreatic,4,Combination,Palliative,3,0,1,3.8,1,0,1,0,0,0,1,0,0,0,0,2,0,0,0,93,123,79,36.6,18,94,7.3,8.5,8.1,274.0,2.74,1.27,57.0,,142.0,3.87,153.0,,208.0,,40.6,38.7,17.8,1,1
P1157,60,Female,White,Private,Married,16.9,Former,Breast,3,Single agent,Curative,1,1,1,3.9,1,0,0,0,0,0,1,0,0,1,1,5,1,1,0,81,135,81,36.7,14,97,10.6,11.0,3.3,256.0,3.36,,,0.62,,4.61,,30.3,368.0,,42.4,44.7,46.8,0,0
P1158,78,Female,White,Private,Single,24.1,Former,Pancreatic,2,Single agent,Curative,1,1,0,3.2,0,0,0,0,0,0,1,1,0,0,0,4,0,0,0,80,115,83,36.8,19,99,3.4,11.6,12.3,310.0,4.03,,29.0,0.54,,,,8.9,104.0,,44.1,58.5,44.0,0,0
P1159,31,Female,White,Private,Divorced,30.8,Never,Breast,2,Combination,Curative,1,1,0,3.1,0,0,0,0,0,0,0,0,0,1,1,4,1,0,0,86,105,85,36.3,16,97,0.0,10.5,4.4,341.0,,0.8,,1.02,135.0,3.76,,,162.0,,51.2,50.7,51.4,0,0
P1160,43,Female,Black,Medicare,Widowed,23.6,Never,Ovarian,3,Chemo + targeted,Curative,2,0,1,9.7,0,0,0,0,0,0,1,0,0,0,0,1,1,0,0,89,118,56,37.0,18,98,0.0,12.6,5.8,258.0,3.43,1.12,,0.91,137.0,4.66,144.0,,290.0,,55.9,49.9,46.8,0,0
P1161,46,Male,Asian,Private,Divorced,35.9,Former,Lung,2,Single agent,Curative,0,1,0,5.3,1,0,0,0,0,0,1,0,0,0,0,2,2,0,0,85,122,76,36.8,17,95,6.3,10.6,10.3,,3.2,0.65,18.0,0.73,141.0,4.09,,,408.0,,40.6,51.4,34.1,0,1
P1162,56,Male,White,Medicaid,Married,26.7,Never,Colorectal,2,Combination,Curative,0,0,0,3.3,2,1,0,0,0,1,1,0,0,0,0,3,1,0,2,97,125,83,36.7,12,97,0.0,8.4,1.9,219.0,3.68,0.72,,0.7,139.0,3.75,146.0,,,,53.6,46.9,55.8,0,0
P1163,57,Female,Asian,Private,Single,27.5,Never,Colorectal,1,Combination,Curative,1,1,0,4.8,0,1,0,0,0,0,0,0,0,0,0,3,1,0,0,62,121,85,36.8,17,96,1.4,10.4,8.2,358.0,3.82,0.85,,0.66,142.0,4.44,88.0,35.1,,,44.4,46.5,50.4,0,0
P1164,42,Female,White,Private,Widowed,33.2,Never,Lung,4,Combination,Palliative,0,1,0,3.4,0,0,0,0,0,1,1,0,0,0,0,2,4,0,0,90,109,71,36.5,15,98,4.5,13.0,8.5,313.0,,1.18,37.0,0.68,141.0,4.24,176.0,,170.0,,41.7,37.6,32.7,0,1
P1165,48,Male,Asian,Private,Single,26.0,Never,Lung,1,Combination,Curative,1,0,0,0.9,0,0,1,0,0,0,0,0,0,0,0,2,1,0,0,72,133,80,36.6,18,95,3.0,9.4,11.2,,3.58,1.18,57.0,0.37,136.0,3.13,,,,0.66,49.5,45.7,41.9,0,0
P1166,50,Female,White,Medicare,Single,28.0,Current,Breast,2,Combination,Curative,0,1,0,7.5,0,0,0,0,0,0,1,0,0,1,1,5,0,0,0,78,139,81,36.4,18,97,2.8,15.7,9.3,223.0,3.21,1.39,,,139.0,4.26,,2.7,,,58.6,53.5,63.0,0,0
P1167,89,Male,Asian,Private,Married,31.9,Former,Prostate,4,Single agent,Palliative,1,1,0,10.2,4,0,0,0,0,1,1,1,0,1,1,5,1,0,2,87,138,89,36.0,24,94,2.4,,11.2,411.0,,,29.0,0.87,,3.75,,,,,34.0,36.1,23.3,1,1
P1168,82,Male,White,Medicare,Single,18.9,Never,Other,4,Combination,Palliative,0,1,0,9.0,2,1,0,0,1,0,1,0,0,0,0,3,4,0,0,83,123,81,36.6,19,97,0.0,,,203.0,,1.08,28.0,,141.0,3.74,55.0,12.7,,10.71,46.1,36.6,35.5,1,1
P1169,55,Male,Other,Private,Married,25.4,Current,Lung,3,Combination,Curative,0,0,0,8.6,0,0,0,0,0,0,1,0,0,0,0,2,0,0,0,72,97,78,37.2,16,96,7.2,9.4,12.1,264.0,,1.92,7.0,0.1,139.0,4.01,125.0,27.9,205.0,0.86,44.1,35.6,33.9,1,1
P1170,56,Female,White,Self-pay,Married,31.6,Never,Colorectal,3,Chemo + immunotherapy,Curative,2,0,0,1.8,0,1,0,0,0,0,0,1,0,0,0,3,1,0,0,71,147,73,36.5,18,95,8.6,,7.4,,2.87,1.17,46.0,0.3,138.0,3.27,135.0,17.0,340.0,,42.7,45.4,35.6,0,1
P1171,46,Female,White,Private,Divorced,27.4,Never,Ovarian,1,Combination,Curative,1,0,1,11.7,0,0,0,0,0,0,0,0,0,0,0,0,1,0,0,59,118,84,36.2,17,96,1.2,11.7,4.6,279.0,4.28,0.53,13.0,1.11,140.0,4.09,136.0,,266.0,,53.2,44.1,45.1,0,0
P1172,37,Male,White,Private,Widowed,35.1,Never,Colorectal,4,Combination,Palliative,2,1,1,3.0,0,0,1,0,0,0,0,1,0,1,0,3,4,1,0,83,140,86,36.9,20,95,5.7,,6.2,,3.82,0.75,,,137.0,,106.0,,,1.06,33.0,40.4,23.9,0,1
P1173,59,Female,White,Medicaid,Divorced,18.3,Former,Ovarian,2,Combination,Curative,0,0,1,1.6,0,0,0,0,0,0,0,0,0,0,0,2,0,0,0,79,148,84,36.6,14,98,0.0,11.3,9.2,307.0,,,14.0,,142.0,3.83,111.0,,160.0,,52.8,47.9,59.0,0,0
P1174,48,Female,White,Private,Married,17.7,Former,Colorectal,4,Combination,Palliative,0,1,1,0.5,1,0,0,0,0,0,0,1,0,0,0,3,2,0,0,83,133,81,36.8,16,98,0.8,14.8,6.5,288.0,3.66,0.46,5.0,0.62,140.0,4.08,129.0,,235.0,,55.0,47.3,47.1,0,0
P1175,59,Female,Asian,Private,Married,31.2,Former,Colorectal,2,Combination,Curative,1,1,1,5.8,0,0,0,0,0,0,1,0,0,0,0,3,2,0,0,89,138,78,36.9,16,99,8.7,11.9,5.5,257.0,3.54,0.97,5.0,1.07,143.0,4.24,,4.3,,,58.4,55.3,54.1,0,0
P1176,41,Female,Asian,Medicare,Married,31.8,Never,Breast,3,Single agent,Curative,1,0,0,11.9,0,0,0,0,0,0,1,0,0,1,1,5,2,2,0,91,132,69,36.5,15,95,9.7,8.0,11.4,304.0,3.68,0.98,44.0,,140.0,4.33,101.0,40.8,249.0,,28.9,41.8,29.2,0,1
P1177,51,Female,White,Private,Divorced,25.9,Never,Breast,3,Chemo + immunotherapy,Curative,0,1,0,10.8,0,0,1,0,0,1,0,1,1,1,1,7,2,0,2,89,122,71,36.8,18,97,3.2,12.3,9.2,216.0,3.12,1.54,47.0,0.83,140.0,4.46,114.0,11.4,232.0,,49.0,50.7,53.8,0,0
P1178,62,Male,Asian,Private,Single,29.2,Never,Prostate,2,Chemo + immunotherapy,Curative,0,0,1,5.0,0,0,0,0,0,0,0,0,0,1,1,4,1,0,0,70,110,84,36.7,18,98,0.0,13.4,12.3,392.0,3.04,0.66,,0.87,143.0,3.88,,23.9,271.0,,54.4,52.9,49.0,0,0
P1179,64,Female,Asian,Private,Widowed,31.1,Current,Ovarian,2,Combination,Curative,0,0,0,9.5,0,0,0,0,0,0,0,1,0,0,0,1,0,0,0,89,137,85,36.1,16,96,3.3,9.2,8.1,342.0,4.05,1.23,,0.6,137.0,4.08,92.0,,,,53.7,43.9,45.8,0,0
P1180,65,Female,White,Private,Married,22.5,Never,Breast,4,Combination,Palliative,3,0,0,18.2,1,0,1,0,0,0,0,1,0,0,0,4,2,2,0,90,108,80,36.5,20,97,5.1,,10.6,243.0,3.82,1.05,15.0,0.26,,3.38,,,349.0,,27.7,34.8,19.3,0,1
P1181,44,Female,White,Medicaid,Single,23.1,Former,Other,2,Single agent,Curative,0,1,0,3.6,0,0,0,0,0,1,1,0,0,0,1,3,0,0,4,66,115,76,36.5,18,99,1.3,11.8,6.5,244.0,4.31,0.85,21.0,1.12,,3.89,82.0,0.2,,,56.1,41.1,61.6,0,0
P1182,70,Female,White,Medicare,Divorced,28.0,Former,Lung,4,Single agent,Palliative,1,1,0,6.8,1,0,0,1,0,0,0,1,0,0,1,3,0,0,0,96,119,79,36.2,24,93,5.7,7.9,,368.0,3.34,1.6,46.0,0.7,139.0,4.67,124.0,,,,39.1,35.5,31.9,0,1
P1183,50,Male,White,Medicare,Married,32.0,Never,Colorectal,2,Single agent,Curative,1,0,1,12.1,0,0,1,0,0,0,0,0,0,1,0,4,1,0,0,72,133,87,36.4,19,100,9.0,11.0,,309.0,2.72,0.86,25.0,0.52,137.0,3.72,141.0,,,,43.1,53.8,51.2,0,0
P1184,68,Female,Black,Private,Widowed,20.6,Never,Ovarian,3,Chemo + targeted,Palliative,2,0,0,1.6,1,0,1,0,0,0,0,1,0,0,0,2,1,1,0,75,134,85,36.9,17,95,6.1,12.1,,296.0,2.07,0.87,10.0,,138.0,4.61,76.0,,,,28.7,35.2,16.0,1,1
P1185,60,Female,Hispanic,Medicare,Single,25.9,Never,Ovarian,3,Combination,Palliative,0,0,0,1.8,3,0,1,0,0,0,0,0,0,0,0,1,1,0,0,97,119,75,36.7,23,94,6.6,,4.3,,3.5,0.89,,0.99,,3.64,106.0,,,,49.5,45.6,38.7,1,1
P1186,43,Male,Asian,Medicare,Married,25.7,Former,Colorectal,3,Single agent,Curative,2,1,0,13.4,0,0,0,0,0,0,1,0,0,0,0,1,3,1,0,84,114,78,36.1,16,95,5.2,11.6,8.7,208.0,4.32,0.75,33.0,0.93,134.0,4.45,143.0,,,,42.2,46.7,36.4,0,1
P1187,56,Female,White,Private,Married,29.3,Current,Lung,3,Single agent,Curative,0,0,1,9.7,1,0,0,1,0,1,0,0,0,0,0,1,1,0,2,72,151,63,36.4,20,94,5.4,11.5,10.9,279.0,3.06,0.61,49.0,,138.0,,102.0,,,,26.7,27.2,16.6,1,1
P1188,64,Female,Asian,Medicaid,Widowed,27.0,Never,Breast,4,Single agent,Palliative,2,1,1,2.7,2,0,1,0,0,0,1,1,0,1,0,6,3,0,0,80,118,73,36.7,19,95,7.7,8.5,7.6,,,,42.0,0.74,138.0,4.82,102.0,,410.0,,29.2,38.7,16.0,1,1
P1189,67,Female,Asian,Medicare,Single,24.0,Current,Lung,3,Combination,Curative,0,1,0,2.0,0,0,0,0,0,0,1,0,0,0,1,3,0,0,0,90,125,63,36.7,17,96,1.4,9.9,,340.0,3.91,0.5,16.0,0.63,136.0,3.08,94.0,,241.0,,47.9,58.8,48.6,0,0
P1190,58,Male,White,Medicare,Divorced,33.9,Never,Pancreatic,3,Combination,Curative,1,0,0,1.8,0,0,0,0,0,0,0,1,0,1,0,3,1,0,0,68,133,69,36.6,18,95,0.0,13.0,,306.0,3.46,,28.0,0.5,138.0,,,22.6,209.0,,58.6,48.9,42.7,1,0
P1191,78,Male,Hispanic,Private,Divorced,24.0,Never,Lung,3,Combination,Curative,2,1,0,5.7,0,0,0,0,0,0,0,0,0,0,0,0,1,0,0,84,131,72,36.9,20,94,10.4,9.9,,341.0,3.0,,,,,4.83,,35.8,,,40.2,38.1,36.0,0,1
P1192,72,Male,White,Private,Married,25.4,Current,Lymphoma,3,Combination,Curative,1,1,1,2.8,0,0,0,0,1,0,0,0,0,1,0,2,0,0,0,81,137,61,36.8,21,99,0.0,,6.6,113.0,,1.14,30.0,0.8,140.0,,146.0,,258.0,3.49,34.7,48.3,33.6,0,1
P1193,57,Female,White,Medicare,Divorced,18.2,Former,Breast,1,Combination,Curative,1,1,0,2.8,0,0,0,0,0,0,1,0,0,0,0,2,0,0,0,108,139,85,36.5,16,97,4.5,11.0,9.0,290.0,3.78,0.65,6.0,,,,101.0,,,,41.7,50.2,46.2,0,0
P1194,69,Female,White,Medicare,Widowed,23.1,Never,Colorectal,2,Chemo + targeted,Curative,0,1,1,1.8,1,0,0,0,0,0,1,0,1,0,1,3,1,1,0,62,148,73,36.5,17,99,6.8,12.2,8.8,267.0,3.74,1.09,16.0,,136.0,3.84,108.0,,,,64.1,36.3,49.8,1,0
P1195,83,Male,White,Private,Married,29.8,Former,Lung,3,Combination,Palliative,0,1,0,5.1,0,0,0,0,0,0,1,0,0,0,0,2,0,0,0,69,133,76,36.6,19,95,5.6,10.8,,175.0,3.77,0.44,,,,3.63,114.0,,,2.48,34.8,40.7,25.8,0,1
P1196,84,Female,Hispanic,Private,Divorced,28.8,Current,Colorectal,4,Combination,Palliative,2,1,1,1.6,0,0,0,0,0,0,0,1,0,0,0,3,4,0,0,79,138,72,36.1,23,95,7.1,,,441.0,3.15,0.84,,,,,131.0,,,,41.8,43.9,28.7,1,1
P1197,45,Male,White,Medicare,Married,30.3,Former,Prostate,1,Chemo + immunotherapy,Curative,1,0,0,7.6,1,0,0,1,1,0,0,0,0,0,0,2,1,0,1,73,123,79,36.8,19,94,4.5,12.2,7.2,292.0,3.62,,48.0,0.52,138.0,4.15,66.0,22.0,,1.8,44.9,52.7,45.5,0,0
P1198,49,Male,White,Private,Married,30.0,Former,Other,3,Chemo + targeted,Curative,2,1,0,11.0,0,0,0,0,0,0,0,1,0,1,1,3,0,0,0,83,109,86,36.3,16,95,7.9,9.0,11.6,,2.47,0.96,53.0,0.54,131.0,5.58,117.0,,,,39.7,50.8,28.9,1,1
P1199,78,Female,White,Private,Married,38.5,Never,Ovarian,2,Combination,Curative,1,0,0,5.9,1,0,0,0,0,0,0,1,0,0,0,2,1,0,0,79,133,82,37.1,21,98,9.0,,,229.0,3.45,1.12,31.0,,135.0,4.17,,,,,29.6,38.3,25.9,0,1
P1200,47,Male,White,Medicare,Divorced,22.9,Never,Lymphoma,3,Combination,Palliative,1,0,1,9.7,0,0,0,0,0,0,0,0,0,1,0,2,1,0,0,89,98,77,36.2,16,96,0.0,,9.4,284.0,3.87,0.62,16.0,0.86,136.0,4.51,55.0,,170.0,,45.3,45.9,40.9,0,0
P1201,44,Female,White,Private,Married,18.1,Former,Breast,4,Single agent,Palliative,2,1,1,4.3,0,0,0,0,0,0,1,1,0,1,1,6,3,2,0,85,125,59,36.8,17,96,9.2,10.5,7.4,296.0,3.81,1.69,29.0,,142.0,4.57,104.0,8.4,,,36.1,35.7,35.2,0,1
P1202,54,Female,White,Private,Married,21.2,Never,Other,4,Single agent,Palliative,1,0,0,2.5,2,0,0,0,0,0,0,1,0,1,0,4,0,0,0,72,93,75,36.1,20,95,3.8,9.1,9.4,,3.13,1.54,,0.59,143.0,4.36,114.0,27.0,,,41.8,52.4,41.1,0,0
P1203,65,Female,Asian,Private,Single,23.1,Never,Ovarian,4,Chemo + immunotherapy,Palliative,1,0,0,3.6,2,0,0,0,0,0,0,1,0,1,0,4,0,0,0,82,113,82,36.5,19,97,2.9,,10.5,352.0,,0.4,51.0,0.78,,4.46,133.0,,313.0,,48.9,27.4,51.1,0,0
P1204,59,Female,White,Medicaid,Married,21.6,Never,Ovarian,4,Combination,Palliative,0,0,0,1.1,1,0,0,0,0,0,1,0,0,0,0,2,1,1,0,79,137,85,36.8,17,96,0.3,10.3,11.8,282.0,3.77,,35.0,0.83,137.0,4.74,151.0,,,,50.3,36.1,45.2,0,0
P1205,52,Female,Black,Private,Divorced,27.5,Never,Colorectal,1,Single agent,Curative,1,1,0,3.0,0,0,0,0,0,0,1,0,0,0,1,2,0,0,0,94,129,80,37.0,21,98,5.2,11.5,6.3,170.0,,,6.0,0.97,130.0,4.11,179.0,4.2,294.0,,37.2,53.4,39.5,0,1
P1206,52,Female,White,Medicare,Widowed,33.9,Never,Breast,3,Single agent,Curative,1,1,0,4.2,1,0,0,0,0,1,0,0,1,1,0,2,2,0,1,92,122,92,37.0,17,96,2.8,9.5,9.9,189.0,3.13,1.04,,1.3,136.0,3.86,121.0,,260.0,,36.1,35.6,30.6,0,1
P1207,51,Female,Asian,Self-pay,Married,35.5,Never,Pancreatic,2,Combination,Curative,0,0,0,4.9,0,0,0,0,0,0,1,0,1,0,1,3,2,1,0,87,116,69,36.9,16,100,4.1,8.4,7.5,82.0,3.18,,5.0,1.58,133.0,4.61,129.0,0.2,201.0,,53.3,44.6,50.2,0,0
P1208,49,Male,Black,Medicare,Married,29.8,Never,Lung,4,Combination,Palliative,2,1,1,9.9,0,0,0,0,0,0,1,0,0,1,0,3,3,3,0,75,110,69,36.9,19,98,4.2,13.1,,251.0,2.96,0.83,34.0,,136.0,4.86,,37.3,172.0,,36.6,49.6,27.6,0,1
P1209,87,Male,White,Medicare,Widowed,38.8,Never,Lung,4,Combination,Palliative,1,1,0,12.4,0,0,1,0,0,0,0,1,0,0,0,3,3,1,0,91,128,84,37.0,15,95,7.6,10.1,7.6,336.0,,1.17,59.0,0.95,136.0,3.72,,42.3,,9.22,28.5,24.5,24.2,0,1
P1210,64,Male,White,Medicare,Married,25.0,Former,Colorectal,1,Combination,Palliative,1,0,0,5.7,2,0,0,0,0,0,1,0,0,1,1,4,0,0,0,68,136,87,36.5,17,97,5.1,10.9,5.7,265.0,3.44,1.45,5.0,0.41,139.0,4.94,108.0,,177.0,,55.2,49.9,53.6,0,0
P1211,71,Male,Other,Private,Married,18.0,Former,Prostate,2,Chemo + immunotherapy,Curative,1,1,0,2.0,2,0,1,0,0,0,0,0,0,1,1,5,0,0,0,88,128,91,36.6,18,99,7.1,,9.3,313.0,,,,0.66,138.0,3.63,170.0,27.5,166.0,0.12,43.2,49.9,31.7,1,1
P1212,54,Male,White,Medicare,Widowed,32.8,Never,Lung,3,Chemo + targeted,Curative,1,0,0,1.9,1,0,0,0,0,0,1,0,0,0,0,1,1,0,0,96,94,59,36.9,17,96,8.5,,,,,1.08,31.0,0.93,136.0,4.12,,,,,35.0,41.1,42.7,0,0
P1213,58,Female,Asian,Medicaid,Widowed,16.9,Never,Lymphoma,4,Chemo + immunotherapy,Palliative,1,1,0,3.0,0,0,0,0,0,0,1,0,0,0,0,3,2,0,0,60,107,77,37.0,17,97,7.9,,,199.0,3.9,0.53,,0.62,137.0,3.47,118.0,,202.0,,42.8,21.6,37.9,0,1
P1214,51,Female,White,Medicare,Single,22.8,Never,Lymphoma,1,Chemo + immunotherapy,Curative,0,1,1,2.6,1,0,1,0,0,0,1,1,0,0,0,4,0,0,0,79,114,85,36.6,18,100,2.2,8.8,7.9,,4.06,0.92,,0.64,138.0,3.33,102.0,,382.0,,43.7,43.5,39.7,0,1
P1215,28,Female,White,Private,Single,29.9,Former,Colorectal,3,Chemo + immunotherapy,Curative,3,0,0,5.8,0,0,0,0,0,0,0,1,0,0,0,1,0,0,1,80,112,80,36.5,17,97,1.1,10.7,9.8,273.0,3.53,0.92,19.0,0.99,142.0,,118.0,17.4,294.0,,53.0,40.0,40.1,1,0
P1216,43,Female,White,Private,Widowed,26.4,Former,Breast,2,Chemo + immunotherapy,Curative,0,1,0,2.1,2,0,0,0,0,0,0,0,0,1,1,4,0,0,0,87,116,79,36.5,18,94,1.6,11.6,6.1,142.0,,1.37,38.0,,141.0,4.43,96.0,17.3,,,54.5,62.6,58.7,0,0
P1217,38,Female,Hispanic,Medicaid,Single,25.9,Former,Other,3,Combination,Curative,2,0,0,12.6,0,0,0,0,0,0,1,0,0,0,0,3,1,1,0,74,104,73,36.4,18,97,1.6,9.8,3.8,259.0,3.13,0.64,25.0,0.87,,,118.0,,,,46.4,54.0,36.9,0,1
P1218,33,Female,White,Private,Single,20.5,Former,Colorectal,3,Combination,Palliative,1,1,1,8.8,0,0,0,0,0,1,0,0,1,1,0,4,0,0,0,75,126,49,36.8,17,98,0.0,9.8,10.6,233.0,3.95,0.45,32.0,0.69,137.0,5.0,81.0,,262.0,,45.8,37.7,34.5,1,1
P1219,46,Male,Black,Medicare,Divorced,26.9,Never,Colorectal,2,Single agent,Curative,1,0,1,10.1,0,0,0,1,0,0,0,0,0,1,1,3,0,0,0,81,93,91,37.0,20,96,1.9,11.9,6.2,169.0,4.21,0.77,,0.1,145.0,3.63,151.0,36.3,,,53.9,35.7,50.8,0,0
P1220,76,Female,Asian,Private,Single,32.5,Never,Colorectal,4,Combination,Palliative,2,1,0,2.9,3,0,0,0,0,0,0,0,0,1,0,1,3,0,0,89,119,82,36.8,19,94,6.6,10.2,11.6,,,1.28,,,136.0,,,,,,38.3,42.1,29.8,0,1
P1221,59,Female,White,Medicare,Married,27.1,Never,Lung,1,Chemo + targeted,Curative,0,1,0,2.1,0,0,0,0,0,0,0,1,0,1,0,4,0,0,0,81,136,69,36.7,23,97,6.1,11.4,7.6,220.0,3.94,0.69,31.0,0.86,141.0,,129.0,,235.0,,50.6,39.8,47.0,0,0
P1222,75,Female,White,Medicare,Married,22.4,Never,Lymphoma,4,Single agent,Palliative,2,0,0,2.7,3,0,0,0,1,0,0,1,0,0,1,3,1,1,0,95,137,75,37.3,21,98,5.9,8.6,9.4,246.0,2.85,1.1,42.0,0.89,140.0,3.87,,,,,28.1,40.8,11.6,1,1
P1223,65,Female,White,Medicare,Married,20.1,Never,Breast,2,Chemo + targeted,Curative,1,1,0,5.2,1,0,1,1,0,0,0,0,0,0,0,3,1,0,0,88,126,81,36.7,18,93,6.8,,,242.0,3.1,1.25,47.0,0.83,138.0,3.86,91.0,,110.0,,54.4,48.8,58.9,0,0
P1224,69,Female,White,Private,Married,22.5,Former,Ovarian,3,Chemo + targeted,Curative,0,0,0,4.8,2,0,0,0,0,0,0,0,0,0,0,1,0,0,0,81,141,81,37.1,16,93,6.1,,10.9,,,0.7,,1.01,,,,,,,36.5,36.2,35.9,0,1
P1225,49,Female,Asian,Medicare,Married,29.2,Never,Breast,2,Combination,Curative,2,1,0,11.7,1,0,0,0,0,0,0,1,0,1,0,4,2,1,0,84,125,64,36.4,17,95,0.0,10.4,8.4,,2.44,1.07,,,,4.04,129.0,,309.0,,32.5,43.2,23.0,0,1
P1226,66,Female,White,Private,Married,28.9,Former,Other,3,Combination,Curative,1,1,0,13.2,0,1,0,0,0,0,1,0,0,1,0,3,1,0,0,86,128,69,36.8,13,98,0.0,10.7,,,4.17,1.07,5.0,0.73,140.0,,158.0,,231.0,,45.3,64.4,46.9,0,0
P1227,69,Male,White,Private,Divorced,22.6,Never,Prostate,2,Single agent,Curative,0,0,1,5.4,1,0,0,0,1,1,1,1,0,0,0,3,1,0,0,73,136,81,36.4,19,93,4.6,10.3,7.9,313.0,3.8,1.21,32.0,1.22,139.0,4.62,112.0,,,,43.2,27.8,40.4,0,0
P1228,53,Female,Asian,Medicare,Married,15.0,Never,Breast,3,Combination,Curative,2,0,0,1.4,1,0,1,0,0,0,0,0,0,1,1,3,1,0,0,76,132,73,36.4,18,96,0.0,7.1,3.4,204.0,,,52.0,,136.0,,108.0,,324.0,,40.7,34.8,32.2,0,1
P1229,67,Male,Asian,Private,Married,29.3,Former,Prostate,1,Single agent,Curative,0,0,0,3.8,1,0,0,0,0,0,1,0,0,1,0,4,0,0,0,67,146,62,36.5,16,97,0.0,11.0,10.9,,3.53,1.49,,0.87,140.0,4.21,141.0,32.5,240.0,5.08,55.8,48.6,57.3,0,0
P1230,67,Male,White,Medicare,Married,22.1,Never,Lung,2,Combination,Curative,1,1,1,23.8,2,0,1,0,1,0,0,1,0,1,0,4,0,0,0,94,126,72,36.7,19,96,0.0,9.8,5.9,,,0.9,18.0,0.62,139.0,,120.0,,159.0,8.57,41.2,37.9,33.8,0,1
P1231,53,Male,Asian,Private,Married,30.8,Never,Other,4,Combination,Palliative,1,1,0,1.5,0,0,0,0,0,0,0,0,0,0,0,0,2,2,0,105,119,75,36.6,18,94,4.0,,7.1,320.0,,1.33,45.0,0.44,,3.99,114.0,,265.0,5.0,39.5,44.9,40.5,0,0
P1232,47,Female,White,Private,Divorced,22.8,Never,Pancreatic,3,Combination,Curative,2,0,0,6.0,0,0,0,0,0,0,0,1,0,0,0,1,4,1,0,78,124,62,36.1,20,96,7.2,,,,,1.47,11.0,,133.0,,169.0,12.5,,,32.5,30.3,25.9,0,1
P1233,46,Male,Asian,Medicaid,Married,21.6,Former,Colorectal,3,Combination,Curative,1,0,0,2.7,0,0,0,0,0,0,0,0,1,1,0,2,0,0,0,84,121,88,36.6,16,95,0.0,12.3,8.5,,3.6,0.4,,0.99,138.0,3.74,156.0,,,2.53,53.8,50.0,52.7,0,0
P1234,61,Male,White,Private,Married,27.8,Never,Colorectal,3,Combination,Curative,2,1,0,17.0,2,0,0,0,0,0,1,0,0,0,0,2,0,0,0,97,151,86,36.5,19,96,7.6,10.8,,,,1.58,,0.96,142.0,,,40.0,,0.83,33.7,39.8,29.1,0,1
P1235,64,Female,White,Medicare,Divorced,40.0,Current,Other,3,Combination,Curative,1,0,1,6.3,1,0,0,0,0,1,1,1,0,0,0,3,1,1,0,72,134,84,36.2,21,95,4.8,,,205.0,3.69,0.77,,0.77,140.0,3.94,106.0,21.0,337.0,,35.8,39.9,30.5,0,1
P1236,50,Female,White,Medicare,Married,31.1,Current,Lymphoma,4,Chemo + immunotherapy,Palliative,1,0,1,2.8,2,0,0,0,0,0,1,0,0,1,0,2,1,1,0,89,112,76,36.8,21,96,1.8,10.0,10.4,289.0,3.87,,,,,,,7.3,,,32.8,37.6,33.1,0,1
P1237,60,Female,Asian,Medicaid,Married,27.7,Former,Colorectal,3,Single agent,Palliative,2,1,0,3.4,0,1,0,0,0,0,0,0,0,1,0,4,0,0,0,97,104,66,36.9,21,96,4.8,10.2,,299.0,,1.42,23.0,0.67,139.0,4.05,99.0,41.2,,,40.8,49.3,46.2,0,0
P1238,67,Male,Asian,Medicare,Divorced,29.0,Never,Colorectal,4,Chemo + immunotherapy,Palliative,1,0,1,0.7,0,0,0,0,0,0,1,1,0,0,0,2,0,0,0,78,149,70,36.9,18,95,1.0,9.9,5.8,339.0,3.73,0.88,22.0,1.02,136.0,4.22,,4.0,250.0,,45.8,38.7,38.3,0,1
P1239,67,Male,White,Medicare,Single,17.4,Former,Lung,4,Single agent,Palliative,0,1,0,5.9,1,0,1,0,0,0,0,1,1,0,0,3,1,1,0,80,125,89,37.2,14,97,0.9,,7.2,215.0,3.7,0.98,32.0,1.29,137.0,3.51,89.0,14.8,,,46.9,48.4,41.0,0,0
P1240,79,Male,Hispanic,Private,Divorced,20.8,Never,Lymphoma,3,Combination,Curative,2,0,0,6.0,2,0,0,0,0,0,1,1,0,0,0,2,2,0,0,99,135,72,36.4,17,96,1.6,10.7,10.9,281.0,,1.4,,0.85,,3.66,106.0,,,,41.7,28.6,23.8,1,1
P1241,75,Male,Hispanic,Private,Divorced,15.0,Former,Prostate,2,Chemo + immunotherapy,Curative,0,1,0,1.4,2,0,0,0,0,0,1,0,0,1,0,3,0,0,0,78,129,77,36.4,15,97,4.1,9.6,9.9,389.0,3.93,,33.0,1.36,138.0,,138.0,0.2,347.0,,36.1,26.8,38.1,0,1
P1242,48,Female,White,Medicaid,Widowed,36.5,Never,Ovarian,3,Chemo + targeted,Palliative,2,0,0,7.5,0,0,0,0,0,0,0,0,0,1,0,2,3,0,0,76,133,72,36.7,20,97,3.0,9.4,10.0,,,,20.0,0.7,135.0,,,,,,45.5,35.1,38.0,0,1
P1243,80,Male,Asian,Medicaid,Married,35.4,Never,Prostate,4,Combination,Palliative,1,0,0,13.1,3,0,1,0,0,0,0,0,0,0,0,1,1,0,0,82,126,79,36.7,18,98,4.1,,,125.0,3.49,1.46,48.0,,,3.28,90.0,16.4,230.0,5.98,45.8,56.9,33.5,1,1
P1244,54,Male,White,Medicare,Divorced,29.2,Never,Prostate,2,Chemo + targeted,Curative,0,0,0,1.8,1,0,0,0,0,0,0,0,0,0,0,1,0,0,0,100,125,74,36.7,20,97,3.4,13.3,11.0,,,1.15,54.0,,138.0,4.55,104.0,,291.0,42.58,50.4,55.7,51.5,0,0
P1245,73,Male,Other,Medicare,Single,27.7,Former,Colorectal,2,Combination,Curative,0,1,1,7.4,0,0,0,0,0,0,0,0,0,0,0,1,1,0,0,88,121,75,37.0,19,97,3.6,10.0,8.8,217.0,3.08,0.52,,0.71,137.0,4.86,110.0,,,7.83,49.7,49.8,49.7,0,0
P1246,61,Male,White,Medicare,Married,18.5,Former,Pancreatic,2,Chemo + targeted,Curative,0,1,0,7.5,0,1,0,0,0,0,0,0,0,1,0,2,2,0,0,84,164,72,36.6,16,94,2.4,13.7,5.8,184.0,,0.91,46.0,0.99,138.0,3.83,161.0,51.6,169.0,3.58,56.4,44.1,60.5,0,0
P1247,55,Male,White,Private,Widowed,25.8,Never,Colorectal,4,Single agent,Palliative,1,0,0,5.4,1,0,1,0,0,0,0,0,0,1,0,3,0,0,0,88,116,75,37.0,21,96,0.0,8.2,7.5,292.0,,1.15,66.0,,138.0,4.14,102.0,48.9,208.0,,50.5,51.4,48.2,0,0
P1248,38,Female,White,Medicaid,Married,36.9,Never,Ovarian,3,Chemo + targeted,Curative,0,1,0,5.7,0,0,0,0,0,1,1,0,1,0,0,3,2,2,5,69,126,72,36.5,19,93,2.8,9.9,10.2,345.0,,,19.0,0.58,143.0,4.61,151.0,,229.0,,44.0,28.8,38.9,0,1
P1249,58,Male,White,Medicare,Widowed,27.7,Former,Lung,2,Chemo + immunotherapy,Palliative,1,0,0,3.3,1,0,0,0,0,0,1,0,0,0,0,3,1,0,0,88,164,68,36.5,18,94,1.1,8.8,12.5,368.0,3.61,0.56,,1.28,137.0,4.09,115.0,,,,41.4,29.5,39.3,0,1
P1250,41,Female,Asian,Medicare,Single,23.9,Former,Lymphoma,3,Chemo + immunotherapy,Curative,1,0,0,0.7,0,0,1,0,0,0,1,0,0,0,0,2,1,1,0,76,138,65,36.4,18,98,6.3,10.6,3.0,362.0,,,8.0,0.85,140.0,4.03,126.0,,,,45.4,45.5,43.9,0,0
P1251,72,Female,White,Private,Married,17.3,Former,Ovarian,4,Chemo + targeted,Palliative,1,0,0,6.2,1,0,1,1,0,0,1,0,0,0,0,2,2,1,0,81,131,76,35.7,22,94,5.2,10.8,9.0,,3.8,0.85,27.0,,,4.54,142.0,8.4,245.0,,42.5,43.6,36.5,0,1
P1252,78,Female,White,Private,Married,34.6,Never,Pancreatic,4,Chemo + targeted,Palliative,2,1,0,8.7,2,1,0,0,0,0,0,1,0,0,0,4,3,1,0,82,133,71,36.2,19,98,8.8,,4.1,268.0,,,13.0,0.63,142.0,4.66,,,154.0,,35.1,44.4,20.9,1,1
P1253,50,Female,White,Private,Widowed,26.6,Former,Lung,2,Combination,Palliative,1,0,1,2.2,0,0,0,0,0,0,0,0,0,0,0,0,1,0,0,91,111,74,37.0,16,95,1.7,,6.0,263.0,3.02,1.37,50.0,,144.0,3.9,91.0,,80.0,,44.1,40.7,47.2,0,0
P1254,64,Female,Hispanic,Medicare,Single,17.3,Former,Lymphoma,2,Combination,Palliative,2,0,0,2.8,2,0,1,0,1,1,0,1,1,1,0,6,1,0,0,103,153,70,37.0,16,96,7.8,8.6,10.1,492.0,,,36.0,1.67,137.0,3.82,,8.5,245.0,,41.1,31.0,32.6,0,1
P1255,51,Female,Black,Medicare,Married,21.9,Never,Breast,2,Chemo + immunotherapy,Curative,0,1,0,2.5,0,0,0,0,0,1,0,0,1,0,0,2,0,0,3,68,119,60,36.3,16,97,0.0,12.7,7.6,278.0,4.26,0.74,22.0,0.93,135.0,4.43,128.0,31.9,139.0,,53.4,57.1,54.0,0,0
P1256,52,Female,White,Private,Married,20.0,Never,Breast,3,Combination,Palliative,1,1,0,6.6,1,0,0,0,0,0,0,0,0,1,0,2,1,0,0,91,122,87,37.0,16,99,2.9,11.6,5.6,256.0,4.07,,,0.81,133.0,,76.0,,,,49.0,45.6,53.4,0,0
P1257,69,Female,White,Medicare,Divorced,26.3,Never,Pancreatic,2,Combination,Curative,0,0,1,5.9,1,0,1,0,1,0,0,0,0,0,0,4,0,0,0,79,118,74,36.0,17,98,1.0,,,199.0,,,10.0,0.89,139.0,,66.0,,,,45.5,43.1,35.8,0,1
P1258,60,Male,White,Self-pay,Married,28.1,Never,Pancreatic,2,Chemo + targeted,Curative,1,1,1,2.3,2,0,0,0,0,0,0,1,0,1,1,5,1,1,0,94,121,58,36.4,18,95,8.3,,11.5,,3.18,,25.0,1.25,137.0,3.81,,,,,40.9,43.3,30.0,1,1
P1259,81,Female,Hispanic,Private,Single,24.2,Former,Breast,4,Single agent,Palliative,1,0,0,4.7,1,1,1,0,0,1,1,0,0,0,0,5,0,0,1,87,135,86,36.6,17,95,9.6,,8.7,193.0,,,56.0,,,3.66,,33.1,347.0,,33.1,32.1,18.7,1,1
P1260,54,Male,Asian,Medicare,Single,31.3,Never,Other,3,Chemo + targeted,Curative,1,1,0,4.8,3,0,0,0,0,0,1,1,0,0,1,4,3,0,0,77,138,71,37.0,20,96,5.3,12.5,8.4,296.0,,0.98,48.0,0.7,139.0,,96.0,10.7,,,41.1,55.7,36.1,0,1
P1261,72,Male,Asian,Medicare,Married,27.4,Never,Colorectal,2,Chemo + targeted,Curative,0,0,0,6.3,2,0,0,0,0,0,1,0,0,1,0,2,1,0,0,75,132,77,37.2,21,100,0.0,10.3,10.9,263.0,,0.91,41.0,0.41,136.0,4.88,133.0,,220.0,4.68,52.1,49.0,44.9,0,0
P1262,61,Female,Hispanic,Private,Single,32.8,Never,Other,2,Combination,Curative,1,1,0,3.6,1,0,1,0,0,1,0,0,0,0,0,2,1,0,1,82,144,79,36.6,17,96,2.4,10.0,,256.0,3.9,0.96,5.0,0.1,,3.53,100.0,,,,39.8,34.1,39.4,0,1
P1263,70,Male,White,Medicare,Married,25.0,Current,Pancreatic,2,Single agent,Palliative,1,1,1,10.5,3,0,0,0,0,0,1,1,0,0,0,2,0,0,0,85,96,84,36.7,16,95,13.1,11.9,6.8,399.0,3.42,0.9,28.0,,132.0,4.19,,,,,43.8,40.4,37.2,0,1
P1264,55,Female,Asian,Medicare,Widowed,43.7,Former,Other,2,Chemo + targeted,Palliative,1,0,0,6.4,1,0,0,0,0,0,1,0,1,0,0,3,2,0,0,88,143,77,37.0,17,95,6.6,,10.1,315.0,3.95,1.06,27.0,,138.0,3.29,,,202.0,,49.2,30.8,42.8,0,0
P1265,59,Female,White,Private,Divorced,23.9,Never,Ovarian,3,Single agent,Curative,1,0,0,10.3,1,0,0,0,0,0,0,0,0,1,0,1,1,1,0,110,106,64,37.4,17,96,0.1,8.4,7.0,332.0,3.82,0.86,18.0,0.67,139.0,4.89,134.0,15.0,81.0,,46.8,49.2,45.0,0,0
P1266,59,Female,White,Private,Married,22.0,Former,Other,1,Chemo + immunotherapy,Curative,0,0,0,6.3,0,0,0,0,0,0,0,0,0,1,0,2,1,1,0,86,135,66,37.1,18,97,5.3,10.9,8.0,178.0,3.84,0.97,30.0,1.28,140.0,4.21,129.0,,80.0,,48.8,42.0,54.1,0,0
P1267,50,Male,White,Medicaid,Married,21.4,Never,Prostate,1,Single agent,Curative,1,1,1,6.7,0,0,0,0,0,0,1,0,0,0,1,3,0,0,0,68,80,63,36.3,16,95,3.1,12.2,3.0,335.0,4.2,,,0.71,137.0,4.85,120.0,0.2,216.0,3.1,47.6,34.6,58.4,0,0
P1268,68,Male,White,Private,Married,25.8,Former,Lung,4,Combination,Palliative,0,1,0,1.2,0,0,0,0,0,0,1,0,0,1,0,2,1,0,0,96,128,72,37.0,19,98,12.1,10.8,6.8,375.0,,,,0.49,138.0,3.77,,19.7,127.0,1.34,39.9,34.6,33.3,0,1
P1269,68,Male,Other,Medicare,Widowed,17.5,Former,Lung,4,Single agent,Palliative,2,1,0,5.9,4,1,0,1,0,0,0,0,0,0,0,1,0,0,0,94,141,79,36.5,20,93,6.8,9.3,,320.0,2.39,,,0.77,,5.12,,,336.0,,37.5,46.8,22.9,1,1
P1270,67,Female,White,Medicare,Married,28.6,Never,Pancreatic,1,Chemo + targeted,Palliative,0,1,1,4.6,3,0,0,0,0,0,1,0,0,1,0,2,0,0,0,80,115,69,37.1,17,98,3.6,8.5,,237.0,3.5,,20.0,,,3.63,130.0,,,,38.1,42.9,27.5,1,1
P1271,78,Female,Black,Medicare,Single,16.5,Current,Breast,3,Combination,Curative,1,1,0,11.1,5,0,1,0,0,1,1,0,0,0,0,2,4,1,0,76,134,74,36.9,17,96,5.6,,8.1,236.0,,1.3,,1.5,,4.32,,,234.0,,31.2,33.8,21.9,0,1
P1272,77,Female,Asian,Medicare,Widowed,27.9,Never,Other,1,Chemo + targeted,Curative,1,1,0,10.0,0,0,0,0,0,0,1,0,0,0,1,3,1,0,0,79,143,71,36.4,19,96,2.0,10.7,3.5,267.0,3.82,0.96,,0.53,136.0,3.05,,,,,46.9,47.7,48.0,0,0
P1273,56,Male,Asian,Medicare,Married,19.6,Former,Breast,4,Chemo + immunotherapy,Palliative,2,1,0,11.9,2,0,1,0,0,0,0,0,0,0,1,4,0,0,0,97,137,72,37.0,20,92,2.9,8.8,10.7,270.0,3.44,,41.0,0.24,,3.89,133.0,,,,41.7,54.9,31.7,1,1
P1274,64,Female,Hispanic,Medicare,Single,24.9,Never,Ovarian,4,Combination,Palliative,1,0,0,2.8,1,0,0,0,0,0,1,1,0,0,0,3,3,1,0,88,104,81,36.9,19,96,0.7,,,233.0,,1.48,19.0,1.7,135.0,4.1,116.0,25.1,,,36.9,37.9,32.8,0,1
P1275,53,Female,White,Private,Married,30.3,Former,Colorectal,3,Combination,Curative,1,1,0,4.9,0,0,0,0,0,0,0,0,0,0,0,2,1,1,0,94,137,72,36.8,18,97,1.2,11.0,4.9,294.0,3.99,0.76,46.0,0.67,138.0,4.18,104.0,,257.0,,53.4,47.4,48.7,0,0
P1276,60,Female,White,Private,Single,39.7,Never,Ovarian,3,Single agent,Curative,0,0,1,12.7,0,0,1,0,0,0,1,1,0,0,0,3,1,0,0,92,152,86,36.7,19,97,4.3,10.6,3.1,268.0,3.85,,15.0,0.39,142.0,3.98,116.0,,123.0,,55.1,56.5,57.3,0,0
P1277,53,Female,White,Private,Married,21.1,Never,Other,2,Chemo + immunotherapy,Curative,1,0,1,2.8,0,0,0,0,0,0,1,0,0,0,1,4,1,0,0,82,140,70,36.5,18,98,1.7,14.8,9.2,232.0,4.49,1.07,10.0,0.73,137.0,4.37,115.0,13.3,,,43.3,47.0,47.2,0,0
P1278,79,Female,White,Private,Widowed,26.2,Never,Colorectal,2,Combination,Curative,0,0,0,11.1,1,0,0,0,0,0,0,0,0,0,1,3,0,0,0,50,113,78,36.9,19,96,1.4,12.0,8.6,240.0,4.08,0.58,45.0,0.68,137.0,3.93,108.0,43.3,135.0,,44.5,48.2,46.0,0,0
P1279,64,Female,Hispanic,Private,Married,23.0,Current,Lymphoma,3,Chemo + immunotherapy,Palliative,0,0,0,10.3,5,0,0,0,1,0,1,0,0,0,0,2,1,0,0,76,111,74,37.4,18,97,1.1,,,164.0,3.52,0.89,24.0,1.03,138.0,4.75,,,150.0,,37.3,39.8,30.0,0,1
P1280,57,Female,White,Private,Married,22.2,Never,Lung,2,Chemo + immunotherapy,Curative,1,1,1,4.7,0,0,0,0,0,0,1,0,0,0,0,1,1,0,0,66,125,77,37.3,14,95,5.1,11.2,9.9,252.0,3.62,,33.0,,129.0,4.38,,0.2,,,54.5,42.1,53.7,0,0
P1281,74,Female,White,Private,Divorced,23.1,Former,Pancreatic,3,Combination,Curative,1,0,0,14.8,1,0,0,0,0,0,0,0,0,0,0,1,0,0,0,100,137,81,36.6,17,97,11.0,9.0,,198.0,3.1,,10.0,,,3.49,115.0,,,,45.0,49.7,37.6,0,1
P1282,34,Female,White,Private,Divorced,31.5,Never,Pancreatic,3,Combination,Curative,0,0,0,10.6,0,0,0,0,0,0,0,0,0,0,0,0,0,0,0,82,129,73,36.1,20,99,0.0,11.2,11.0,217.0,3.98,0.95,24.0,0.59,138.0,4.41,112.0,0.2,80.0,,61.5,50.7,65.3,0,0
P1283,36,Female,White,Private,Single,24.3,Former,Lung,2,Chemo + immunotherapy,Palliative,1,1,1,1.6,0,0,0,1,0,0,0,1,0,0,0,2,0,0,0,78,107,95,36.5,18,96,0.7,9.8,11.9,280.0,3.91,1.01,,,138.0,4.15,117.0,,,,47.2,50.6,47.2,0,0
P1284,70,Female,Asian,Medicare,Single,39.4,Never,Breast,3,Chemo + targeted,Curative,1,1,0,13.3,1,0,1,0,0,0,0,0,0,0,0,3,0,0,0,76,130,91,36.7,21,98,0.5,,13.4,136.0,4.09,1.0,,,,3.11,,,266.0,,48.5,48.3,46.1,0,0
P1285,61,Male,White,Medicare,Married,29.3,Former,Colorectal,4,Chemo + targeted,Palliative,1,0,0,4.8,2,0,0,0,0,0,0,0,0,0,1,1,0,0,0,93,114,71,36.8,19,96,5.8,8.7,13.8,247.0,2.96,1.62,24.0,1.03,138.0,4.84,104.0,,202.0,,48.0,20.2,24.3,1,1
P1286,63,Female,Black,Medicare,Single,21.4,Current,Breast,3,Combination,Curative,2,0,0,6.6,0,0,0,1,0,0,1,1,0,0,0,4,1,0,0,75,112,87,37.0,20,94,7.6,12.0,6.5,301.0,3.18,1.02,,1.16,142.0,3.66,55.0,29.2,322.0,,35.1,41.2,35.2,0,1
P1287,44,Male,Asian,Medicare,Married,25.0,Never,Pancreatic,3,Combination,Palliative,0,0,0,6.6,0,0,0,0,0,0,1,1,0,1,0,5,1,0,0,68,126,84,36.9,15,96,4.3,10.4,10.8,,4.29,0.87,31.0,1.16,144.0,4.22,121.0,13.5,309.0,,48.0,47.4,47.0,0,0
P1288,60,Female,Black,Medicaid,Married,22.6,Never,Lung,4,Combination,Palliative,3,1,0,7.8,0,0,1,0,0,0,0,0,1,0,0,3,2,1,0,76,127,67,36.9,19,97,3.8,10.1,10.2,,2.57,1.59,,0.62,137.0,4.19,,,,,36.2,20.0,19.8,1,1
P1289,84,Female,White,Medicare,Widowed,31.4,Current,Other,1,Chemo + immunotherapy,Palliative,0,0,1,12.8,2,1,1,1,0,1,0,0,1,0,0,5,0,0,0,84,142,63,36.5,19,95,5.1,9.5,2.9,,3.13,,,0.48,136.0,,150.0,23.9,,,37.7,28.0,34.5,0,1
P1290,70,Male,Asian,Private,Single,18.0,Never,Other,3,Combination,Curative,1,1,0,6.5,2,1,1,0,0,0,0,0,0,0,0,3,0,0,0,76,123,80,36.5,18,95,5.2,11.1,,338.0,,1.51,,0.84,142.0,4.47,85.0,,,8.58,42.9,41.1,40.7,0,0
P1291,62,Male,White,Self-pay,Married,19.6,Never,Other,3,Chemo + targeted,Palliative,1,0,0,4.5,0,0,0,0,0,0,0,0,0,0,0,2,1,0,0,91,135,75,36.4,18,97,4.0,9.2,5.9,,3.93,,26.0,0.12,138.0,4.56,81.0,,,,48.5,43.3,41.8,0,0
P1292,55,Male,White,Private,Married,23.7,Never,Prostate,2,Single agent,Curative,0,1,0,2.2,0,0,0,0,0,0,1,0,0,0,0,1,3,0,0,79,108,55,36.8,15,96,0.0,11.1,7.4,202.0,4.03,0.99,20.0,0.31,137.0,4.29,136.0,1.4,120.0,,48.8,55.5,55.7,0,0
P1293,55,Female,Asian,Medicare,Widowed,30.8,Former,Lung,4,Chemo + immunotherapy,Palliative,0,0,0,3.4,0,0,1,0,0,0,1,1,1,1,0,6,1,1,0,67,120,78,37.0,16,97,0.0,10.7,,319.0,4.01,1.53,34.0,0.85,141.0,3.74,,9.9,,,53.1,58.5,51.8,0,0
P1294,34,Male,Asian,Medicare,Married,33.8,Current,Pancreatic,3,Combination,Curative,1,1,0,10.1,0,0,1,0,0,0,1,1,0,0,0,5,2,1,0,78,105,76,37.0,19,96,0.0,12.0,11.4,240.0,3.63,0.84,26.0,,139.0,4.22,102.0,,,1.73,46.7,42.8,50.2,0,0
P1295,63,Female,White,Private,Married,34.6,Former,Lymphoma,2,Chemo + targeted,Curative,1,0,1,11.6,0,0,0,0,0,1,0,0,1,0,1,4,1,1,0,76,130,71,35.9,23,94,8.8,8.0,6.3,,3.24,1.42,,0.25,140.0,,123.0,1.4,258.0,,44.0,29.2,27.2,1,1
P1296,70,Female,Hispanic,Medicare,Married,29.9,Former,Other,2,Single agent,Curative,0,0,0,3.8,0,0,0,0,0,1,1,0,0,0,0,2,1,0,5,78,153,89,36.8,17,95,5.8,14.2,,290.0,3.9,0.5,23.0,,137.0,4.13,125.0,,280.0,,64.6,44.3,69.2,0,0
P1297,41,Female,White,Private,Married,26.5,Never,Lung,4,Chemo + immunotherapy,Palliative,0,1,0,8.8,0,0,0,1,0,0,1,1,0,1,1,5,0,0,0,94,124,72,36.4,20,94,0.0,10.8,11.5,,3.36,1.28,,0.24,137.0,3.48,78.0,0.2,,,44.1,51.5,49.0,0,0
P1298,52,Male,Asian,Private,Married,31.4,Never,Breast,4,Chemo + targeted,Palliative,1,1,0,3.2,1,0,0,0,0,0,0,0,0,1,1,2,1,0,0,82,121,72,36.9,18,98,1.9,,9.2,,3.28,0.88,7.0,1.77,141.0,4.64,132.0,21.8,,,52.1,44.6,44.5,0,0
P1299,46,Female,Other,Private,Widowed,20.7,Never,Other,1,Combination,Palliative,1,0,1,0.9,1,0,0,0,0,0,0,0,0,0,0,1,0,0,0,74,118,74,36.4,17,94,0.6,9.1,12.9,,,,,0.39,132.0,3.96,,,,,49.3,54.4,45.4,0,0
P1300,48,Female,White,Private,Married,16.9,Never,Ovarian,3,Combination,Curative,1,1,1,1.4,1,0,0,0,1,1,1,0,0,0,0,4,1,0,3,86,113,64,36.9,17,97,6.4,,,49.0,3.35,,,0.41,137.0,,,,240.0,,33.5,44.8,30.3,0,1
P1301,61,Male,Black,Private,Married,29.4,Never,Lung,2,Combination,Curative,0,0,1,10.8,1,0,0,0,0,0,0,0,0,1,0,2,0,0,0,77,141,69,36.5,17,99,3.4,,11.0,,,1.31,5.0,0.26,142.0,,160.0,17.9,,,46.1,50.3,37.8,0,1
P1302,35,Male,Asian,Medicare,Single,21.5,Former,Lymphoma,3,Combination,Palliative,0,1,0,1.0,0,1,0,0,0,0,0,0,0,0,0,1,0,0,0,85,123,51,36.5,18,98,7.0,10.3,4.7,197.0,,0.95,45.0,0.71,138.0,4.42,,,187.0,,50.7,47.9,50.4,0,0
P1303,67,Female,Black,Medicare,Single,26.6,Never,Breast,3,Single agent,Curative,1,0,0,8.3,0,0,0,0,1,0,0,0,0,1,0,2,2,0,0,84,104,80,36.9,19,97,2.3,10.3,8.9,179.0,,1.13,24.0,0.69,142.0,,64.0,15.9,,,57.2,40.2,53.8,0,0
P1304,69,Male,Asian,Medicare,Single,27.7,Never,Prostate,1,Combination,Curative,2,0,0,6.1,0,0,0,0,0,0,0,0,0,1,1,3,2,0,0,74,143,84,36.5,18,96,1.1,9.7,13.9,271.0,,1.15,,,,3.82,116.0,,,,39.2,42.4,40.6,0,0
P1305,57,Female,Asian,Medicare,Single,28.4,Never,Lung,3,Combination,Curative,1,0,0,11.2,2,0,0,1,0,0,1,0,0,1,1,3,1,0,0,71,112,78,37.0,19,96,2.5,9.9,5.5,271.0,,,43.0,,,4.33,79.0,,,,28.4,36.1,19.4,0,1
P1306,30,Female,White,Private,Single,32.2,Never,Lung,4,Combination,Palliative,0,0,0,5.7,0,0,0,1,0,1,1,0,0,1,1,4,0,0,1,80,107,74,36.9,19,97,1.8,8.9,8.6,153.0,2.8,0.88,20.0,1.15,137.0,3.76,129.0,,321.0,,43.5,49.0,50.9,0,0
P1307,48,Male,Asian,Private,Single,31.6,Never,Lung,2,Chemo + targeted,Curative,0,1,1,7.2,0,0,0,0,0,0,1,0,0,0,0,3,2,0,0,85,127,74,36.7,18,98,6.2,12.0,,177.0,3.24,0.71,47.0,0.66,134.0,3.38,141.0,,,,48.9,54.5,49.3,0,0
P1308,75,Female,White,Medicare,Divorced,28.1,Never,Lung,1,Combination,Curative,1,0,0,6.0,1,0,1,0,1,1,0,0,0,0,0,4,2,0,4,103,124,91,36.6,17,96,11.1,11.9,,,,1.33,29.0,,137.0,,87.0,,246.0,,36.4,33.2,36.9,0,1
P1309,27,Female,Other,Medicaid,Single,24.6,Never,Colorectal,4,Single agent,Palliative,1,0,0,6.6,0,0,0,0,0,0,1,0,0,0,0,3,1,0,0,67,146,71,37.1,14,99,3.5,11.9,,191.0,3.35,0.61,18.0,0.77,138.0,3.94,130.0,15.1,262.0,,52.8,48.6,53.4,0,0
P1310,56,Female,White,Private,Divorced,27.6,Never,Lung,2,Chemo + immunotherapy,Curative,2,1,1,5.0,0,0,1,0,0,0,0,0,1,0,0,4,3,0,0,72,123,84,36.9,18,97,1.6,,8.5,302.0,,0.99,15.0,,136.0,4.27,131.0,,284.0,,51.7,35.9,51.7,0,0
P1311,46,Female,White,Private,Married,23.7,Former,Colorectal,3,Combination,Curative,2,0,1,7.3,1,0,0,0,0,0,1,1,0,0,0,2,2,0,0,94,130,81,37.2,18,96,5.4,8.6,14.2,,3.27,0.78,,,135.0,,96.0,,163.0,,41.7,39.2,24.8,1,1
P1312,70,Male,Hispanic,Medicare,Single,25.9,Former,Prostate,3,Chemo + targeted,Curative,1,0,0,4.1,0,0,0,1,1,0,0,1,0,0,0,3,1,0,0,91,106,66,36.2,21,95,2.1,,,321.0,,1.11,,1.56,141.0,4.34,120.0,0.2,,9.24,30.5,50.4,43.7,0,0
P1313,52,Female,White,Medicaid,Single,41.4,Former,Lymphoma,2,Chemo + immunotherapy,Curative,0,1,0,9.7,2,0,0,0,0,0,0,1,0,0,0,1,0,0,0,81,114,80,36.6,20,95,3.4,10.1,,215.0,3.47,0.49,,0.18,136.0,4.54,119.0,,,,40.9,46.4,43.8,0,0
P1314,65,Male,White,Private,Married,28.0,Former,Lymphoma,2,Chemo + targeted,Curative,0,0,1,5.6,0,0,0,0,0,0,1,1,0,0,0,4,0,0,0,89,125,67,36.6,18,100,0.0,11.8,7.5,362.0,,1.39,37.0,1.09,,4.36,118.0,,,3.13,38.1,43.1,43.5,0,0
P1315,67,Female,Asian,Private,Divorced,29.5,Current,Lung,1,Combination,Curative,0,1,1,9.2,1,0,1,0,0,0,1,0,0,0,0,2,1,1,0,94,144,74,36.9,16,97,4.8,,11.6,,3.72,1.23,22.0,0.1,138.0,4.43,102.0,,,,47.6,48.8,51.1,0,0
P1316,82,Female,White,Private,Married,23.1,Never,Breast,1,Combination,Palliative,0,1,0,2.8,4,0,1,0,0,0,0,0,0,1,0,4,1,1,0,92,120,78,36.4,18,96,3.2,,,330.0,3.17,1.02,45.0,0.22,141.0,,95.0,,263.0,,42.0,42.4,41.8,0,0
P1317,58,Female,White,Medicare,Married,32.6,Former,Ovarian,3,Chemo + targeted,Curative,1,0,0,3.8,2,0,0,0,0,1,0,0,0,1,0,2,4,0,0,78,141,85,36.5,17,97,7.9,11.7,7.7,289.0,2.98,,,,143.0,3.84,85.0,,226.0,,37.8,34.0,28.9,0,1
P1318,65,Female,White,Medicaid,Divorced,31.2,Never,Ovarian,4,Chemo + targeted,Palliative,1,1,0,1.4,2,0,0,0,0,1,0,0,0,1,0,1,0,0,1,91,128,70,36.7,21,97,8.2,8.2,,235.0,2.62,1.51,30.0,1.05,142.0,,,29.4,,,23.6,31.1,10.0,1,1
P1319,42,Male,White,Medicare,Married,31.2,Never,Other,2,Single agent,Curative,0,0,1,6.7,1,0,1,0,0,0,0,1,0,0,0,2,1,0,0,93,127,79,36.1,18,95,1.9,9.8,7.3,417.0,3.88,,,0.72,137.0,4.42,96.0,,,4.74,46.4,57.6,43.0,0,0
P1320,74,Male,White,Private,Married,28.2,Never,Other,3,Combination,Curative,2,1,0,6.5,2,1,1,0,0,0,1,1,0,1,0,6,2,1,0,83,122,67,36.1,17,93,8.6,10.5,7.4,,3.51,1.53,,,,,143.0,,,6.65,36.2,24.3,34.8,0,1
P1321,51,Male,White,Medicare,Married,32.7,Never,Prostate,3,Chemo + immunotherapy,Curative,1,1,0,3.4,0,0,0,0,0,0,0,1,0,0,0,2,1,0,0,88,109,73,36.7,19,95,1.5,9.1,8.2,265.0,2.91,0.89,33.0,,,3.53,68.0,,140.0,,39.2,36.3,29.5,0,1
P1322,53,Female,White,Medicare,Widowed,34.0,Former,Ovarian,1,Chemo + targeted,Curative,1,1,1,5.2,0,0,0,1,0,0,1,0,0,0,0,3,2,1,0,78,92,71,37.5,18,95,12.8,11.1,8.3,,3.2,1.09,,0.79,137.0,3.35,115.0,,270.0,,40.7,25.7,42.6,0,0
P1323,60,Female,White,Medicare,Married,28.6,Never,Colorectal,3,Single agent,Curative,2,1,0,2.2,1,0,0,0,0,0,0,0,0,0,0,2,1,0,0,73,129,86,36.7,20,95,0.1,9.7,10.3,,,0.64,59.0,0.81,141.0,4.63,155.0,35.7,,,45.9,41.0,42.6,0,0
P1324,41,Female,White,Medicare,Single,26.4,Former,Pancreatic,2,Combination,Curative,0,1,0,10.3,0,0,0,1,0,0,1,0,0,0,0,2,0,0,0,81,128,68,36.6,17,96,4.3,12.4,5.9,222.0,3.46,1.31,37.0,0.97,139.0,4.72,55.0,,273.0,,60.4,51.6,55.0,0,0
P1325,63,Male,Asian,Private,Divorced,31.9,Former,Other,3,Combination,Curative,2,0,1,10.1,2,0,0,0,0,0,0,1,0,1,0,4,0,0,0,93,121,63,36.8,20,96,8.5,11.4,,228.0,3.59,1.01,46.0,1.44,,4.48,126.0,,,2.92,39.1,46.1,36.2,0,1
P1326,72,Male,Asian,Private,Single,22.0,Never,Pancreatic,2,Combination,Curative,1,1,0,5.0,4,0,1,0,0,0,0,0,0,0,0,2,2,1,0,92,109,75,36.9,17,93,6.7,9.4,8.8,281.0,2.78,,,0.48,144.0,,,,,,43.3,33.4,26.6,1,1
P1327,64,Male,White,Medicare,Widowed,23.1,Never,Colorectal,3,Chemo + targeted,Curative,2,0,0,4.3,2,0,0,0,0,0,1,0,0,1,0,3,1,0,0,67,118,71,36.7,17,98,0.0,9.4,7.9,282.0,2.93,0.77,26.0,,,,112.0,0.2,,4.14,47.6,40.4,47.9,0,0
P1328,41,Male,White,Medicare,Divorced,26.7,Never,Lung,4,Combination,Palliative,0,1,0,1.2,0,0,0,0,0,0,1,0,0,0,0,2,1,0,0,93,125,76,36.5,18,98,0.6,10.7,4.4,274.0,3.74,0.93,,0.6,,4.07,109.0,,176.0,0.54,41.3,50.5,39.6,0,1
P1329,59,Male,Hispanic,Self-pay,Married,17.4,Never,Lung,2,Combination,Curative,2,1,0,9.0,1,0,0,1,0,0,0,0,0,1,1,2,4,0,0,90,127,86,36.2,20,95,1.9,8.6,,321.0,,0.8,,,,4.27,,,273.0,0.85,42.8,45.3,40.9,0,0
P1330,69,Male,Asian,Medicare,Widowed,31.6,Current,Lung,4,Combination,Palliative,0,0,1,2.6,2,0,0,0,0,0,1,1,0,0,0,4,1,0,0,95,137,74,37.0,16,97,4.4,9.7,4.9,273.0,3.82,0.82,53.0,1.31,141.0,4.43,104.0,0.2,,,40.6,40.6,30.8,0,1
P1331,37,Female,White,Private,Married,21.7,Former,Ovarian,2,Chemo + immunotherapy,Curative,3,0,0,9.5,0,0,0,0,0,0,0,0,0,0,1,3,0,0,0,70,95,76,36.6,18,96,4.9,11.7,,164.0,4.0,0.48,,0.75,,3.68,102.0,,81.0,,48.5,31.2,38.0,1,1
P1332,47,Male,White,Private,Married,24.4,Former,Lymphoma,1,Chemo + immunotherapy,Curative,0,1,1,1.4,0,0,1,0,0,0,0,0,0,1,0,2,1,0,0,86,118,76,36.8,17,97,2.8,12.4,5.8,272.0,3.72,0.83,24.0,0.46,145.0,4.54,95.0,19.1,265.0,,64.1,52.1,66.3,0,0
P1333,71,Female,White,Medicare,Married,25.8,Never,Lung,2,Chemo + targeted,Curative,2,1,0,2.1,0,0,0,1,0,1,1,1,0,1,1,4,1,0,0,90,127,81,37.0,18,96,4.8,11.8,5.4,225.0,,0.87,52.0,1.2,141.0,4.6,130.0,6.8,283.0,,39.3,37.4,41.8,0,0
P1334,63,Female,Black,Private,Single,27.2,Former,Lymphoma,4,Chemo + immunotherapy,Palliative,1,1,1,1.7,1,0,0,0,0,1,1,1,0,0,0,2,1,0,2,70,135,68,36.6,17,94,0.1,,16.2,155.0,,,12.0,0.73,139.0,4.49,106.0,12.5,,,44.1,38.4,28.4,1,1
P1335,65,Female,Hispanic,Medicare,Married,25.1,Former,Lung,3,Chemo + immunotherapy,Palliative,1,0,1,2.5,1,0,0,0,0,0,1,0,0,0,0,3,0,0,0,88,118,76,36.3,16,95,9.5,10.5,8.7,256.0,,0.73,,0.77,142.0,3.45,,,290.0,,47.7,32.4,35.6,1,1
P1336,82,Male,Hispanic,Private,Single,26.6,Never,Prostate,4,Combination,Palliative,1,1,1,21.0,3,0,1,0,0,0,1,1,0,0,1,5,1,1,0,76,142,87,36.6,18,94,5.4,11.8,12.0,,3.55,0.94,,,137.0,4.4,144.0,,,11.75,31.7,30.3,22.8,0,1
P1337,66,Female,White,Private,Married,26.7,Never,Lung,3,Single agent,Curative,0,0,1,4.6,0,0,0,1,0,1,1,0,1,1,0,4,1,0,0,84,114,70,36.7,19,97,3.5,10.9,8.4,215.0,3.5,1.31,28.0,,138.0,4.08,113.0,,289.0,,44.6,42.9,34.9,0,1
P1338,68,Female,White,Medicare,Married,24.5,Never,Colorectal,3,Chemo + targeted,Curative,0,1,0,8.1,0,0,0,0,0,0,1,0,0,1,0,2,0,0,0,105,130,75,36.8,17,96,4.2,12.6,11.8,171.0,4.51,,24.0,0.29,,4.85,90.0,41.9,158.0,,46.8,56.4,43.3,0,0
P1339,90,Female,White,Private,Married,22.7,Never,Lymphoma,4,Combination,Palliative,3,0,0,2.0,5,1,0,0,0,0,1,0,0,0,0,2,4,0,0,92,130,78,36.5,17,97,2.3,,11.7,,3.55,1.17,28.0,,140.0,,58.0,,,,35.7,42.1,27.8,0,1
P1340,57,Female,White,Medicare,Divorced,32.9,Former,Lymphoma,4,Combination,Palliative,1,1,0,2.8,1,0,0,0,0,0,1,1,0,1,0,5,2,1,0,82,119,64,36.5,17,96,4.3,11.8,7.7,225.0,3.23,,,0.73,137.0,4.61,153.0,,,,38.5,38.8,29.3,0,1
P1341,50,Female,White,Medicare,Married,15.4,Former,Pancreatic,4,Chemo + immunotherapy,Palliative,0,1,0,15.9,1,0,0,0,0,0,0,0,0,0,0,1,1,1,0,65,156,80,36.6,19,99,3.1,11.3,,188.0,3.21,1.16,12.0,1.1,135.0,4.84,129.0,18.8,,,46.3,44.7,37.1,0,1
P1342,65,Male,Asian,Medicare,Married,25.9,Never,Colorectal,3,Combination,Curative,1,0,0,4.7,0,0,0,0,0,0,0,0,0,1,0,1,0,0,0,85,122,72,36.8,21,98,3.0,,11.4,290.0,3.37,1.03,39.0,0.54,134.0,4.51,86.0,,80.0,,47.4,38.5,39.2,0,1
P1343,65,Male,White,Medicare,Married,24.4,Current,Lymphoma,4,Chemo + immunotherapy,Palliative,2,1,0,5.8,0,0,0,0,0,0,1,0,0,0,1,2,1,0,0,82,121,76,37.0,16,95,8.2,11.5,7.4,258.0,2.34,1.04,,,135.0,3.87,110.0,0.2,180.0,,35.6,44.9,26.7,0,1
P1344,54,Female,Hispanic,Medicare,Married,29.3,Never,Lung,2,Combination,Curative,0,0,0,7.0,0,0,0,0,0,0,0,0,0,0,0,0,0,0,0,61,103,80,37.4,19,97,0.0,,7.9,283.0,3.7,1.28,,0.82,140.0,4.38,,19.3,306.0,,54.8,55.9,57.6,0,0
P1345,48,Female,White,Medicare,Single,19.0,Never,Colorectal,4,Single agent,Palliative,1,0,1,14.6,0,0,1,0,0,0,0,0,1,0,0,4,0,0,0,73,138,82,37.3,23,95,4.3,10.6,14.3,260.0,,1.42,11.0,0.5,,,92.0,,175.0,,40.1,48.0,32.4,0,1
P1346,88,Male,White,Private,Married,24.3,Current,Prostate,4,Chemo + immunotherapy,Palliative,1,0,0,0.4,3,0,0,0,0,0,1,1,0,0,1,5,0,0,0,97,126,69,36.7,19,96,4.7,,9.9,316.0,,1.19,19.0,,137.0,,,29.9,302.0,,41.3,43.0,34.6,0,1
P1347,64,Female,Hispanic,Private,Married,26.4,Current,Lymphoma,3,Chemo + targeted,Curative,2,0,0,10.8,1,1,0,0,0,0,0,0,0,1,0,2,1,1,0,96,126,79,36.5,19,98,3.4,13.3,,164.0,3.71,1.19,,,139.0,,,,,,38.1,38.0,31.0,0,1
P1348,51,Female,Asian,Medicare,Divorced,32.9,Former,Other,2,Combination,Curative,1,0,0,12.3,0,0,0,0,0,0,0,0,0,0,0,0,1,0,0,84,110,83,36.5,20,99,6.9,11.9,,371.0,3.77,0.9,,1.02,140.0,4.14,,32.7,250.0,,47.7,41.8,37.8,0,1
P1349,71,Male,White,Medicare,Married,28.8,Never,Lung,2,Combination,Curative,2,1,0,7.5,0,0,0,0,0,1,0,0,0,1,0,1,0,0,0,94,134,72,36.3,17,98,4.1,9.5,,150.0,4.07,1.4,73.0,1.16,137.0,,,,,4.32,39.9,33.0,27.5,1,1
P1350,59,Female,Asian,Medicare,Married,20.5,Current,Ovarian,4,Combination,Palliative,2,1,1,4.1,0,0,0,0,0,0,1,0,0,0,0,2,6,0,0,84,138,82,36.7,20,97,3.5,12.9,11.2,329.0,3.5,,,0.77,138.0,4.86,122.0,14.5,,,38.7,48.3,39.7,0,1
P1351,57,Female,White,Medicare,Divorced,24.3,Former,Lung,4,Combination,Palliative,1,1,0,6.3,0,0,0,0,0,1,1,0,0,1,0,4,0,0,0,76,142,79,36.4,18,97,0.0,,1.5,264.0,,0.97,,0.74,137.0,,,,281.0,,43.2,36.9,37.1,0,1
P1352,67,Male,White,Medicare,Single,31.9,Former,Prostate,4,Single agent,Palliative,0,1,1,1.9,1,0,0,0,0,0,1,0,0,0,0,2,2,0,0,104,125,80,36.4,20,96,6.1,10.6,6.7,,,0.86,43.0,0.72,139.0,3.66,121.0,25.2,202.0,,45.8,51.7,48.0,0,0
P1353,44,Female,White,Private,Single,20.4,Never,Ovarian,4,Single agent,Palliative,1,1,0,0.7,0,0,0,0,0,0,1,1,0,0,0,4,2,1,0,67,112,81,36.4,20,99,0.0,9.8,7.2,264.0,4.33,1.54,6.0,0.85,138.0,,,,151.0,,49.4,48.8,33.8,1,1
P1354,64,Female,White,Medicare,Married,26.6,Never,Lymphoma,3,Combination,Curative,1,0,0,5.8,0,1,0,0,0,0,0,0,1,1,1,6,0,0,0,88,117,69,37.0,21,95,3.3,11.1,9.4,,3.1,0.92,,1.36,135.0,3.93,100.0,34.9,247.0,,36.6,35.6,28.4,0,1
P1355,83,Female,Asian,Private,Married,26.9,Former,Ovarian,4,Combination,Palliative,1,1,0,0.2,2,0,0,0,0,0,0,1,0,0,0,2,0,0,0,80,132,71,36.7,18,94,3.3,9.4,6.6,,3.97,1.07,37.0,,,3.96,137.0,,,,26.6,27.3,20.9,0,1
P1356,66,Male,White,Private,Married,24.9,Former,Pancreatic,2,Single agent,Curative,1,1,0,3.3,0,1,0,0,0,0,0,0,0,0,1,2,0,0,0,80,130,86,36.3,19,95,0.0,,,350.0,,0.64,46.0,1.43,140.0,4.62,58.0,53.3,,,49.1,59.4,47.0,0,0
P1357,55,Male,Asian,Medicare,Married,41.8,Former,Lung,2,Combination,Curative,1,0,1,2.2,2,0,0,1,0,0,1,0,0,0,0,3,1,1,0,99,131,73,37.0,19,96,4.8,8.9,,,,,,1.2,143.0,,124.0,,242.0,,38.2,39.5,32.8,0,1
P1358,54,Male,Black,Medicare,Married,24.7,Never,Other,3,Combination,Palliative,1,0,1,4.0,1,0,0,0,0,1,0,1,1,0,0,3,4,0,0,85,111,64,37.1,16,97,3.8,12.7,3.1,152.0,3.48,0.93,36.0,,134.0,3.39,,,312.0,,39.1,36.1,33.9,0,1
P1359,55,Male,White,Private,Widowed,29.5,Former,Other,2,Combination,Curative,0,1,0,4.3,1,1,1,1,0,0,0,0,0,0,0,4,1,0,0,78,128,76,36.6,18,96,4.6,10.7,15.5,,3.79,0.99,40.0,0.83,,4.67,113.0,23.9,229.0,0.93,51.3,59.2,43.3,0,0
P1360,57,Male,White,Medicaid,Single,22.8,Never,Colorectal,3,Chemo + immunotherapy,Curative,1,1,1,1.7,1,0,0,0,0,0,1,0,0,1,0,4,0,0,0,77,110,75,36.5,19,97,5.3,,7.0,242.0,2.82,1.0,,0.66,,,,13.0,134.0,,46.1,48.7,38.4,0,1
P1361,55,Female,White,Medicare,Married,29.9,Never,Breast,4,Chemo + immunotherapy,Palliative,3,1,0,7.3,1,0,0,0,0,0,0,1,0,0,0,2,0,0,0,89,122,77,36.4,18,94,6.4,,,349.0,3.71,1.77,,,,4.31,170.0,19.5,165.0,,40.2,35.3,26.0,1,1
P1362,71,Female,Black,Medicare,Married,31.8,Never,Lung,1,Chemo + targeted,Curative,0,1,0,11.8,3,1,1,1,0,1,0,1,1,1,1,7,2,0,1,74,151,76,36.8,22,95,5.7,10.9,10.9,250.0,2.63,1.58,5.0,,138.0,4.44,121.0,,,,39.6,37.4,32.1,0,1
P1363,39,Female,Asian,Medicaid,Single,23.8,Never,Ovarian,4,Single agent,Palliative,2,0,0,1.9,0,0,0,0,0,1,1,0,1,0,0,4,2,2,2,86,116,88,37.0,19,98,6.5,8.8,,,4.1,,43.0,1.33,,4.44,146.0,,,,44.7,46.4,33.6,1,1
P1364,70,Female,Asian,Private,Married,26.7,Former,Other,1,Chemo + targeted,Palliative,2,1,0,1.8,1,0,1,1,0,0,0,0,0,0,0,1,1,0,0,82,119,72,36.8,17,93,7.0,10.3,12.6,237.0,2.83,0.85,39.0,1.11,134.0,3.88,,13.6,,,47.3,46.8,33.0,1,1
P1365,55,Female,White,Medicare,Married,22.1,Never,Ovarian,4,Single agent,Palliative,0,1,1,4.8,1,0,0,0,0,0,0,1,0,0,0,3,0,0,0,72,128,60,36.3,16,95,3.5,,5.2,289.0,3.96,0.99,18.0,1.64,143.0,,91.0,25.7,162.0,,57.5,70.0,57.7,0,0
P1366,65,Female,White,Private,Married,20.7,Never,Colorectal,2,Combination,Curative,1,0,0,0.8,2,1,0,0,0,0,0,0,0,0,0,1,0,0,1,71,139,65,37.0,17,96,5.8,,8.5,271.0,,1.08,44.0,1.16,,,121.0,,,,32.3,26.0,35.7,0,1
P1367,46,Female,White,Private,Single,32.7,Current,Breast,4,Chemo + immunotherapy,Palliative,2,0,0,4.9,0,0,0,0,0,0,1,1,1,0,1,6,0,0,0,84,110,69,36.7,21,97,4.0,10.1,10.2,319.0,3.83,1.55,,,143.0,4.06,,22.9,,,37.6,39.4,23.7,1,1
P1368,76,Male,White,Private,Single,24.0,Former,Colorectal,3,Combination,Curative,0,0,0,10.8,1,0,0,0,0,0,1,0,0,0,0,2,0,0,0,82,111,81,36.6,20,97,6.3,,9.0,112.0,,1.9,18.0,,139.0,3.88,130.0,,148.0,1.76,34.4,30.1,36.3,0,1
P1369,75,Male,Asian,Private,Married,15.0,Never,Lung,2,Chemo + immunotherapy,Palliative,1,1,0,1.8,1,0,0,0,0,0,0,0,0,0,0,2,1,0,0,87,118,76,36.8,18,98,6.5,,8.2,,3.55,1.19,38.0,,142.0,3.65,115.0,24.3,246.0,,41.2,46.9,33.2,0,1
P1370,72,Female,White,Medicare,Married,36.7,Never,Breast,2,Chemo + targeted,Curative,0,1,0,14.0,1,0,1,0,0,0,1,0,0,1,0,3,1,0,0,57,125,82,37.0,18,97,3.6,11.6,2.1,247.0,3.39,1.18,5.0,1.42,136.0,5.01,,12.8,,,61.7,41.5,57.6,0,0
P1371,42,Male,White,Private,Single,22.6,Former,Breast,1,Combination,Curative,0,1,1,3.6,0,1,0,0,0,0,1,0,0,0,0,4,0,0,0,75,141,69,36.4,15,94,2.0,15.8,9.9,276.0,,1.55,32.0,0.46,138.0,3.64,113.0,,,,50.6,42.4,47.4,0,0
P1372,70,Female,White,Medicare,Single,25.6,Never,Breast,2,Single agent,Curative,0,0,0,4.0,2,0,0,0,0,1,1,1,1,0,1,5,1,0,2,90,108,80,36.3,15,97,9.8,7.4,10.6,322.0,2.75,1.17,5.0,0.21,138.0,3.74,109.0,0.2,241.0,,44.0,35.0,35.2,0,1
P1373,65,Female,White,Private,Single,36.0,Never,Breast,2,Chemo + targeted,Curative,2,1,1,3.0,1,0,1,0,0,1,1,0,0,0,0,3,1,0,3,67,106,66,36.7,16,98,9.0,11.0,7.1,360.0,,0.82,14.0,0.49,,,106.0,15.3,311.0,,43.2,38.4,36.9,0,1
P1374,41,Female,Asian,Private,Married,26.2,Never,Pancreatic,2,Combination,Curative,1,0,0,8.7,1,0,0,0,0,0,1,0,0,0,0,2,2,0,0,100,123,75,36.7,14,96,1.9,,10.7,342.0,4.22,0.98,24.0,0.61,139.0,3.71,97.0,28.1,362.0,,39.2,43.4,48.7,0,0
P1375,60,Female,White,Self-pay,Single,26.1,Never,Lung,4,Single agent,Palliative,1,1,0,5.4,0,0,0,0,0,1,1,1,1,0,0,5,1,0,1,88,115,81,37.0,16,96,4.6,,,219.0,,1.08,,1.16,139.0,4.92,142.0,33.9,338.0,,29.1,41.4,28.3,0,1
P1376,64,Female,Hispanic,Medicare,Widowed,20.2,Former,Colorectal,2,Single agent,Curative,0,1,0,3.8,1,0,0,0,0,1,0,0,1,0,0,3,1,0,0,78,112,69,37.1,18,94,7.0,,10.7,133.0,3.9,0.73,,1.15,136.0,3.65,83.0,14.2,134.0,,45.5,34.4,30.7,1,1
P1377,67,Male,Hispanic,Medicaid,Single,18.0,Never,Prostate,2,Chemo + immunotherapy,Curative,0,1,1,2.5,1,0,0,0,0,0,0,0,0,0,0,0,0,0,0,81,136,90,36.5,18,96,0.0,10.7,9.8,287.0,4.1,0.97,39.0,0.45,145.0,4.27,74.0,,200.0,2.27,48.9,50.9,51.3,0,0
P1378,62,Male,Hispanic,Medicare,Married,26.1,Never,Other,2,Combination,Curative,0,0,0,6.1,1,0,1,0,0,0,0,0,0,1,0,3,0,0,1,68,130,63,36.8,14,100,0.0,12.9,6.3,323.0,4.23,,45.0,0.44,136.0,,105.0,0.2,395.0,10.22,59.4,50.7,61.0,0,0
P1379,63,Male,Asian,Private,Single,29.0,Never,Pancreatic,3,Chemo + immunotherapy,Curative,1,0,0,12.3,0,0,0,0,0,0,0,0,0,0,0,1,2,0,0,101,140,82,36.8,15,95,14.9,,14.9,322.0,2.41,0.55,37.0,,,3.53,135.0,34.3,,,41.1,26.4,23.4,1,1
P1380,78,Female,Asian,Medicare,Married,28.7,Never,Lymphoma,3,Chemo + targeted,Palliative,1,0,1,4.0,4,0,0,0,0,0,0,0,0,1,0,3,1,1,0,87,141,84,36.9,18,94,3.6,9.0,,133.0,2.73,,29.0,,139.0,,,,,,45.9,50.0,22.8,1,1
P1381,75,Male,Asian,Medicare,Married,24.4,Never,Pancreatic,3,Combination,Curative,1,1,0,5.3,1,1,1,0,0,0,1,1,0,0,1,6,2,0,0,88,116,72,36.2,20,98,1.3,,,436.0,,,,,,,104.0,30.8,,2.77,37.4,33.1,20.5,1,1
P1382,26,Male,White,Private,Married,27.1,Former,Lymphoma,3,Combination,Curative,2,0,0,1.2,0,0,0,0,0,0,1,0,0,0,0,1,0,0,0,91,91,75,36.9,19,98,0.6,12.6,1.5,,3.73,1.54,,0.89,131.0,3.87,115.0,,,,40.7,46.5,41.5,0,0
P1383,56,Female,White,Medicaid,Widowed,16.9,Never,Lymphoma,3,Chemo + targeted,Palliative,1,1,1,5.3,2,0,1,0,0,0,0,0,0,1,0,2,0,0,0,87,142,71,36.5,18,97,2.8,10.3,9.6,330.0,3.26,0.91,,0.48,,,,,,,41.8,37.1,33.9,0,1
P1384,58,Male,Asian,Medicare,Married,29.5,Never,Colorectal,2,Combination,Palliative,0,0,0,21.2,2,1,0,0,0,0,0,0,1,0,0,3,0,0,0,76,123,78,36.9,16,97,6.4,8.8,2.0,136.0,,,35.0,0.43,138.0,4.04,116.0,16.4,,,51.5,64.9,54.3,0,0
P1385,39,Male,White,Medicare,Divorced,27.9,Never,Prostate,2,Single agent,Curative,0,1,0,1.6,0,0,0,0,0,0,0,0,0,0,0,1,1,0,0,79,161,72,36.4,18,96,2.5,9.0,,351.0,4.28,,84.0,0.42,,,126.0,0.2,,,43.5,58.6,57.3,0,0
P1386,61,Female,White,Medicare,Married,37.9,Former,Colorectal,3,Combination,Curative,1,0,1,6.5,1,0,0,1,0,0,0,1,0,0,0,3,0,0,0,90,139,76,36.7,21,94,0.4,10.9,11.7,,,0.53,,0.85,134.0,,,,,,40.8,39.0,40.9,0,0
P1387,75,Female,Hispanic,Medicare,Married,27.0,Never,Colorectal,2,Chemo + immunotherapy,Palliative,1,0,0,3.2,1,1,0,0,0,1,1,0,0,0,1,4,1,0,0,83,149,73,36.6,19,99,0.0,10.2,,,,1.04,28.0,0.38,139.0,,125.0,,276.0,,43.4,39.8,42.0,0,0
P1388,47,Female,White,Private,Married,21.8,Current,Lung,4,Chemo + targeted,Palliative,1,1,0,1.1,1,0,1,0,0,0,0,0,0,1,0,4,0,0,0,70,111,72,37.3,16,95,6.1,10.7,7.9,366.0,3.6,,,,140.0,,94.0,,180.0,,45.1,45.0,44.3,0,0
P1389,64,Female,White,Self-pay,Single,26.7,Former,Lung,3,Combination,Curative,1,0,1,3.6,2,0,1,0,0,0,0,0,0,0,0,1,1,0,0,98,128,72,36.4,19,98,5.0,14.3,,291.0,,0.94,,,140.0,4.0,,27.3,,,24.2,29.6,24.2,0,1
P1390,49,Female,Asian,Private,Married,25.2,Never,Colorectal,3,Combination,Curative,1,0,0,18.0,0,0,0,0,0,0,1,0,0,0,0,1,2,0,0,82,133,80,36.4,19,97,6.4,12.8,3.5,316.0,3.87,0.93,28.0,1.26,139.0,3.77,,,270.0,,52.5,52.2,52.5,0,0
P1391,52,Male,White,Private,Married,29.4,Former,Prostate,3,Combination,Palliative,1,1,1,6.4,0,0,0,0,0,0,0,0,0,0,1,1,1,0,0,76,121,88,37.1,14,97,0.8,11.5,8.5,249.0,3.54,1.27,34.0,0.88,142.0,,100.0,11.9,312.0,6.9,42.7,46.7,30.1,1,1
P1392,78,Male,Hispanic,Private,Married,27.1,Never,Colorectal,4,Chemo + targeted,Palliative,1,0,0,5.9,5,0,0,0,1,0,0,0,0,0,1,2,1,1,0,89,131,96,37.0,17,94,3.1,8.2,7.7,219.0,3.44,0.97,15.0,0.42,,3.39,110.0,,,,49.0,52.6,32.9,1,1
P1393,53,Female,White,Medicare,Married,20.1,Current,Breast,3,Single agent,Curative,0,1,0,1.8,1,0,1,0,0,0,1,0,0,0,1,3,0,0,0,75,129,85,36.8,14,97,1.2,14.1,9.5,384.0,,1.37,,0.99,137.0,3.56,140.0,16.0,242.0,,42.3,45.1,39.6,0,1
P1394,66,Female,Hispanic,Self-pay,Married,18.0,Current,Lung,3,Chemo + immunotherapy,Palliative,0,1,1,10.1,1,0,0,1,0,0,1,0,0,0,1,3,0,0,0,66,117,76,36.5,17,95,1.5,11.3,7.9,,,1.09,,0.57,,4.46,173.0,12.0,,,47.3,37.8,50.9,0,0
P1395,38,Female,Black,Medicaid,Married,28.4,Never,Lung,4,Chemo + immunotherapy,Palliative,2,0,0,12.9,0,1,0,0,0,1,0,0,0,0,0,2,1,1,4,84,106,82,36.3,18,94,5.7,14.3,,178.0,2.43,1.4,24.0,,141.0,,146.0,33.7,279.0,,30.1,29.5,15.1,1,1
P1396,82,Male,White,Medicare,Married,34.6,Former,Lymphoma,3,Combination,Curative,1,0,1,12.6,2,0,0,1,1,0,0,0,0,0,0,2,2,2,0,91,129,81,36.6,17,95,3.4,9.0,9.6,288.0,3.38,1.58,31.0,,143.0,4.88,118.0,43.3,,,34.1,32.4,19.6,1,1
P1397,67,Female,White,Self-pay,Widowed,27.4,Never,Lung,3,Chemo + immunotherapy,Curative,0,0,1,9.7,0,0,0,0,0,0,1,0,0,1,0,4,0,0,0,80,121,74,36.5,20,96,0.0,8.7,11.9,319.0,3.42,,14.0,0.51,136.0,3.47,,,322.0,,46.2,45.4,39.6,0,1
P1398,58,Female,White,Medicare,Married,31.5,Never,Breast,2,Chemo + targeted,Curative,2,0,1,2.3,0,0,0,0,0,0,1,0,0,0,0,2,0,0,0,80,112,91,36.5,20,97,7.9,,12.2,,,1.38,47.0,,136.0,,94.0,,189.0,,39.9,48.5,47.3,0,0
P1399,67,Female,White,Private,Married,32.6,Former,Breast,2,Chemo + targeted,Curative,0,0,0,1.9,0,0,0,0,0,0,1,1,0,0,1,3,1,0,0,78,125,84,36.5,17,95,3.4,11.9,9.5,407.0,,1.39,10.0,0.25,136.0,4.59,81.0,,,,52.8,38.0,62.6,0,0
P1400,43,Female,White,Medicare,Married,28.5,Current,Colorectal,4,Single agent,Palliative,1,1,0,0.7,1,0,0,0,0,0,0,0,0,0,0,0,3,1,0,80,102,68,36.5,16,95,5.4,13.1,10.4,308.0,3.09,1.35,42.0,,135.0,3.43,94.0,12.2,211.0,,47.9,48.5,42.8,0,0
P1401,74,Female,Other,Private,Married,22.5,Never,Breast,2,Chemo + immunotherapy,Curative,1,0,0,2.1,2,0,1,0,0,0,0,1,0,1,0,3,1,0,0,83,143,87,37.0,17,97,7.5,9.1,6.3,214.0,,,29.0,0.69,138.0,,,21.4,336.0,,44.8,50.2,42.4,0,0
P1402,56,Female,White,Private,Single,28.1,Former,Colorectal,1,Combination,Palliative,0,1,0,6.3,1,0,1,1,0,0,0,0,0,1,1,4,1,0,1,89,135,82,36.3,22,95,2.4,9.4,,245.0,,,26.0,1.49,137.0,3.53,105.0,10.2,246.0,,36.1,47.9,37.6,0,1
P1403,58,Male,Hispanic,Private,Married,33.6,Former,Prostate,1,Chemo + targeted,Curative,0,1,0,2.0,0,0,0,1,0,1,1,0,0,0,0,3,0,0,0,87,134,68,36.8,19,95,1.7,10.2,8.9,344.0,3.77,1.7,31.0,0.79,141.0,3.82,102.0,,200.0,1.46,52.4,33.2,53.1,0,0
P1404,54,Male,White,Private,Married,29.9,Never,Other,4,Combination,Palliative,1,0,0,10.5,1,0,0,0,0,0,1,0,0,1,0,2,1,1,0,106,111,76,36.8,15,94,2.2,,9.6,,3.11,,29.0,0.9,136.0,,132.0,,260.0,,40.9,52.7,25.7,1,1
P1405,53,Female,Other,Medicaid,Single,31.1,Former,Lymphoma,3,Combination,Curative,2,1,0,11.6,1,0,0,0,0,0,1,0,0,0,0,3,2,0,0,100,109,75,36.7,13,96,6.6,9.9,,285.0,3.13,1.66,26.0,0.1,135.0,3.2,,,246.0,,46.0,46.7,43.9,0,0
P1406,68,Female,White,Self-pay,Married,24.5,Former,Breast,3,Chemo + immunotherapy,Curative,2,0,1,11.2,2,0,0,0,0,1,0,0,0,0,0,0,2,1,3,80,146,56,36.9,18,96,2.6,,13.6,269.0,,,34.0,1.2,,,131.0,,377.0,,23.8,18.0,16.2,0,1
P1407,63,Female,White,Private,Widowed,25.9,Former,Lung,4,Combination,Palliative,0,0,0,0.9,2,0,1,0,0,0,1,1,0,1,0,4,2,0,0,80,126,67,36.8,18,97,4.6,10.9,8.0,,3.06,0.68,23.0,,138.0,,130.0,,,,44.8,40.1,33.4,1,1
P1408,68,Female,Asian,Medicare,Widowed,26.3,Current,Pancreatic,2,Single agent,Curative,2,1,0,5.9,3,0,0,0,0,0,1,0,0,0,0,2,0,0,0,88,135,85,36.7,14,96,5.5,11.3,3.7,243.0,3.11,1.02,34.0,1.16,141.0,,192.0,,,,47.5,42.5,33.1,1,1
P1409,60,Female,White,Private,Married,26.7,Never,Lung,4,Chemo + targeted,Palliative,0,1,0,5.4,1,0,1,0,0,0,1,1,0,1,0,5,1,1,0,64,112,72,37.0,17,94,0.0,9.6,5.6,282.0,3.83,1.01,,0.74,137.0,3.51,129.0,33.4,237.0,,46.3,43.6,42.9,0,0
P1410,66,Female,Black,Private,Married,33.4,Never,Other,4,Combination,Palliative,0,0,0,11.0,1,0,1,0,0,1,1,1,0,1,0,6,2,0,1,87,126,83,36.0,15,95,8.1,,,265.0,,1.73,,0.61,143.0,3.9,146.0,36.0,248.0,,48.3,48.1,50.1,0,0
P1411,55,Male,White,Private,Married,15.0,Never,Colorectal,3,Chemo + immunotherapy,Curative,2,1,0,1.1,2,0,1,0,0,1,0,1,0,0,0,4,0,0,0,75,143,88,37.3,18,95,0.0,10.8,7.4,162.0,3.71,0.89,,,139.0,,139.0,23.9,315.0,4.49,43.0,38.7,41.8,0,0
P1412,87,Female,White,Private,Married,27.2,Never,Breast,4,Chemo + immunotherapy,Palliative,2,1,0,5.4,1,0,0,0,0,0,1,0,0,0,1,4,2,1,0,86,135,62,37.0,20,97,2.2,11.6,5.7,378.0,3.03,,44.0,0.89,,,114.0,22.8,283.0,,30.4,36.6,19.2,1,1
P1413,41,Female,White,Private,Married,26.6,Never,Lung,4,Single agent,Palliative,1,1,0,1.1,0,0,0,0,0,0,0,0,1,0,1,3,1,0,0,83,116,87,37.2,21,97,4.1,13.7,8.2,,3.91,1.22,5.0,0.8,133.0,5.25,,,424.0,,45.7,55.0,50.6,0,0
P1414,75,Female,Asian,Private,Single,19.5,Former,Other,2,Combination,Curative,0,1,0,9.9,2,1,0,0,0,0,1,0,0,0,0,2,0,0,0,67,137,76,36.4,18,96,7.4,10.3,6.7,297.0,2.77,0.86,,0.76,139.0,4.59,100.0,7.5,221.0,,38.4,44.2,28.2,1,1
P1415,76,Female,White,Private,Married,30.7,Never,Other,1,Chemo + immunotherapy,Palliative,1,1,1,0.3,2,0,0,0,0,1,0,0,1,0,0,2,0,0,0,108,134,81,36.7,17,96,0.3,11.2,10.1,362.0,3.77,,,0.1,139.0,3.7,83.0,,,,47.1,52.5,39.4,0,1
P1416,50,Female,White,Private,Married,23.0,Former,Ovarian,4,Chemo + immunotherapy,Palliative,1,1,1,17.8,0,0,0,0,0,0,0,1,0,1,0,2,1,1,0,77,151,90,36.8,21,98,6.2,11.7,12.6,322.0,3.5,,,0.52,140.0,3.89,146.0,,,,37.3,43.8,33.1,0,1
P1417,87,Male,White,Medicaid,Married,25.0,Never,Lung,3,Combination,Curative,0,1,0,7.4,3,0,0,1,0,0,1,1,0,1,0,4,1,0,0,100,134,86,36.6,22,95,7.8,13.1,,339.0,2.57,,48.0,,132.0,4.25,178.0,,,,31.0,50.8,27.8,0,1
P1418,72,Female,White,Private,Widowed,37.2,Never,Pancreatic,3,Chemo + targeted,Palliative,2,1,0,4.8,0,0,0,0,0,0,1,1,0,1,0,3,2,0,0,66,138,76,36.7,18,93,3.9,8.5,5.7,,3.16,1.0,,1.02,133.0,4.7,,,377.0,,41.9,29.1,32.8,0,1
P1419,72,Female,White,Private,Widowed,32.6,Former,Lung,2,Combination,Curative,1,1,1,2.9,1,0,1,0,0,0,1,0,0,1,0,5,0,0,0,74,130,75,36.8,16,99,3.3,10.6,6.1,312.0,3.41,1.44,17.0,0.74,133.0,4.95,128.0,24.6,251.0,,39.3,50.9,36.8,0,1
P1420,60,Female,Hispanic,Medicare,Married,30.2,Former,Lung,4,Combination,Palliative,2,0,0,11.3,1,0,1,0,0,0,0,1,0,0,0,4,1,0,0,91,114,74,36.3,21,96,7.7,8.4,4.1,201.0,3.63,1.18,5.0,,135.0,3.35,77.0,,352.0,,40.1,41.8,19.3,1,1
P1421,57,Female,White,Private,Single,29.1,Never,Lymphoma,4,Chemo + targeted,Palliative,2,0,0,1.2,2,0,1,0,1,0,0,1,0,0,0,3,1,1,0,83,133,73,36.9,17,97,10.1,8.9,12.0,,,0.78,31.0,,,,172.0,,,,37.5,42.0,31.4,0,1
P1422,57,Female,Asian,Medicare,Married,26.1,Current,Other,4,Combination,Palliative,3,0,0,0.3,0,0,0,0,0,0,1,1,0,0,0,2,3,1,0,93,104,86,36.9,16,97,3.8,9.4,9.2,,,0.6,50.0,0.55,,,112.0,,324.0,,43.2,44.3,47.0,0,0
P1423,65,Male,White,Private,Single,38.0,Never,Colorectal,3,Combination,Palliative,1,0,0,7.1,0,0,1,0,0,0,0,0,0,0,0,3,1,0,0,87,143,83,36.5,17,95,0.4,10.1,,176.0,3.54,1.55,11.0,1.55,134.0,4.04,118.0,,267.0,9.86,46.7,51.3,46.3,0,0
P1424,77,Male,White,Medicare,Single,31.4,Never,Colorectal,4,Combination,Palliative,1,0,0,4.5,1,0,0,0,0,0,1,0,0,1,0,4,1,0,0,74,112,79,36.3,17,96,3.6,11.4,10.0,358.0,3.9,1.05,23.0,1.06,134.0,4.57,108.0,22.3,385.0,,48.0,56.1,50.2,0,0
P1425,62,Female,White,Medicare,Widowed,22.9,Never,Lung,3,Chemo + immunotherapy,Curative,2,1,1,6.2,2,1,0,1,0,1,0,1,0,0,0,2,2,2,0,98,113,74,36.7,23,91,2.5,,,317.0,,,45.0,,139.0,,118.0,23.1,319.0,,36.8,37.6,32.2,0,1
P1426,49,Male,White,Medicare,Married,19.3,Former,Colorectal,3,Combination,Palliative,1,1,0,5.6,0,0,0,0,0,0,0,0,0,0,0,1,0,0,0,87,108,81,36.4,18,95,7.4,11.0,3.2,232.0,3.45,1.11,49.0,,142.0,3.93,71.0,27.5,283.0,,44.6,45.0,45.2,0,0
P1427,70,Female,White,Medicare,Married,30.1,Never,Breast,3,Combination,Curative,2,0,0,7.8,2,0,0,1,1,0,1,1,0,1,0,5,0,0,0,69,137,62,36.8,22,95,6.1,,9.4,209.0,3.63,1.08,32.0,1.2,139.0,4.98,93.0,,234.0,,35.1,45.0,20.6,1,1
P1428,71,Female,White,Private,Widowed,26.7,Former,Ovarian,3,Single agent,Curative,0,0,1,4.8,4,0,0,0,0,1,0,0,1,0,0,3,1,0,0,82,113,92,36.5,12,97,3.4,14.0,14.0,167.0,,1.06,11.0,1.12,,4.88,113.0,36.6,304.0,,43.1,33.0,32.4,1,1
P1429,68,Female,White,Private,Married,19.1,Never,Breast,3,Single agent,Curative,1,1,1,3.5,0,0,0,0,0,1,1,0,0,1,0,3,0,0,0,88,135,75,37.1,17,95,6.9,11.7,10.5,180.0,4.41,0.54,25.0,1.53,140.0,4.36,124.0,,144.0,,42.9,52.4,48.1,0,0
P1430,69,Male,Other,Private,Married,29.4,Never,Lymphoma,2,Chemo + immunotherapy,Curative,1,0,0,5.0,1,0,1,0,0,1,0,1,1,0,0,3,3,0,2,77,121,71,36.5,19,97,4.0,10.0,7.0,204.0,,1.22,21.0,,144.0,3.38,136.0,3.8,181.0,,52.5,39.4,50.5,0,0
P1431,57,Male,White,Medicare,Single,25.5,Former,Lung,2,Combination,Palliative,1,1,0,8.7,0,0,1,0,0,1,0,1,1,0,0,3,1,1,0,81,125,87,36.4,15,97,6.1,10.0,10.3,,,,20.0,,146.0,3.42,114.0,25.0,214.0,15.58,44.6,45.6,35.7,0,1
P1432,49,Female,White,Private,Divorced,29.9,Never,Colorectal,3,Single agent,Curative,0,1,0,9.2,0,0,0,0,0,1,0,1,0,0,0,2,0,0,0,83,114,84,36.7,16,98,3.5,10.7,9.5,312.0,3.97,,8.0,0.42,138.0,4.26,174.0,,,,58.3,53.4,57.1,0,0
P1433,50,Female,White,Private,Single,29.4,Never,Lung,1,Chemo + immunotherapy,Curative,1,1,1,6.5,1,0,0,0,0,0,1,1,0,0,0,2,1,0,0,63,155,74,36.2,18,96,6.5,14.1,11.2,275.0,3.79,0.8,,0.82,141.0,4.4,124.0,,260.0,,50.7,52.7,56.7,0,0
P1434,40,Female,White,Medicare,Divorced,23.7,Never,Colorectal,3,Single agent,Curative,1,0,0,0.5,1,0,1,0,0,0,1,1,0,1,0,4,1,0,0,79,99,87,36.4,16,96,0.0,10.5,5.6,291.0,3.43,1.01,,0.1,132.0,4.28,131.0,,122.0,,56.5,43.4,53.6,0,0
P1435,63,Male,Asian,Private,Single,30.5,Never,Prostate,2,Combination,Curative,1,0,1,5.9,1,0,0,0,0,0,0,1,1,1,0,4,0,0,0,80,133,84,36.2,20,94,6.1,,9.8,320.0,3.79,0.66,5.0,0.98,140.0,3.65,97.0,,,,35.9,36.8,40.1,0,0
P1436,59,Male,White,Private,Married,24.3,Never,Lymphoma,2,Chemo + targeted,Curative,1,1,1,1.0,0,0,0,0,0,0,0,1,0,0,0,2,0,0,0,90,125,79,36.8,17,95,8.6,9.0,4.1,266.0,,1.39,39.0,1.0,135.0,4.11,145.0,24.2,,,48.6,53.2,43.5,0,0
P1437,55,Female,Asian,Medicare,Single,24.6,Never,Other,3,Chemo + targeted,Curative,1,0,0,9.5,1,0,0,0,0,0,0,1,1,0,0,4,0,0,0,77,113,62,37.0,18,98,3.3,,3.2,287.0,3.28,1.04,56.0,1.34,140.0,4.59,131.0,17.5,,,36.2,45.3,41.3,0,0
P1438,25,Female,White,Private,Divorced,24.1,Former,Lung,2,Single agent,Curative,2,0,0,8.6,0,0,0,0,0,0,1,0,0,0,0,2,1,1,0,102,120,74,36.6,19,99,2.2,9.9,10.2,266.0,3.74,0.4,35.0,0.17,,,,,300.0,,42.5,41.0,42.1,0,0
P1439,45,Male,White,Medicare,Divorced,33.2,Never,Prostate,4,Chemo + targeted,Palliative,1,0,1,2.2,1,0,0,0,0,0,0,1,0,0,0,2,2,0,0,76,107,75,37.1,15,97,2.7,9.7,11.7,369.0,4.24,,,0.41,140.0,3.73,76.0,,393.0,,43.3,38.9,34.1,0,1
P1440,73,Female,Hispanic,Medicaid,Married,25.5,Never,Other,4,Combination,Palliative,2,1,1,7.6,2,1,1,0,0,0,1,1,0,0,0,6,2,1,0,75,117,77,36.4,17,95,5.8,11.1,9.0,224.0,,1.27,65.0,0.94,134.0,4.11,,25.1,237.0,,34.1,34.5,36.1,0,1
P1441,52,Male,White,Medicaid,Married,34.5,Former,Lung,3,Chemo + targeted,Curative,1,1,0,5.2,1,0,0,0,0,1,1,0,1,0,0,3,1,0,1,92,107,72,36.6,19,96,6.1,11.0,7.6,316.0,,1.44,,,,4.39,113.0,,179.0,,55.0,43.5,57.3,0,0
P1442,64,Female,Black,Private,Divorced,36.8,Never,Ovarian,3,Combination,Curative,1,1,0,2.6,2,0,1,0,0,0,1,0,1,0,0,4,3,0,0,91,130,84,37.0,17,98,5.2,10.0,9.7,206.0,2.9,0.68,44.0,0.88,,,,,,,38.6,57.9,29.0,0,1
P1443,43,Female,White,Private,Married,22.9,Former,Other,1,Chemo + targeted,Curative,0,1,0,7.5,1,0,0,1,0,0,0,0,0,0,0,2,1,0,0,81,112,64,36.9,18,90,5.0,13.4,10.6,164.0,3.78,1.32,,1.02,140.0,4.35,133.0,6.6,221.0,,63.9,43.4,62.5,0,0
P1444,77,Female,Hispanic,Medicare,Married,15.0,Former,Ovarian,4,Combination,Palliative,1,0,0,13.6,1,0,0,0,0,1,1,0,1,1,0,5,2,0,1,81,118,87,36.8,20,99,6.3,11.6,11.1,175.0,3.97,1.32,,0.97,,4.02,120.0,,,,46.6,20.6,37.1,0,1
P1445,58,Male,White,Medicare,Divorced,32.7,Never,Prostate,2,Chemo + targeted,Palliative,1,1,0,3.4,1,0,1,0,0,0,1,0,0,1,0,4,1,0,0,77,132,77,37.0,17,97,5.9,10.4,8.9,126.0,3.85,0.88,40.0,,138.0,3.51,173.0,13.5,258.0,0.51,47.2,46.6,43.6,0,0
P1446,63,Female,White,Medicare,Married,25.1,Never,Lymphoma,4,Chemo + immunotherapy,Palliative,1,1,0,6.5,0,0,0,0,0,1,1,1,1,0,0,4,2,1,1,88,141,70,36.7,19,92,4.8,12.3,10.5,,4.64,1.36,17.0,1.26,136.0,3.96,,5.7,253.0,,45.9,32.7,40.7,0,0
P1447,88,Male,Black,Private,Married,22.2,Never,Colorectal,4,Chemo + immunotherapy,Palliative,1,0,1,2.1,5,0,0,0,0,1,0,0,1,0,0,3,1,0,0,78,114,76,36.8,21,100,3.9,10.4,10.8,,,1.19,25.0,,135.0,,116.0,,,12.08,34.1,32.9,29.6,0,1
P1448,78,Male,White,Private,Married,23.8,Never,Prostate,2,Chemo + targeted,Curative,0,1,0,2.8,2,0,0,0,0,0,0,0,0,0,0,1,0,0,0,101,135,79,36.5,23,93,0.4,9.6,,296.0,4.17,0.91,29.0,,136.0,,126.0,,369.0,,41.4,35.0,32.0,0,1
P1449,56,Female,White,Private,Married,24.7,Never,Other,3,Combination,Curative,0,0,0,5.0,0,0,0,0,0,0,1,0,0,1,0,4,0,0,0,83,131,87,37.3,18,93,0.0,12.7,9.5,376.0,3.61,1.35,49.0,0.96,,5.07,84.0,,140.0,,46.3,55.0,44.6,0,0
P1450,53,Female,Other,Private,Divorced,34.1,Former,Lung,3,Single agent,Palliative,1,1,0,2.5,0,0,0,1,0,0,0,0,1,0,0,1,3,1,0,79,141,81,36.6,18,94,2.8,11.4,4.7,237.0,,1.48,,1.47,143.0,3.29,,38.6,,,46.0,41.1,43.5,0,0
P1451,56,Male,Asian,Private,Married,27.9,Former,Pancreatic,3,Combination,Curative,1,0,0,2.4,0,0,0,0,0,0,1,0,0,0,1,4,1,0,0,76,120,85,36.6,19,96,0.0,11.8,11.0,287.0,4.75,0.59,45.0,0.84,,4.35,95.0,2.7,165.0,,51.0,50.4,49.6,0,0
P1452,66,Male,Asian,Medicaid,Married,34.1,Never,Colorectal,2,Single agent,Palliative,2,0,0,1.8,1,0,1,0,0,0,1,0,0,0,0,2,0,0,0,70,151,78,36.8,16,98,3.9,10.1,,344.0,2.85,1.18,43.0,1.02,136.0,4.39,133.0,0.2,370.0,,37.9,53.7,43.0,0,0
P1453,59,Female,Asian,Private,Married,29.7,Current,Breast,4,Chemo + targeted,Palliative,2,1,0,11.6,3,0,1,0,0,0,1,1,0,1,1,6,1,1,0,92,136,76,36.9,21,95,7.5,9.9,,305.0,,1.09,,,138.0,3.58,,,,,38.6,38.6,34.4,0,1
P1454,55,Female,Hispanic,Medicare,Married,25.3,Never,Lymphoma,2,Chemo + targeted,Palliative,0,1,0,8.9,2,1,1,0,0,1,0,1,0,1,0,4,0,0,1,72,100,92,36.9,16,96,2.8,10.4,7.3,,3.8,1.13,39.0,0.93,139.0,4.15,107.0,18.0,,,56.3,36.8,45.5,1,0
P1455,78,Female,Hispanic,Medicaid,Married,24.9,Current,Pancreatic,4,Combination,Palliative,1,0,0,4.9,1,0,0,0,0,0,0,0,1,1,0,4,0,0,0,81,135,77,35.9,17,96,0.0,10.3,11.6,155.0,3.17,0.97,14.0,,,3.13,107.0,0.2,,,46.0,42.9,37.9,0,1
P1456,59,Male,Asian,Private,Married,30.1,Former,Prostate,3,Single agent,Palliative,1,1,0,9.3,0,0,1,1,0,1,0,0,0,0,0,1,1,0,1,108,127,74,37.2,17,94,3.0,9.9,9.2,,3.59,,10.0,0.6,138.0,4.15,127.0,,,0.7,44.1,36.8,35.5,0,1
P1457,88,Female,White,Medicare,Married,31.5,Never,Ovarian,3,Chemo + immunotherapy,Curative,1,1,0,9.8,1,0,1,0,1,0,1,0,0,0,0,4,1,0,0,63,150,76,37.2,16,99,4.9,11.6,,306.0,,0.46,5.0,,140.0,3.96,151.0,19.1,,,51.3,50.2,55.2,0,0
P1458,61,Female,White,Medicare,Married,32.5,Never,Lung,4,Combination,Palliative,1,0,0,4.3,1,0,0,1,0,0,0,0,0,0,0,0,2,0,0,81,142,78,37.1,22,96,8.0,,9.3,399.0,3.05,1.12,,,138.0,4.29,93.0,14.3,,,30.3,41.6,21.3,0,1
P1459,81,Male,Asian,Private,Married,25.6,Never,Other,4,Combination,Palliative,1,1,0,2.0,1,0,1,0,0,1,0,1,0,0,0,2,0,0,0,71,121,71,36.7,19,95,6.9,9.7,10.0,259.0,2.63,0.97,,,139.0,,,13.7,,,27.1,33.4,10.0,1,1
P1460,64,Male,Hispanic,Medicare,Married,28.0,Current,Lymphoma,3,Combination,Curative,2,1,0,6.6,4,1,1,0,0,0,1,0,0,0,1,4,2,1,0,78,142,80,37.1,18,96,4.5,11.7,,361.0,3.57,1.02,17.0,,141.0,4.02,,,354.0,,49.5,40.5,45.7,0,0
P1461,72,Female,White,Medicare,Married,30.2,Never,Pancreatic,3,Single agent,Curative,1,1,0,11.7,1,0,1,1,0,0,0,1,0,1,0,3,1,1,0,86,130,81,36.8,25,91,9.0,,4.9,253.0,,,,1.28,,3.52,135.0,,,,34.3,38.7,18.9,1,1
P1462,51,Female,White,Medicare,Married,24.9,Former,Lung,3,Chemo + targeted,Curative,1,1,0,8.3,1,0,1,1,0,0,0,0,0,0,0,1,1,0,0,71,115,82,36.8,20,96,10.3,12.1,8.3,344.0,3.09,1.48,29.0,0.94,137.0,,,,332.0,,41.1,44.3,32.2,0,1
P1463,50,Female,White,Medicare,Married,20.8,Never,Colorectal,2,Single agent,Curative,0,1,0,13.2,1,0,0,0,0,0,0,1,0,0,0,1,0,0,0,83,142,61,36.9,17,97,2.6,14.4,2.1,198.0,3.39,0.56,29.0,,,3.67,55.0,,183.0,,50.7,51.7,38.6,1,1
P1464,66,Male,White,Self-pay,Married,22.6,Never,Other,4,Combination,Palliative,2,1,0,9.7,1,0,1,0,0,1,1,0,0,0,0,4,1,1,0,102,123,63,36.9,17,96,2.0,8.4,,,2.62,1.33,43.0,,139.0,4.18,106.0,10.5,296.0,,31.3,19.4,18.7,1,1
P1465,72,Female,Hispanic,Private,Married,25.7,Former,Breast,2,Single agent,Curative,2,1,0,19.1,2,0,0,0,0,0,1,0,0,1,0,2,0,0,0,86,129,74,37.0,16,97,2.7,8.0,6.6,226.0,3.38,0.9,31.0,0.83,138.0,4.25,,,,,44.9,35.6,30.6,1,1
P1466,60,Male,White,Medicare,Single,30.6,Never,Colorectal,3,Combination,Curative,0,0,0,6.9,1,0,1,1,0,0,0,0,0,0,0,2,3,0,0,88,127,77,36.1,17,98,0.6,9.4,8.3,260.0,,,11.0,,136.0,3.16,126.0,,175.0,,50.0,37.2,52.6,0,0
P1467,45,Male,Asian,Medicare,Married,33.9,Never,Pancreatic,4,Combination,Palliative,1,0,0,3.9,0,0,0,0,0,0,0,0,0,0,0,0,0,0,0,94,128,66,36.7,15,96,0.0,13.6,5.3,250.0,3.75,,51.0,1.01,138.0,5.02,,12.2,112.0,,51.0,55.9,55.1,0,0
P1468,44,Female,Black,Medicare,Divorced,19.5,Current,Pancreatic,2,Single agent,Palliative,1,1,0,8.8,0,0,0,0,0,0,0,0,0,0,0,2,0,0,0,86,139,63,36.3,16,97,1.9,11.8,5.7,268.0,,1.38,38.0,0.46,139.0,4.29,104.0,0.2,201.0,,48.7,38.4,43.7,0,0
P1469,43,Female,Hispanic,Medicare,Single,23.7,Never,Ovarian,4,Chemo + immunotherapy,Palliative,1,1,1,12.0,0,0,0,0,0,1,0,0,0,0,0,1,1,0,1,57,142,78,37.0,17,99,11.3,9.8,6.7,205.0,3.95,0.61,13.0,0.56,140.0,3.94,108.0,,,,49.0,37.7,53.1,0,0
P1470,39,Female,White,Medicare,Married,25.0,Current,Lymphoma,2,Chemo + targeted,Curative,1,0,0,6.0,0,0,0,0,0,1,0,0,1,0,0,2,0,0,1,79,131,71,36.4,18,97,0.0,14.7,7.6,244.0,3.72,0.81,,0.81,137.0,3.87,98.0,22.0,397.0,,51.0,43.6,44.9,0,0
P1471,61,Female,Hispanic,Medicaid,Married,31.4,Current,Other,1,Single agent,Curative,0,0,0,9.9,2,0,0,0,0,0,0,0,0,0,0,0,1,1,0,55,102,83,36.6,17,97,1.4,10.9,9.8,284.0,,1.08,,0.24,137.0,3.97,147.0,27.4,188.0,,54.2,37.6,46.5,0,0
P1472,74,Male,Asian,Private,Married,24.1,Never,Colorectal,3,Single agent,Curative,2,0,0,3.6,0,0,0,0,0,0,1,0,0,0,0,1,2,0,0,75,150,66,37.0,21,100,12.3,10.2,6.2,247.0,,1.04,13.0,1.32,136.0,4.67,125.0,,270.0,5.94,40.6,40.1,31.2,0,1
P1473,60,Male,Black,Medicare,Married,24.6,Never,Prostate,3,Chemo + targeted,Palliative,0,0,1,9.7,0,0,0,0,0,0,1,0,0,0,0,1,1,0,0,65,133,75,37.1,18,97,4.6,10.9,8.3,,3.87,1.26,41.0,,137.0,4.53,,,268.0,,44.5,63.9,49.1,0,0
P1474,33,Female,White,Private,Married,19.2,Never,Ovarian,4,Single agent,Palliative,3,0,0,25.1,0,0,0,0,0,1,1,1,0,0,0,4,0,0,0,84,132,87,37.0,16,99,4.4,13.2,,212.0,3.83,,,0.85,137.0,4.1,,,125.0,,43.9,39.6,41.4,0,0
P1475,58,Female,White,Medicare,Married,29.7,Former,Lymphoma,3,Combination,Curative,2,1,0,3.6,1,0,1,0,0,1,0,1,0,1,0,4,1,1,1,76,123,75,36.9,20,95,7.1,8.6,,,3.73,0.94,,,139.0,4.53,85.0,34.9,309.0,,28.5,45.0,29.2,0,1
P1476,58,Female,Asian,Medicare,Divorced,26.1,Current,Breast,2,Single agent,Curative,1,0,0,6.3,2,1,0,0,0,0,0,1,0,1,0,5,1,1,0,87,124,71,36.3,19,95,5.7,12.1,9.9,283.0,3.71,,,,,4.44,,32.6,,,37.1,37.1,36.2,0,1
P1477,85,Female,White,Medicare,Married,23.4,Current,Lung,2,Combination,Palliative,0,1,1,8.0,3,0,0,0,0,1,1,0,0,1,0,2,0,0,1,91,146,86,36.4,21,93,3.3,11.2,5.0,376.0,3.72,1.27,21.0,,136.0,4.02,102.0,,,,37.6,39.9,28.3,0,1
P1478,43,Male,White,Private,Single,25.6,Current,Prostate,2,Chemo + immunotherapy,Curative,1,1,1,4.7,1,0,0,0,0,0,0,0,0,1,0,2,2,1,0,71,148,84,36.3,19,98,4.1,13.4,5.5,245.0,2.85,0.66,14.0,0.55,133.0,4.65,,,229.0,,50.3,43.3,49.4,0,0
P1479,55,Male,Asian,Medicare,Divorced,33.2,Never,Pancreatic,3,Single agent,Curative,1,1,0,3.8,2,0,0,0,1,0,1,0,0,0,1,4,2,2,0,85,126,70,36.4,18,97,6.6,12.0,11.3,260.0,3.22,1.2,33.0,0.24,139.0,4.71,,,,,42.7,45.5,40.8,0,0
P1480,80,Male,Asian,Private,Married,21.5,Never,Prostate,2,Chemo + immunotherapy,Curative,0,1,0,5.4,1,0,1,0,1,0,0,1,0,1,0,4,0,0,0,54,117,76,36.7,21,97,0.0,11.8,1.7,300.0,3.04,1.0,,0.93,134.0,4.69,94.0,27.1,178.0,1.77,38.8,50.5,34.5,0,1
P1481,65,Male,White,Private,Widowed,22.4,Never,Pancreatic,3,Chemo + immunotherapy,Palliative,0,0,1,10.9,1,0,0,0,0,0,0,0,0,0,0,1,1,0,0,67,135,83,37.0,19,97,3.4,12.0,7.3,308.0,4.12,1.0,,0.91,142.0,4.39,149.0,9.1,333.0,,41.7,40.8,36.1,0,1
P1482,67,Female,White,Private,Widowed,33.9,Current,Ovarian,4,Chemo + immunotherapy,Palliative,1,1,0,1.2,2,0,0,0,0,1,1,1,1,0,1,6,1,1,0,99,124,79,37.0,20,97,0.8,9.7,,,2.93,,,0.75,137.0,4.3,,32.9,381.0,,26.9,35.2,28.6,0,1
P1483,61,Male,White,Medicaid,Married,27.4,Never,Lung,3,Chemo + targeted,Curative,1,1,0,2.4,2,0,0,1,0,0,0,0,0,1,0,2,0,0,1,72,111,79,36.1,22,93,0.4,10.2,8.7,,,0.87,,1.58,139.0,3.77,106.0,0.2,275.0,2.49,52.6,44.8,40.1,1,0
P1484,64,Male,Hispanic,Private,Married,30.7,Never,Prostate,3,Chemo + immunotherapy,Palliative,1,0,0,4.6,1,0,0,0,0,0,0,0,0,0,0,2,2,0,0,77,124,78,36.7,20,96,5.5,11.8,9.1,,,2.05,,,141.0,,101.0,,272.0,3.88,48.7,46.5,38.3,1,1
P1485,69,Male,Other,Self-pay,Married,29.2,Never,Prostate,2,Combination,Curative,2,1,0,10.1,0,0,0,0,0,0,0,1,0,1,0,2,1,1,0,76,134,76,36.6,19,98,3.6,10.1,8.1,205.0,,1.02,,1.35,137.0,4.22,111.0,22.3,197.0,2.47,41.0,48.8,48.9,0,0
P1486,50,Male,White,Private,Married,26.8,Never,Lung,4,Chemo + immunotherapy,Palliative,0,1,0,5.4,0,0,0,0,0,0,1,1,0,0,0,4,1,0,0,62,137,83,36.0,17,96,1.7,13.7,6.7,247.0,3.99,0.76,43.0,0.97,140.0,4.08,106.0,,,,54.0,58.3,57.3,0,0
P1487,71,Female,White,Medicare,Married,25.1,Never,Colorectal,2,Single agent,Curative,0,1,0,3.1,4,0,0,0,1,1,1,0,0,0,0,4,1,1,5,74,122,88,36.9,15,94,0.0,12.0,,205.0,3.24,1.81,38.0,,139.0,3.91,80.0,5.6,238.0,,38.0,41.9,40.6,0,0
P1488,44,Male,White,Medicare,Married,31.6,Never,Prostate,3,Chemo + targeted,Palliative,0,0,0,14.1,0,0,1,0,0,0,0,0,1,1,1,5,1,1,0,80,117,68,36.9,14,98,0.0,12.2,12.3,277.0,4.19,,32.0,1.58,144.0,3.53,106.0,,106.0,,48.8,46.2,42.4,0,0
P1489,64,Female,White,Medicare,Married,33.4,Former,Pancreatic,2,Combination,Curative,1,0,0,6.1,3,0,0,0,0,0,0,0,0,0,1,2,0,0,0,77,125,83,36.5,17,97,0.8,,,190.0,3.45,0.71,20.0,,145.0,,114.0,,199.0,,43.0,54.1,47.1,0,0
P1490,62,Female,Hispanic,Medicare,Divorced,33.0,Former,Colorectal,1,Single agent,Curative,0,1,0,3.8,1,1,0,1,0,0,1,0,0,1,1,4,1,0,0,93,150,76,36.6,18,95,0.0,11.7,9.1,136.0,2.84,1.0,5.0,0.57,138.0,4.05,79.0,21.2,231.0,,42.3,50.5,23.2,1,1
P1491,53,Female,White,Medicare,Married,20.5,Never,Breast,2,Combination,Palliative,0,0,0,7.9,1,0,0,0,0,1,1,0,0,0,0,1,0,0,0,76,142,65,36.7,18,96,4.4,11.6,8.1,188.0,3.32,1.6,33.0,,143.0,,101.0,,311.0,,47.7,35.3,43.1,0,0
P1492,60,Female,White,Medicaid,Married,34.2,Former,Colorectal,2,Combination,Curative,0,0,1,7.6,1,0,1,0,0,0,0,0,0,1,1,4,2,0,0,80,136,71,36.8,19,98,3.2,10.3,6.3,341.0,3.47,1.09,,,132.0,3.86,,39.1,244.0,,43.1,38.4,50.9,0,0
P1493,53,Female,White,Medicare,Married,25.0,Never,Ovarian,4,Combination,Palliative,1,1,0,6.3,0,0,0,0,0,0,0,0,0,0,0,0,0,0,0,75,130,72,36.5,16,96,5.8,,,311.0,3.9,0.75,31.0,0.89,,3.66,75.0,12.6,225.0,,47.2,33.9,48.5,0,0
P1494,47,Male,White,Private,Divorced,22.8,Former,Prostate,2,Single agent,Curative,1,1,0,2.9,0,0,1,0,0,0,1,1,0,1,0,5,0,0,0,87,120,85,36.4,13,99,5.5,12.9,4.7,335.0,4.38,1.22,5.0,0.44,141.0,4.07,141.0,1.7,197.0,,51.4,62.2,61.2,0,0
P1495,56,Female,Hispanic,Private,Single,26.1,Never,Lung,4,Combination,Palliative,2,0,0,10.0,1,0,0,0,0,1,0,0,0,0,1,3,2,0,1,69,135,67,36.4,16,96,8.8,,12.4,139.0,3.02,1.28,13.0,,134.0,4.1,,,321.0,,37.2,24.9,32.2,0,1
P1496,47,Female,Asian,Medicare,Married,31.6,Former,Other,3,Combination,Curative,0,0,0,15.7,0,0,0,1,0,0,0,0,0,1,1,2,1,1,1,84,107,60,37.1,17,97,3.8,12.0,,382.0,,1.17,,,145.0,4.39,64.0,6.1,153.0,,55.2,46.8,54.0,0,0
P1497,64,Female,Asian,Medicare,Single,30.0,Never,Breast,2,Combination,Curative,1,1,0,7.0,1,0,0,0,0,0,1,1,0,0,0,4,2,0,0,87,133,74,37.1,16,98,5.1,10.8,5.0,442.0,,0.59,,1.16,142.0,3.29,134.0,32.1,262.0,,44.0,45.8,33.6,1,1
P1498,46,Female,White,Medicare,Married,25.6,Never,Lung,2,Single agent,Palliative,1,1,0,1.4,0,0,0,0,0,0,0,0,0,1,0,1,2,0,0,71,92,71,36.4,17,95,3.4,15.0,16.1,183.0,3.86,0.67,,1.21,138.0,4.24,90.0,,301.0,,51.6,39.7,49.7,0,0
P1499,69,Female,Hispanic,Medicare,Single,31.6,Former,Colorectal,2,Combination,Curative,2,1,0,21.0,3,1,0,0,0,0,0,0,0,1,0,3,3,0,0,85,105,85,36.4,22,96,2.8,,8.7,,2.19,,,1.21,144.0,3.37,,,,,29.8,49.9,15.9,1,1
P1500,46,Female,White,Private,Single,27.8,Former,Lymphoma,4,Combination,Palliative,1,1,0,7.8,1,0,0,0,0,0,1,1,0,0,0,4,3,0,0,84,94,77,36.4,18,96,3.6,12.7,5.4,,3.0,0.89,30.0,0.71,141.0,3.98,108.0,39.4,212.0,,49.2,64.0,45.4,0,0
P1501,53,Female,Hispanic,Medicare,Married,23.8,Former,Ovarian,1,Combination,Curative,0,0,1,2.2,0,0,0,0,0,0,0,0,0,0,1,3,0,0,1,71,149,81,36.3,18,98,0.4,12.1,9.6,304.0,4.01,1.39,40.0,,,4.39,157.0,24.8,,,51.6,50.3,45.8,0,0
P1502,53,Female,Hispanic,Medicare,Single,23.1,Never,Breast,4,Single agent,Palliative,2,1,0,9.6,1,0,0,0,0,0,0,0,1,0,0,1,1,0,0,76,121,72,37.3,19,96,0.9,11.0,4.8,391.0,3.15,0.53,20.0,1.53,139.0,,,,,,34.8,40.2,35.3,0,1
P1503,76,Male,White,Medicare,Divorced,29.3,Never,Pancreatic,1,Chemo + immunotherapy,Curative,0,1,0,11.7,0,0,0,0,0,0,0,0,0,0,0,1,1,0,0,67,111,68,36.5,14,94,0.0,10.4,5.7,186.0,,0.62,5.0,0.92,137.0,3.26,92.0,31.1,,8.23,53.5,43.5,40.4,1,0
P1504,64,Male,Hispanic,Medicare,Divorced,26.5,Former,Lymphoma,2,Combination,Curative,0,1,1,5.5,0,0,0,0,0,1,0,0,0,0,0,0,0,0,1,101,160,87,36.9,22,98,0.0,10.2,10.3,172.0,3.38,0.51,6.0,0.8,139.0,3.94,,,148.0,,48.5,42.6,41.5,0,0
P1505,57,Female,White,Medicaid,Married,19.4,Never,Ovarian,2,Combination,Curative,1,1,1,1.0,0,0,1,0,0,0,0,0,0,0,1,2,2,0,0,76,116,73,36.6,17,93,2.8,10.3,14.1,247.0,3.55,1.27,25.0,1.4,136.0,4.85,91.0,13.2,,,35.4,29.0,27.9,0,1
P1506,66,Female,Asian,Medicare,Single,31.7,Never,Other,3,Combination,Curative,0,0,0,6.5,1,0,0,0,0,0,0,0,0,1,0,2,1,1,0,71,134,82,36.6,20,96,2.4,8.3,11.3,529.0,3.14,1.64,54.0,0.62,,4.58,159.0,15.2,211.0,,40.6,43.3,33.4,0,1
P1507,35,Female,White,Self-pay,Married,24.4,Never,Pancreatic,3,Chemo + immunotherapy,Curative,1,0,0,2.1,0,0,0,0,0,0,1,1,0,0,0,3,0,0,0,59,107,71,36.6,11,100,0.0,12.7,9.2,301.0,4.0,0.98,12.0,0.93,140.0,5.33,103.0,15.2,334.0,,65.4,58.1,61.7,0,0
P1508,59,Female,White,Private,Divorced,35.8,Never,Breast,4,Combination,Palliative,2,1,0,8.0,0,0,1,0,0,0,1,0,0,0,1,5,2,0,0,75,139,83,36.8,18,98,1.2,9.0,12.5,312.0,,1.24,,0.1,139.0,4.14,136.0,,,,41.6,38.1,43.6,0,0
P1509,84,Female,White,Medicare,Divorced,19.3,Never,Lung,2,Combination,Curative,1,0,0,3.0,2,1,0,1,0,0,1,0,0,1,0,3,0,0,0,87,132,81,36.6,20,95,3.6,8.3,8.0,355.0,3.83,1.12,25.0,,138.0,3.76,,20.4,,,46.0,43.5,34.6,1,1
P1510,62,Female,White,Medicare,Married,26.0,Never,Other,1,Combination,Palliative,0,1,0,7.4,3,0,0,0,0,0,0,0,0,0,0,2,0,0,0,76,115,77,36.9,16,96,0.0,15.2,3.6,336.0,3.94,0.92,26.0,,146.0,4.0,110.0,39.4,213.0,,52.5,51.9,47.9,0,0
P1511,61,Male,White,Medicare,Married,23.2,Former,Prostate,4,Combination,Palliative,2,1,0,3.9,2,0,1,0,0,1,0,1,0,0,0,3,1,0,1,88,110,81,37.0,16,96,5.6,11.9,6.9,307.0,3.27,1.34,,,133.0,4.16,,,,10.54,40.2,37.2,31.0,0,1
P1512,67,Female,White,Private,Married,21.6,Former,Colorectal,3,Combination,Curative,0,0,0,6.7,3,0,0,1,0,0,0,0,0,0,0,0,0,0,0,94,117,75,36.5,21,96,8.4,12.8,13.0,288.0,3.39,,39.0,0.66,132.0,,,,,,32.3,35.1,27.1,0,1
P1513,71,Female,Asian,Medicare,Married,24.3,Former,Other,4,Chemo + immunotherapy,Palliative,1,1,0,9.8,2,0,1,1,0,0,1,1,0,1,0,5,1,0,0,80,117,65,36.8,21,94,2.1,,,225.0,4.19,,,,136.0,4.46,119.0,,,,41.5,49.4,37.7,0,1
P1514,36,Female,White,Private,Married,36.7,Former,Ovarian,3,Chemo + immunotherapy,Curative,1,1,0,10.0,0,0,0,0,0,1,0,0,1,0,0,2,1,1,0,80,93,76,36.2,22,97,6.9,10.6,7.8,282.0,2.97,0.94,5.0,0.6,,4.39,101.0,7.7,171.0,,40.4,32.4,30.5,0,1
P1515,40,Male,White,Medicaid,Married,27.8,Never,Lymphoma,4,Combination,Palliative,1,1,1,2.7,0,0,0,0,0,0,0,1,0,0,0,3,3,0,0,97,129,83,36.5,21,95,1.5,11.6,8.4,348.0,,1.03,18.0,0.63,137.0,3.49,101.0,,,2.35,50.0,38.2,43.6,0,0
P1516,63,Female,Other,Private,Single,22.6,Current,Ovarian,2,Single agent,Curative,0,0,0,4.3,1,0,1,0,0,0,0,0,1,0,0,4,0,0,0,88,145,78,36.7,20,96,0.0,,9.1,337.0,,0.84,28.0,0.53,134.0,4.55,,,,,46.8,41.7,48.2,0,0
P1517,51,Female,Hispanic,Private,Married,16.9,Former,Breast,4,Combination,Palliative,2,0,0,4.4,0,0,1,0,0,0,0,0,0,0,1,3,1,0,0,87,116,75,36.6,22,95,8.7,10.0,,238.0,3.37,0.46,,1.05,144.0,,55.0,35.4,181.0,,38.1,43.8,26.2,1,1
P1518,76,Male,White,Medicare,Married,17.5,Never,Pancreatic,2,Chemo + immunotherapy,Curative,1,0,0,6.4,1,0,0,0,0,0,1,0,0,0,1,3,0,0,0,80,101,80,36.7,22,97,0.0,,10.3,267.0,3.12,1.31,67.0,0.96,140.0,,138.0,,,,50.6,31.4,47.1,0,0
P1519,56,Male,White,Private,Single,24.0,Never,Other,4,Chemo + immunotherapy,Palliative,1,0,0,12.3,1,0,0,0,1,0,1,1,0,0,0,3,1,1,0,89,129,83,36.9,16,97,2.5,11.8,16.7,188.0,,,21.0,0.51,137.0,4.58,,3.8,344.0,,53.5,37.0,61.9,0,0
P1520,37,Female,Asian,Private,Married,23.5,Former,Breast,2,Combination,Curative,1,1,1,4.8,0,0,0,0,0,0,1,0,0,0,1,2,1,0,0,85,120,71,36.9,18,100,6.3,,10.4,,,,5.0,0.78,135.0,,96.0,29.2,231.0,,44.9,36.5,39.8,0,1
P1521,45,Female,Asian,Medicare,Married,25.8,Former,Lung,4,Single agent,Palliative,2,0,1,7.5,0,0,1,0,0,0,0,1,0,0,0,3,0,0,0,84,109,65,36.1,15,96,7.1,12.2,12.1,300.0,3.79,1.59,21.0,,138.0,4.12,,,210.0,,38.0,45.4,32.8,0,1
P1522,27,Male,White,Medicare,Divorced,15.0,Former,Pancreatic,4,Single agent,Palliative,1,0,0,4.7,0,0,0,0,0,0,0,0,0,0,0,2,1,1,0,85,114,74,36.8,18,97,2.7,11.5,7.7,232.0,4.52,1.0,,,137.0,3.6,116.0,17.0,,,51.8,43.2,52.5,0,0
P1523,57,Male,Asian,Private,Widowed,26.5,Former,Colorectal,4,Chemo + targeted,Palliative,0,1,0,3.1,2,1,0,0,0,0,0,0,0,0,0,2,0,0,0,87,85,79,36.6,18,98,3.2,11.6,,250.0,3.33,,39.0,,,4.69,,5.4,,6.27,34.2,33.0,35.1,0,1
P1524,58,Female,White,Medicare,Single,32.7,Current,Breast,3,Combination,Curative,2,0,0,1.3,1,0,0,0,0,0,0,0,0,0,0,1,2,0,0,67,125,77,36.6,18,96,10.3,,,202.0,3.5,,28.0,0.62,,4.47,97.0,,233.0,,37.5,33.9,34.0,0,1
P1525,55,Female,White,Medicare,Married,35.9,Current,Lung,3,Combination,Curative,1,0,1,3.7,1,0,0,0,0,0,0,0,0,0,0,1,0,0,0,83,121,72,37.1,17,96,7.1,11.6,11.3,279.0,3.08,0.97,15.0,,136.0,4.89,123.0,,282.0,,49.1,37.5,34.1,1,1
P1526,73,Male,Asian,Medicare,Married,16.6,Former,Lung,4,Combination,Palliative,2,1,0,1.8,1,0,0,0,0,0,1,1,0,0,0,3,2,2,0,75,148,80,36.2,14,97,9.5,7.7,,,,,,1.17,140.0,3.85,65.0,,,13.45,27.0,33.1,10.0,1,1
P1527,74,Female,Asian,Private,Widowed,22.6,Current,Lung,3,Combination,Curative,1,1,0,1.9,2,1,0,0,1,0,1,0,0,0,0,3,0,0,0,89,133,76,36.7,14,95,5.7,8.3,11.2,218.0,,,32.0,,,,142.0,,,,39.0,34.6,19.1,1,1
P1528,58,Female,Hispanic,Private,Single,22.3,Current,Ovarian,3,Chemo + immunotherapy,Curative,0,0,0,6.8,0,0,0,0,0,0,1,1,0,1,0,4,1,0,0,63,126,72,37.1,18,97,3.9,9.5,9.1,155.0,4.13,1.28,32.0,0.63,141.0,4.22,114.0,25.5,327.0,,51.5,50.2,54.9,0,0
P1529,34,Female,White,Medicaid,Divorced,27.8,Never,Lymphoma,2,Combination,Curative,0,1,0,7.4,0,0,0,0,0,0,1,1,0,0,0,2,0,0,0,76,145,71,36.7,15,96,2.1,11.7,10.9,252.0,4.23,0.79,16.0,1.59,139.0,3.94,65.0,,,,50.2,49.0,51.0,0,0
P1530,67,Female,White,Medicare,Single,20.3,Former,Lymphoma,3,Combination,Curative,0,1,0,10.3,1,0,1,0,0,1,0,0,1,1,0,3,1,0,0,84,119,80,36.4,20,96,4.4,8.0,10.1,361.0,3.97,,44.0,1.32,,3.37,,27.9,278.0,,36.8,43.7,27.1,0,1
P1531,67,Female,White,Private,Married,36.3,Never,Breast,2,Chemo + targeted,Palliative,1,0,1,0.8,1,0,1,0,0,0,0,0,0,1,0,3,0,0,0,70,109,81,36.6,17,100,0.0,,8.1,334.0,3.69,1.03,33.0,1.57,136.0,4.0,124.0,,163.0,,39.4,55.9,38.5,0,1
P1532,64,Female,White,Medicare,Married,27.2,Never,Colorectal,3,Combination,Palliative,2,0,0,9.1,0,0,0,0,0,0,0,1,0,0,0,3,3,1,0,82,139,72,37.2,15,96,0.3,,11.3,,3.68,0.64,29.0,0.49,138.0,3.77,121.0,23.4,206.0,,35.9,41.1,35.6,0,1
P1533,72,Male,White,Private,Divorced,26.3,Never,Lung,2,Chemo + targeted,Curative,1,1,0,0.3,1,0,0,0,1,0,0,0,0,0,0,3,0,0,0,91,143,79,37.1,15,96,6.6,9.6,6.3,,2.77,0.93,47.0,,137.0,4.68,93.0,,,3.64,40.3,45.7,42.1,0,0
P1534,46,Female,White,Medicare,Divorced,35.8,Never,Ovarian,3,Chemo + targeted,Curative,0,0,0,3.1,0,0,0,0,0,0,0,0,0,0,1,2,2,1,0,75,136,78,36.5,16,93,7.0,11.2,3.1,,3.78,1.14,24.0,0.49,131.0,4.32,79.0,29.5,306.0,,46.4,50.1,41.4,0,0
P1535,84,Male,White,Medicare,Married,26.9,Never,Other,4,Single agent,Palliative,1,1,0,4.7,0,0,0,0,0,0,0,1,0,0,0,2,0,0,0,87,129,83,37.2,17,97,5.4,,2.5,304.0,,,45.0,,141.0,,95.0,55.2,,6.9,32.8,41.4,23.5,0,1
P1536,48,Female,Asian,Self-pay,Single,29.2,Never,Colorectal,3,Single agent,Curative,2,0,1,3.1,1,0,1,0,0,1,0,0,1,0,0,2,0,0,1,87,114,81,36.9,18,99,0.5,9.6,,250.0,3.58,0.89,22.0,0.91,139.0,4.68,,21.8,259.0,,37.7,32.1,31.2,0,1
P1537,69,Male,White,Self-pay,Married,22.9,Never,Other,4,Single agent,Palliative,0,0,0,5.2,0,0,0,0,0,0,1,1,0,1,0,3,1,1,0,72,110,87,35.9,19,95,4.9,10.0,,275.0,3.42,,,,134.0,4.53,105.0,,,,35.7,44.7,36.4,0,1
P1538,40,Female,White,Private,Widowed,19.5,Former,Breast,2,Chemo + targeted,Curative,2,1,1,6.1,0,0,0,0,0,0,1,1,0,1,0,4,1,0,0,80,107,79,36.7,18,98,4.1,12.0,9.3,317.0,3.62,1.16,,0.61,,4.25,130.0,,140.0,,41.7,36.8,37.2,0,1
P1539,49,Female,Asian,Medicare,Married,23.6,Current,Lung,3,Chemo + immunotherapy,Palliative,2,1,1,0.2,1,0,1,0,0,0,0,1,0,0,0,3,1,0,0,82,104,93,37.2,19,95,0.0,10.0,7.8,321.0,4.02,1.53,,,137.0,4.1,,34.9,214.0,,37.8,43.7,37.1,0,1
P1540,78,Female,White,Private,Single,39.0,Current,Pancreatic,3,Combination,Palliative,3,0,0,7.6,1,0,0,0,0,1,1,0,0,0,1,3,0,0,2,86,124,86,36.7,21,93,11.4,9.4,,,2.39,1.1,38.0,0.61,,3.65,171.0,,,,36.1,32.0,18.9,1,1
P1541,57,Male,Hispanic,Medicare,Married,30.5,Never,Lung,3,Chemo + targeted,Curative,1,0,0,3.5,1,0,1,0,0,0,0,1,0,1,0,5,2,0,0,68,150,86,37.2,21,95,7.8,11.2,6.8,329.0,3.83,0.85,48.0,,140.0,4.2,132.0,33.8,305.0,1.36,35.6,41.7,25.0,1,1
P1542,70,Female,White,Medicare,Single,28.5,Never,Other,3,Chemo + targeted,Curative,1,1,0,8.9,0,0,0,0,0,0,0,0,0,0,0,1,1,1,0,68,120,67,36.3,16,95,0.8,9.4,8.3,242.0,3.68,1.79,,1.03,142.0,4.08,,,,,50.2,45.8,43.6,0,0
P1543,63,Female,White,Private,Single,21.6,Former,Breast,2,Chemo + immunotherapy,Palliative,1,1,0,9.1,1,0,0,0,0,1,0,0,0,1,0,1,3,0,1,93,128,82,36.3,14,97,2.9,,3.0,169.0,,1.31,,1.04,,4.71,101.0,,,,54.4,50.9,57.6,0,0
P1544,59,Female,Hispanic,Private,Married,32.0,Never,Pancreatic,3,Combination,Curative,2,0,0,5.7,0,0,0,0,0,0,1,0,0,0,1,4,0,0,0,90,132,83,37.0,17,96,4.3,14.3,3.2,,3.67,1.03,,1.29,,,94.0,,260.0,,32.6,36.4,35.0,0,1
P1545,76,Female,Asian,Private,Divorced,19.5,Current,Breast,2,Single agent,Curative,0,0,0,10.0,0,0,0,0,0,1,1,1,0,0,0,3,1,0,3,82,125,77,37.0,17,95,6.9,11.8,4.3,322.0,,0.82,34.0,,136.0,4.04,124.0,8.8,350.0,,48.6,46.5,47.9,0,0
P1546,57,Female,Asian,Private,Widowed,18.4,Former,Breast,3,Chemo + targeted,Curative,0,1,0,2.5,0,0,0,1,0,1,0,0,1,0,0,3,0,0,3,90,119,59,36.7,18,96,1.6,10.5,5.7,,,1.53,51.0,1.06,,4.75,135.0,40.9,220.0,,37.4,39.0,50.8,0,0
P1547,39,Male,Asian,Private,Divorced,23.9,Never,Colorectal,4,Chemo + targeted,Palliative,1,0,0,3.1,0,1,0,0,0,0,0,0,0,0,0,1,2,1,0,70,137,55,37.0,19,98,0.9,8.2,12.4,,,0.82,34.0,0.35,139.0,,,24.9,313.0,,41.7,52.8,40.8,0,0
P1548,50,Male,White,Medicaid,Married,37.7,Never,Other,1,Chemo + targeted,Curative,0,0,0,0.8,0,0,0,1,0,0,1,0,0,1,1,4,0,0,0,78,125,73,36.5,16,96,3.0,10.4,15.2,274.0,3.72,,51.0,1.14,144.0,3.98,136.0,,140.0,,51.9,37.5,54.0,0,0
P1549,67,Male,Asian,Medicare,Single,37.4,Never,Prostate,3,Chemo + immunotherapy,Curative,2,0,0,7.8,2,0,0,1,0,0,0,1,0,1,0,2,2,0,0,82,143,72,36.4,24,95,2.6,,12.2,338.0,,1.35,5.0,1.31,137.0,4.14,,46.5,,,37.4,38.9,31.9,0,1
P1550,65,Male,Hispanic,Medicare,Single,24.5,Never,Prostate,3,Combination,Curative,0,0,0,5.3,3,0,1,0,0,0,0,1,0,1,0,4,0,0,0,74,163,67,36.8,19,96,6.8,10.7,1.5,180.0,4.22,1.11,14.0,,138.0,4.44,,29.3,,34.56,39.7,46.2,35.8,0,1
P1551,41,Female,Other,Medicare,Single,23.3,Never,Breast,4,Chemo + targeted,Palliative,1,1,0,4.6,0,0,0,0,0,1,1,1,0,0,0,4,2,0,1,71,107,77,36.6,17,97,3.8,10.7,13.3,113.0,,0.77,,1.57,,4.34,74.0,,189.0,,49.0,38.5,45.8,0,0
P1552,51,Female,White,Medicare,Married,18.0,Former,Breast,1,Combination,Curative,1,0,0,4.4,0,0,0,0,0,0,0,0,0,1,0,2,1,0,0,94,120,66,36.8,16,96,0.1,10.8,7.1,,3.75,0.91,43.0,0.4,137.0,4.99,95.0,23.0,363.0,,41.2,33.6,37.4,0,1
P1553,53,Female,White,Private,Single,27.4,Former,Breast,3,Combination,Curative,2,1,1,3.9,0,0,0,0,0,0,0,0,0,0,0,2,1,1,0,81,121,62,36.8,19,97,4.4,8.4,5.0,336.0,3.44,1.19,45.0,,134.0,4.33,172.0,,,,32.4,32.5,30.5,0,1
P1554,56,Male,Black,Medicaid,Married,27.9,Never,Pancreatic,4,Combination,Palliative,1,0,1,2.0,0,0,0,0,0,0,0,0,0,0,0,1,0,0,0,83,117,92,36.6,19,95,1.9,,13.0,351.0,3.85,0.61,14.0,0.61,147.0,3.4,,7.3,159.0,,46.4,41.9,45.1,0,0
P1555,43,Male,White,Medicare,Married,31.3,Never,Lung,3,Single agent,Curative,1,0,0,1.6,1,0,0,0,0,0,0,0,1,0,1,2,0,0,0,81,114,78,37.3,16,94,0.8,10.9,6.3,201.0,4.34,0.88,,0.54,140.0,4.33,,,,,55.7,63.3,46.3,0,0
P1556,52,Female,White,Medicare,Married,32.0,Never,Lung,4,Single agent,Palliative,0,1,0,15.8,1,0,1,0,0,0,0,0,0,1,0,3,0,0,0,92,145,74,36.4,17,97,0.0,,5.6,209.0,3.9,1.48,28.0,,140.0,4.2,99.0,,,,42.9,45.0,32.6,1,1
P1557,51,Male,White,Medicaid,Married,25.9,Never,Prostate,2,Chemo + targeted,Palliative,1,1,0,7.2,0,0,0,0,0,0,0,0,0,0,0,2,0,0,0,90,124,64,36.7,18,95,0.6,11.0,6.9,,3.23,1.6,,,145.0,3.76,79.0,,162.0,3.67,33.7,35.2,32.1,0,1
P1558,69,Male,White,Medicare,Married,30.1,Former,Prostate,4,Chemo + immunotherapy,Palliative,2,0,0,4.5,1,0,1,1,1,1,1,1,0,0,1,6,0,0,2,80,166,72,36.7,17,93,5.4,12.6,7.7,423.0,3.3,,,,139.0,4.05,126.0,,,,38.4,41.2,40.2,0,0
P1559,70,Male,White,Medicare,Married,23.1,Former,Colorectal,1,Combination,Curative,0,0,0,4.1,1,0,0,0,0,0,0,0,0,1,1,3,1,1,0,71,122,72,36.8,21,94,8.7,9.0,10.4,,3.1,,28.0,0.73,,3.53,152.0,,,,42.9,39.1,49.2,0,0
P1560,58,Female,White,Medicaid,Divorced,30.0,Former,Breast,1,Combination,Curative,2,1,1,6.7,0,0,0,0,0,0,0,0,0,0,0,2,0,0,0,88,145,71,36.7,18,98,1.1,,8.4,295.0,,0.92,25.0,,135.0,4.32,,,268.0,,56.0,57.5,32.2,1,1
P1561,55,Male,White,Medicare,Married,24.2,Never,Colorectal,3,Single agent,Curative,0,1,1,11.4,1,0,0,0,0,0,1,0,0,0,0,1,0,0,0,91,148,73,37.0,19,96,2.6,13.1,5.9,391.0,3.15,0.4,43.0,0.98,145.0,4.15,55.0,,138.0,,48.9,42.4,49.4,0,0
P1562,62,Female,White,Medicare,Married,29.5,Never,Lymphoma,3,Combination,Curative,1,1,0,5.8,0,0,1,0,0,0,1,1,0,0,1,6,0,0,0,107,127,69,36.8,21,98,10.9,10.4,2.8,335.0,3.67,,44.0,,,3.71,110.0,,235.0,,49.6,37.6,42.7,0,0
P1563,50,Female,Hispanic,Private,Divorced,29.1,Former,Lung,3,Combination,Curative,1,1,1,19.8,1,0,1,0,0,0,0,0,0,0,0,3,1,0,0,88,131,70,36.5,15,98,2.9,10.8,5.4,264.0,4.46,,22.0,0.92,139.0,3.99,102.0,,,,48.8,44.5,38.8,1,1
P1564,46,Female,White,Private,Widowed,27.4,Former,Lymphoma,2,Combination,Curative,1,0,0,8.0,0,0,0,0,0,0,0,0,0,0,1,1,1,1,0,75,133,61,36.4,18,97,0.0,13.2,8.8,187.0,,1.34,,0.78,137.0,4.7,113.0,9.2,248.0,,56.9,50.3,56.0,0,0
P1565,49,Female,White,Medicare,Widowed,31.4,Former,Breast,2,Chemo + immunotherapy,Curative,1,1,1,3.5,0,0,0,1,0,0,1,0,0,0,1,2,0,0,0,74,114,59,36.5,18,98,4.2,9.5,5.7,261.0,3.81,1.3,,1.0,,4.24,94.0,,199.0,,46.2,50.6,42.4,0,0
P1566,52,Male,White,Private,Divorced,18.4,Never,Other,4,Combination,Palliative,0,0,0,1.6,1,0,1,0,0,0,1,0,0,0,0,4,1,0,0,60,149,65,36.5,21,95,3.9,,8.4,314.0,4.18,1.2,34.0,,140.0,4.03,69.0,0.5,,,47.1,55.4,45.8,0,0
P1567,46,Female,White,Self-pay,Widowed,21.1,Former,Other,2,Chemo + targeted,Palliative,1,0,0,11.0,0,0,0,0,0,0,0,0,0,0,0,2,0,0,0,73,109,70,36.9,17,97,2.4,,8.2,,3.39,1.23,44.0,,144.0,3.83,91.0,16.2,275.0,,38.2,57.6,40.2,0,0
P1568,62,Female,Other,Private,Single,25.5,Never,Breast,4,Chemo + targeted,Palliative,1,1,0,2.2,2,0,0,0,0,0,1,0,0,0,0,3,2,0,1,67,118,74,36.7,13,93,0.0,10.5,,323.0,3.82,0.67,,0.95,139.0,4.46,83.0,0.2,,,48.5,51.7,36.6,1,1
P1569,69,Female,Hispanic,Medicare,Widowed,19.1,Never,Colorectal,3,Single agent,Palliative,0,0,0,8.9,2,1,0,0,0,0,1,0,0,0,0,4,1,0,0,88,121,81,36.8,17,95,6.7,10.3,9.2,265.0,3.35,1.12,31.0,,136.0,4.51,138.0,,,,45.7,39.0,38.2,0,1
P1570,41,Female,White,Private,Widowed,24.8,Former,Colorectal,1,Combination,Curative,0,0,0,6.8,1,0,0,0,0,1,0,0,0,0,1,1,1,0,2,89,122,77,36.3,19,95,0.0,,10.1,240.0,3.38,0.55,32.0,,135.0,4.53,110.0,26.3,,,66.3,50.9,61.1,0,0
P1571,60,Female,White,Self-pay,Married,24.9,Never,Ovarian,3,Single agent,Curative,0,0,0,1.2,0,0,1,0,0,0,0,0,0,1,1,4,1,0,0,101,133,83,36.6,18,98,0.9,11.2,7.0,187.0,3.69,0.84,5.0,,141.0,4.5,130.0,,278.0,,48.2,48.7,52.5,0,0
P1572,57,Male,White,Private,Divorced,34.2,Former,Prostate,4,Combination,Palliative,1,1,1,6.5,2,1,0,0,0,0,1,0,0,0,0,4,1,1,0,112,115,73,36.8,17,98,2.4,14.5,12.7,,3.31,1.51,,0.86,142.0,4.64,,,,,34.1,43.9,33.8,0,1
P1573,64,Male,White,Private,Divorced,27.8,Never,Prostate,4,Chemo + immunotherapy,Palliative,2,1,0,7.5,1,0,0,0,0,0,0,0,0,1,0,3,2,2,0,90,125,82,37.0,19,95,4.4,10.7,8.1,344.0,2.29,1.35,56.0,0.39,143.0,,,,,,37.9,37.3,34.1,0,1
P1574,60,Female,White,Private,Divorced,32.7,Never,Breast,1,Combination,Curative,0,1,1,3.9,1,0,0,0,0,0,0,1,0,1,0,3,1,0,0,71,109,59,36.3,17,100,1.0,11.6,4.9,168.0,4.68,1.0,43.0,0.1,147.0,3.91,96.0,16.8,222.0,,56.4,44.2,60.8,0,0
P1575,43,Female,White,Medicare,Widowed,28.7,Never,Breast,3,Combination,Palliative,2,0,0,3.7,0,1,0,0,0,0,1,1,0,1,0,5,1,0,0,77,136,79,37.2,19,95,0.0,10.2,,302.0,3.78,1.02,26.0,,134.0,4.32,91.0,,251.0,,52.8,40.5,55.2,0,0
P1576,45,Male,White,Self-pay,Married,24.1,Former,Lymphoma,4,Combination,Palliative,1,0,1,4.1,0,0,0,0,0,0,0,0,1,0,0,1,2,0,0,74,130,74,37.1,18,95,5.0,11.5,,,3.45,1.01,,0.81,,4.22,129.0,11.5,,,40.4,36.3,34.5,0,1
P1577,60,Male,Asian,Self-pay,Married,27.7,Former,Prostate,3,Combination,Curative,1,1,1,10.8,1,1,1,0,0,0,0,0,0,0,1,4,1,1,0,106,123,86,37.0,17,95,12.9,,5.4,331.0,3.24,1.11,41.0,0.28,137.0,,64.0,,,,53.6,32.7,51.1,0,0
P1578,72,Female,White,Private,Single,31.0,Never,Ovarian,2,Chemo + immunotherapy,Curative,1,1,0,3.6,1,0,0,0,0,0,0,0,0,0,1,3,4,0,0,54,126,56,37.1,18,97,1.2,9.0,,,3.32,1.08,5.0,,138.0,4.17,106.0,,331.0,,40.6,45.3,36.7,0,1
P1579,33,Female,White,Medicare,Single,33.6,Never,Ovarian,2,Combination,Palliative,2,1,0,0.9,0,0,0,0,0,0,1,0,0,0,1,4,3,1,0,99,108,81,36.6,17,98,5.7,9.3,7.1,253.0,,1.28,,,135.0,5.03,106.0,,311.0,,40.1,52.8,46.4,0,0
P1580,64,Male,White,Private,Divorced,26.3,Never,Prostate,3,Chemo + targeted,Palliative,0,0,0,5.3,0,0,0,0,0,1,0,1,0,0,1,2,0,0,0,71,113,63,36.5,19,98,3.4,8.9,7.2,242.0,3.52,1.61,30.0,0.61,140.0,,104.0,,,,48.8,43.6,45.9,0,0
P1581,74,Female,White,Medicare,Divorced,17.9,Never,Colorectal,4,Single agent,Palliative,3,0,0,0.7,2,0,0,0,0,0,1,1,0,0,0,3,1,0,0,82,114,86,36.7,19,95,6.6,12.4,,193.0,2.68,1.59,29.0,0.85,134.0,4.41,133.0,,264.0,,28.0,42.3,12.5,1,1
P1582,58,Female,White,Medicare,Single,17.6,Former,Other,4,Single agent,Palliative,2,0,0,6.4,1,0,0,0,0,1,1,0,1,0,0,4,2,2,3,60,111,69,36.8,17,97,4.5,9.9,11.2,245.0,3.44,,49.0,1.25,,3.44,,,197.0,,32.9,46.8,25.3,0,1
P1583,67,Male,White,Private,Widowed,25.2,Never,Pancreatic,4,Combination,Palliative,1,1,0,2.1,2,0,0,0,0,0,0,0,0,0,0,1,0,0,0,93,141,80,36.5,23,95,5.4,10.1,8.6,,,0.89,45.0,0.54,142.0,4.67,127.0,,387.0,,32.3,34.3,21.2,1,1
P1584,52,Female,White,Medicare,Married,15.0,Never,Ovarian,2,Chemo + immunotherapy,Palliative,2,1,1,4.3,2,1,0,0,0,0,0,1,0,0,0,4,3,0,0,90,137,75,36.9,17,100,4.9,9.6,,,,0.91,43.0,0.86,137.0,4.16,120.0,,254.0,,45.8,54.9,36.9,0,1
P1585,59,Male,White,Medicaid,Widowed,36.9,Never,Other,3,Combination,Curative,1,1,0,2.1,0,0,0,0,0,0,0,1,0,1,0,3,0,0,0,70,106,84,37.1,16,98,6.0,10.1,10.4,276.0,,0.84,53.0,,142.0,4.23,125.0,,225.0,1.25,43.0,53.4,37.1,0,1
P1586,41,Female,Black,Private,Married,30.3,Former,Colorectal,1,Chemo + targeted,Curative,1,0,1,13.4,0,0,0,0,0,0,1,0,0,0,0,2,0,0,0,89,129,75,37.0,14,94,4.1,9.7,4.9,354.0,4.33,0.42,,0.81,139.0,4.11,121.0,,136.0,,38.7,47.5,29.1,0,1
P1587,32,Female,Hispanic,Private,Single,23.5,Former,Lymphoma,1,Single agent,Curative,0,1,1,6.7,0,0,0,0,0,0,0,0,0,1,1,4,0,0,0,86,100,86,36.7,15,96,5.3,12.6,4.5,361.0,3.94,0.95,19.0,1.15,142.0,3.69,100.0,37.1,,,53.5,42.8,53.4,0,0
P1588,71,Male,White,Private,Married,20.9,Former,Lymphoma,1,Combination,Curative,1,1,0,2.0,0,0,0,0,0,0,0,0,0,0,1,2,2,2,0,78,139,71,36.0,20,95,2.4,,7.3,,3.53,0.97,33.0,1.14,139.0,,121.0,25.5,,4.2,42.3,46.1,46.7,0,0
P1589,48,Female,White,Private,Single,32.7,Former,Breast,4,Combination,Palliative,1,0,1,5.7,0,0,0,1,0,0,0,0,0,0,1,2,0,0,0,60,123,67,36.2,16,98,3.8,13.8,2.0,386.0,,1.01,,0.7,136.0,3.81,150.0,,,,48.9,63.4,53.8,0,0
P1590,55,Male,Asian,Private,Married,20.9,Current,Prostate,2,Combination,Palliative,1,1,1,1.7,2,0,0,0,0,0,0,1,1,1,1,4,1,1,0,81,116,70,36.7,19,95,4.3,11.6,8.8,356.0,3.94,0.94,,,138.0,,68.0,,136.0,,49.7,50.4,45.3,0,0
P1591,43,Female,Asian,Medicare,Married,21.4,Never,Colorectal,3,Combination,Curative,1,1,0,4.3,1,0,0,0,0,1,0,0,0,1,1,4,0,0,0,90,126,79,36.9,16,93,5.2,12.8,7.1,207.0,3.22,1.0,21.0,,137.0,,,1.6,137.0,,51.2,36.3,44.2,0,0
P1592,43,Female,White,Private,Single,22.8,Former,Colorectal,3,Single agent,Curative,2,0,1,11.4,1,0,0,1,0,0,1,0,0,0,0,2,1,1,0,75,139,80,36.3,18,96,0.2,12.1,13.2,,3.03,0.9,23.0,1.1,140.0,4.18,180.0,20.7,235.0,,38.2,46.6,43.1,0,0
P1593,58,Female,White,Medicare,Single,27.6,Former,Breast,2,Chemo + immunotherapy,Curative,0,0,0,6.8,1,0,0,0,0,0,0,0,0,0,0,2,0,0,0,89,98,66,36.7,13,93,5.3,11.7,10.6,249.0,3.45,0.76,35.0,0.75,138.0,4.38,133.0,0.2,258.0,,52.1,47.5,46.4,0,0
P1594,51,Female,White,Medicaid,Married,30.4,Never,Pancreatic,3,Combination,Curative,2,0,0,2.2,0,0,0,0,0,0,1,0,0,0,0,2,1,1,0,71,138,68,36.9,17,96,5.0,9.2,7.1,116.0,3.66,,,,142.0,4.85,105.0,39.1,,,57.2,52.3,39.4,1,1
P1595,65,Male,Asian,Medicaid,Single,33.6,Former,Lymphoma,1,Combination,Curative,0,1,0,1.4,1,0,0,0,0,1,1,0,1,0,0,2,0,0,2,79,115,79,36.7,14,98,6.7,12.6,10.7,,3.73,0.64,30.0,0.58,140.0,4.27,112.0,12.1,,2.85,42.9,32.8,39.4,0,1
P1596,65,Female,White,Medicare,Married,32.7,Former,Colorectal,2,Combination,Curative,0,0,0,7.5,2,1,0,1,0,1,1,0,0,1,0,5,0,0,1,73,146,86,36.5,18,95,3.4,10.1,7.6,312.0,3.08,1.95,55.0,,139.0,3.31,,,,,44.7,43.6,46.0,0,0
P1597,64,Female,White,Private,Married,27.0,Former,Breast,3,Single agent,Curative,0,0,1,15.1,1,1,0,0,1,0,1,1,0,1,1,6,0,0,0,81,138,71,36.3,18,99,2.2,11.4,9.1,149.0,3.27,,10.0,0.5,139.0,4.75,,,240.0,,53.5,44.7,58.8,0,0
P1598,63,Male,White,Private,Married,32.6,Never,Prostate,4,Combination,Palliative,2,0,0,4.5,2,0,0,0,0,0,1,0,0,0,0,3,2,0,0,92,110,65,36.9,14,97,3.0,,3.3,406.0,,0.86,,1.19,,4.13,129.0,21.1,332.0,10.64,40.3,27.6,31.0,0,1
P1599,79,Female,White,Private,Single,23.3,Never,Breast,3,Combination,Curative,1,1,0,11.0,0,0,0,0,0,1,1,1,0,0,0,4,0,0,1,98,123,86,36.5,19,95,2.9,,6.8,341.0,2.82,,,,140.0,4.24,87.0,0.2,,,37.2,37.1,34.8,0,1
P1600,47,Male,White,Self-pay,Divorced,17.0,Current,Lung,4,Single agent,Palliative,1,1,0,6.9,2,0,0,0,0,0,0,1,0,0,0,2,0,0,0,84,128,61,37.2,14,97,0.0,,8.8,318.0,3.18,0.94,,0.65,141.0,4.12,156.0,,274.0,1.71,44.7,38.6,37.9,0,1
P1601,59,Female,Asian,Self-pay,Single,23.3,Never,Lung,2,Combination,Palliative,1,1,1,7.4,2,0,0,0,0,0,1,0,1,0,0,3,1,1,0,64,138,80,36.8,21,99,2.1,9.4,7.0,,4.56,0.4,32.0,,136.0,4.09,129.0,3.5,131.0,,59.8,41.3,63.9,0,0
P1602,74,Female,White,Private,Divorced,22.6,Never,Ovarian,2,Combination,Curative,1,1,0,1.6,1,0,0,0,1,0,0,0,0,1,0,3,0,0,0,88,136,60,36.8,17,97,2.4,11.0,,343.0,3.57,1.35,,0.1,137.0,4.5,128.0,,,,43.4,33.8,41.1,0,0
P1603,75,Male,White,Private,Single,23.5,Never,Colorectal,3,Chemo + immunotherapy,Curative,1,0,0,4.3,3,0,1,0,0,0,1,1,1,1,0,7,0,0,0,82,138,79,36.9,17,97,5.7,,9.9,,2.92,0.88,47.0,0.62,,4.16,149.0,42.5,206.0,5.52,34.7,35.9,17.5,1,1
P1604,43,Male,White,Medicare,Divorced,21.7,Never,Prostate,4,Chemo + targeted,Palliative,0,0,0,4.5,0,0,0,0,0,0,1,1,0,0,0,3,1,1,0,77,111,71,36.6,18,97,1.1,11.1,9.7,325.0,3.54,1.11,13.0,,138.0,4.27,109.0,0.2,261.0,2.51,47.3,43.4,44.2,0,0
P1605,56,Female,Hispanic,Private,Widowed,24.5,Former,Ovarian,2,Combination,Palliative,1,1,0,0.5,1,0,0,0,0,0,0,0,0,0,0,0,1,1,0,81,124,69,36.8,15,96,4.0,11.4,8.5,,3.02,,27.0,,136.0,3.79,122.0,,252.0,,47.6,47.9,44.2,0,0
P1606,76,Male,White,Self-pay,Married,30.4,Former,Colorectal,2,Chemo + targeted,Curative,1,1,1,2.8,1,0,0,0,0,0,1,0,0,0,0,2,2,0,0,89,129,89,36.5,14,94,4.4,,8.7,401.0,,0.95,5.0,,142.0,5.16,,,,,51.7,38.9,41.6,1,0
P1607,66,Female,White,Private,Married,36.4,Current,Ovarian,4,Combination,Palliative,0,1,1,3.1,1,0,1,0,0,0,1,0,1,0,0,5,0,0,0,74,109,78,36.5,19,98,0.0,11.5,10.1,200.0,3.5,1.07,36.0,1.4,136.0,4.8,103.0,,262.0,,57.4,43.8,52.2,0,0
P1608,62,Female,White,Private,Married,17.5,Never,Breast,4,Chemo + targeted,Palliative,0,0,0,2.2,2,0,0,0,0,0,0,1,0,1,0,2,1,0,0,85,130,75,36.4,16,99,2.8,11.5,,,3.2,0.71,61.0,,142.0,4.64,127.0,0.2,197.0,,38.5,42.4,32.2,0,1
P1609,57,Female,Black,Private,Single,19.9,Never,Lung,2,Single agent,Curative,0,1,0,4.1,0,0,0,0,0,0,1,0,0,0,0,2,0,0,0,85,119,74,36.6,18,97,6.0,12.4,,203.0,3.98,1.28,,0.25,144.0,,116.0,12.1,,,53.3,46.8,56.8,0,0
P1610,55,Female,Black,Private,Married,22.6,Never,Breast,4,Single agent,Palliative,1,0,1,8.6,3,0,0,1,0,0,0,0,0,1,0,2,0,0,0,88,143,69,37.3,19,93,6.8,9.1,5.5,326.0,4.32,,26.0,,137.0,4.2,,9.9,,,40.3,42.3,27.8,1,1
P1611,63,Male,Hispanic,Private,Married,31.2,Never,Prostate,3,Combination,Curative,1,1,0,8.8,2,1,0,0,0,0,1,1,0,1,0,5,1,1,0,93,142,91,36.4,17,97,2.5,9.0,,265.0,3.64,0.75,22.0,0.65,,4.56,,0.4,155.0,4.0,39.2,41.4,32.3,0,1
P1612,57,Male,Asian,Medicaid,Widowed,25.9,Former,Other,3,Single agent,Curative,0,1,0,12.4,1,0,1,0,0,0,0,0,0,0,0,2,1,0,0,59,130,75,36.9,15,98,0.0,8.2,,173.0,,,53.0,0.84,137.0,4.53,63.0,,343.0,3.4,50.4,38.3,53.6,0,0
P1613,59,Male,White,Private,Widowed,23.0,Never,Lymphoma,3,Chemo + targeted,Curative,0,1,0,9.7,1,1,1,0,0,0,1,1,0,0,0,6,0,0,0,77,143,93,36.6,19,98,6.7,,10.3,270.0,3.61,1.0,40.0,0.6,136.0,4.22,149.0,,,,54.2,37.2,49.7,0,0
P1614,61,Male,White,Medicare,Married,30.9,Never,Prostate,4,Combination,Palliative,1,1,0,6.1,0,0,0,0,0,0,0,1,0,0,0,2,2,0,0,82,134,69,36.4,19,97,5.8,10.7,6.2,135.0,3.63,,,1.05,,4.09,94.0,,,,43.5,46.7,40.1,0,0
P1615,52,Male,White,Private,Married,32.3,Current,Lung,2,Single agent,Curative,1,1,0,12.6,0,1,0,1,0,0,1,0,0,0,1,5,1,1,0,78,122,75,36.9,19,96,0.2,13.0,,,,1.22,9.0,,140.0,4.17,137.0,,170.0,,48.0,48.8,43.3,0,0
P1616,66,Female,Asian,Private,Married,26.9,Former,Other,4,Combination,Palliative,2,1,0,3.3,1,0,0,0,0,0,0,0,0,0,0,0,1,0,0,75,107,73,36.5,20,95,2.3,8.4,10.7,286.0,,1.41,28.0,,139.0,,,,191.0,,37.9,27.7,25.3,1,1
P1617,90,Male,Asian,Private,Married,22.5,Never,Colorectal,1,Combination,Curative,0,1,0,4.9,2,0,0,0,1,0,1,0,0,0,0,4,0,0,0,75,132,73,36.6,17,96,3.6,13.1,6.4,234.0,3.06,0.72,14.0,,140.0,3.57,126.0,,143.0,,45.9,46.1,40.8,0,0
P1618,39,Female,White,Private,Divorced,28.5,Former,Lung,3,Chemo + targeted,Curative,1,0,0,15.9,0,0,0,0,0,0,0,0,0,0,0,1,0,0,1,85,114,72,37.0,19,98,5.3,11.1,,328.0,,1.27,27.0,0.57,136.0,4.47,,,,,59.5,47.1,52.7,0,0
P1619,64,Female,Hispanic,Private,Single,25.7,Never,Other,3,Chemo + targeted,Curative,1,0,0,3.3,0,0,1,0,0,0,1,0,0,0,1,4,0,0,0,87,128,92,36.6,21,95,3.1,,6.5,145.0,3.44,,33.0,,,,105.0,11.7,,,34.9,33.3,46.6,0,0
P1620,51,Male,White,Private,Married,25.7,Former,Colorectal,4,Combination,Palliative,2,1,0,0.3,1,0,0,0,0,0,1,0,0,1,0,4,0,0,0,84,119,85,36.8,21,95,0.4,10.0,10.0,,,,19.0,0.69,136.0,3.86,91.0,20.9,,1.08,38.7,53.4,37.8,0,1
P1621,67,Male,White,Medicare,Married,24.2,Former,Lung,4,Chemo + targeted,Palliative,2,1,0,1.4,1,0,0,0,0,0,1,1,0,0,0,3,3,1,0,73,143,77,36.7,19,97,0.0,8.8,,288.0,2.71,0.88,25.0,1.34,135.0,3.9,153.0,,358.0,,45.8,31.5,32.9,1,1
P1622,61,Female,White,Medicare,Married,32.1,Never,Breast,4,Combination,Palliative,1,1,1,4.5,0,0,0,0,0,0,1,1,0,0,0,4,4,1,0,92,142,65,36.7,16,97,2.0,12.2,,272.0,,,46.0,0.74,135.0,3.82,138.0,,,,53.3,50.5,47.6,0,0
P1623,69,Female,Hispanic,Medicaid,Married,28.4,Never,Breast,4,Single agent,Palliative,2,0,1,2.2,3,0,0,0,0,0,1,1,0,1,1,6,3,0,0,91,121,79,36.3,19,98,1.9,10.6,,,4.0,,22.0,,136.0,3.97,,,,,52.3,37.5,39.0,1,1
P1624,74,Female,Hispanic,Private,Married,32.7,Never,Pancreatic,2,Combination,Palliative,0,0,0,1.3,1,0,1,0,1,0,0,0,0,1,1,5,0,0,0,93,114,75,37.0,17,98,1.5,,13.6,,3.91,0.8,54.0,0.17,,,136.0,,233.0,,46.1,36.1,43.1,0,0
P1625,62,Male,White,Medicare,Single,34.3,Former,Colorectal,4,Combination,Palliative,1,1,0,9.0,2,1,0,0,0,0,1,1,0,0,0,4,3,1,0,76,112,68,36.8,20,95,8.9,7.8,,,2.85,0.59,,0.46,,3.92,129.0,,259.0,,45.0,43.1,35.7,0,1
P1626,74,Female,Other,Medicare,Married,29.5,Never,Other,3,Single agent,Curative,1,1,0,6.9,1,0,1,0,1,1,0,0,0,0,0,4,1,1,2,120,150,85,36.9,22,98,0.0,11.1,7.9,284.0,2.55,,,,135.0,,85.0,40.1,,,46.1,29.4,36.2,0,1
P1627,32,Female,Hispanic,Private,Divorced,24.2,Former,Breast,3,Combination,Curative,1,0,0,0.5,0,0,0,0,0,1,1,0,0,0,0,3,2,0,1,80,130,63,36.7,16,98,0.0,12.0,2.9,221.0,3.94,0.99,35.0,,144.0,3.73,125.0,0.2,156.0,,52.3,51.9,46.1,0,0
P1628,79,Male,Hispanic,Private,Married,32.7,Never,Prostate,3,Chemo + targeted,Curative,0,0,1,10.3,0,0,1,0,0,1,0,0,0,0,1,4,0,0,2,73,118,81,37.0,15,98,9.5,,2.0,,3.64,1.08,,0.64,,4.08,100.0,,,,52.7,48.7,48.8,0,0
P1629,65,Female,Hispanic,Medicare,Divorced,29.6,Never,Lymphoma,2,Chemo + immunotherapy,Curative,1,0,0,18.8,2,0,0,0,0,0,0,0,0,1,0,3,0,0,0,105,106,80,36.7,19,96,1.2,11.4,,373.0,2.84,0.9,44.0,1.05,141.0,4.48,128.0,28.8,328.0,,42.8,41.7,42.8,0,0
P1630,73,Male,White,Medicare,Married,41.3,Never,Prostate,3,Chemo + immunotherapy,Curative,2,1,1,2.8,0,0,0,0,0,0,1,0,1,1,1,6,2,1,0,91,121,83,37.1,18,97,4.9,,13.8,,4.23,1.05,50.0,,138.0,,,,,,32.3,41.8,39.6,0,1
P1631,45,Female,Black,Medicare,Married,28.7,Never,Colorectal,2,Combination,Palliative,0,0,0,7.0,0,0,0,0,0,0,0,0,0,0,0,2,0,0,0,82,146,64,36.4,20,96,7.0,12.1,7.8,204.0,,0.93,37.0,0.44,142.0,4.45,55.0,27.6,,,53.3,52.5,60.4,0,0
P1632,50,Male,Asian,Private,Divorced,30.8,Never,Prostate,2,Combination,Palliative,1,1,0,1.9,1,0,1,0,0,0,1,1,0,0,0,5,2,1,0,84,131,90,36.5,18,93,3.2,12.2,12.5,109.0,3.1,1.14,9.0,,139.0,,,0.2,259.0,3.55,45.8,36.8,40.8,0,0
P1633,62,Male,Asian,Self-pay,Single,28.6,Former,Lymphoma,4,Chemo + targeted,Palliative,2,0,0,5.5,2,0,0,1,0,0,1,0,0,0,1,3,1,1,0,95,122,78,37.2,19,98,5.1,,6.4,,,0.59,37.0,0.1,138.0,4.23,101.0,0.2,,6.5,49.3,54.5,25.8,1,1
P1634,60,Female,White,Private,Married,26.5,Current,Ovarian,4,Combination,Palliative,1,0,1,7.2,1,0,1,0,0,0,0,0,0,0,0,3,1,1,0,87,126,78,36.9,19,95,3.2,10.9,,294.0,3.36,1.15,,,137.0,,158.0,,310.0,,40.3,36.3,26.0,1,1
P1635,63,Female,Asian,Medicaid,Married,25.6,Never,Lung,3,Combination,Palliative,2,0,0,4.5,0,0,0,0,0,0,0,0,0,0,0,1,0,0,0,66,100,65,37.3,19,95,2.2,11.2,7.5,,3.66,1.24,,1.85,135.0,4.15,,27.1,254.0,,35.8,40.1,22.8,1,1
P1636,73,Female,Other,Medicare,Single,28.6,Former,Colorectal,4,Combination,Palliative,1,0,1,2.4,1,0,0,0,0,0,1,0,0,1,0,4,0,0,0,85,125,70,36.9,15,95,0.9,11.5,6.8,261.0,2.78,,42.0,0.78,138.0,,204.0,28.9,,,43.4,38.8,36.0,0,1
P1637,39,Male,White,Medicare,Widowed,29.9,Never,Prostate,3,Combination,Curative,1,1,1,3.2,0,0,0,0,0,0,1,0,0,1,0,3,1,1,0,90,136,71,36.6,16,99,3.1,7.4,9.4,285.0,3.84,1.64,,,137.0,4.53,117.0,12.1,168.0,,49.2,40.8,38.3,1,1
P1638,72,Male,Other,Medicare,Single,33.3,Former,Lung,2,Chemo + targeted,Curative,0,1,0,0.7,2,1,0,0,0,1,0,1,1,0,0,3,1,1,1,84,123,77,37.3,21,97,6.2,9.5,11.8,351.0,,1.19,36.0,0.84,,3.81,116.0,10.8,282.0,16.93,43.4,31.5,29.3,1,1
P1639,60,Female,White,Private,Married,28.7,Never,Breast,4,Combination,Palliative,1,1,0,5.1,1,0,0,0,0,0,1,0,0,0,0,3,0,0,0,74,122,79,36.2,17,97,10.9,11.0,5.5,,,,,0.95,,4.56,115.0,22.1,,,32.8,42.5,26.4,0,1
P1640,58,Male,White,Medicare,Married,24.5,Former,Other,3,Single agent,Curative,1,1,0,14.2,1,0,1,0,0,0,0,0,0,0,0,2,1,0,0,81,132,75,36.9,17,98,1.8,,4.3,291.0,3.94,1.31,49.0,0.88,138.0,4.21,114.0,,234.0,,42.9,48.3,61.7,0,0
P1641,42,Female,White,Medicare,Married,25.2,Never,Breast,4,Chemo + targeted,Palliative,2,0,0,1.4,0,1,0,0,0,0,0,1,0,0,0,2,0,0,0,89,104,86,35.9,17,98,6.9,13.1,10.5,238.0,2.81,0.8,37.0,0.87,140.0,4.39,116.0,,204.0,,44.7,37.3,47.1,0,0
P1642,66,Male,Black,Medicare,Married,19.7,Never,Lung,3,Combination,Palliative,0,1,0,12.3,1,0,1,1,0,0,1,0,0,0,0,4,0,0,0,94,134,75,37.2,18,95,6.3,13.0,7.1,349.0,3.98,1.27,16.0,,138.0,4.45,95.0,,,,46.3,44.2,40.5,0,0
P1643,31,Male,Asian,Private,Single,36.1,Former,Prostate,3,Combination,Curative,0,1,0,3.9,1,0,0,0,0,0,1,0,0,0,0,1,1,1,0,69,105,74,36.4,17,97,1.0,15.5,10.2,,3.87,,5.0,,,4.79,107.0,20.0,186.0,,59.4,40.7,70.0,0,0
P1644,68,Female,White,Private,Divorced,24.0,Never,Breast,1,Combination,Curative,1,1,0,0.7,1,0,0,0,0,0,0,1,0,0,1,2,0,0,0,72,120,86,36.6,16,98,5.0,10.1,6.4,158.0,2.96,,53.0,,139.0,,102.0,13.2,,,32.5,33.2,30.4,0,1
P1645,42,Female,Asian,Private,Married,32.3,Never,Breast,4,Chemo + immunotherapy,Palliative,2,1,0,9.0,0,0,0,0,0,0,0,1,0,0,0,3,1,0,0,85,114,70,36.4,16,94,5.7,,7.1,,,,,0.47,137.0,3.93,121.0,,218.0,,37.1,51.3,31.0,0,1
P1646,61,Female,White,Medicare,Divorced,28.5,Never,Breast,2,Combination,Curative,1,0,0,5.1,0,0,0,0,0,0,1,0,0,0,0,1,2,1,0,76,120,65,36.9,19,95,0.5,,11.4,,3.34,0.75,,0.36,139.0,4.45,166.0,,,,35.8,39.5,38.3,0,1
P1647,59,Female,White,Medicare,Single,28.7,Current,Breast,3,Combination,Curative,2,0,0,1.8,1,0,0,0,0,1,0,1,0,1,0,2,1,1,1,80,126,72,36.6,22,97,5.1,8.1,,339.0,3.36,,,0.71,141.0,,155.0,,,,30.3,23.4,11.6,1,1
P1648,74,Male,Hispanic,Medicare,Divorced,26.4,Never,Colorectal,1,Combination,Curative,1,0,1,2.6,3,1,1,0,0,0,0,0,0,0,0,3,2,0,0,80,131,86,37.1,20,97,2.0,7.7,,257.0,2.74,1.4,,,,,204.0,,157.0,1.24,39.6,44.8,19.9,1,1
P1649,58,Female,Asian,Medicare,Married,22.7,Never,Ovarian,3,Chemo + immunotherapy,Curative,1,0,1,3.1,0,0,0,0,0,0,1,0,0,0,0,3,0,0,0,88,122,76,36.5,19,96,2.6,,7.4,229.0,3.67,1.15,6.0,,133.0,4.24,118.0,,172.0,,49.9,42.9,34.6,1,1
P1650,52,Female,Black,Medicare,Married,21.7,Former,Lung,2,Combination,Curative,1,1,1,4.3,2,0,0,0,0,0,1,1,0,0,0,3,1,1,0,74,124,80,36.3,20,100,3.6,11.8,11.9,,,1.15,,1.08,141.0,4.85,153.0,27.3,115.0,,30.3,42.1,35.7,0,1
P1651,54,Male,Asian,Private,Married,36.5,Former,Colorectal,4,Combination,Palliative,2,1,0,5.5,0,0,0,0,0,0,0,0,0,0,0,2,0,0,0,68,110,65,36.6,18,95,2.9,11.0,9.2,277.0,3.94,0.94,,0.45,140.0,4.3,105.0,6.4,,29.87,40.3,38.0,33.4,0,1
P1652,75,Male,Other,Medicare,Married,27.6,Never,Prostate,3,Combination,Curative,2,0,0,5.7,1,0,1,0,1,1,0,0,0,1,0,5,2,0,2,73,102,66,37.2,18,97,1.6,11.3,,252.0,3.13,,,0.12,,3.5,129.0,,210.0,1.57,43.6,38.7,27.1,1,1
P1653,66,Male,White,Private,Married,33.2,Former,Lung,2,Chemo + targeted,Curative,0,1,0,8.4,1,0,0,0,1,0,1,0,0,1,0,3,0,0,0,65,127,81,37.0,16,97,0.0,,,252.0,3.79,1.32,,1.31,,4.25,,,271.0,2.1,46.6,51.8,48.6,0,0
P1654,55,Female,White,Private,Married,34.6,Never,Colorectal,1,Single agent,Curative,1,1,1,5.0,1,0,0,0,0,0,1,0,0,1,0,3,0,0,0,84,114,78,37.0,20,96,0.0,,10.4,,3.6,1.44,48.0,,,3.79,180.0,,,,35.9,47.5,29.9,0,1
P1655,57,Male,White,Private,Married,24.7,Never,Lung,2,Combination,Curative,1,0,0,6.3,0,0,0,0,0,0,1,0,0,0,1,3,2,0,0,82,130,68,36.5,18,96,6.4,,7.4,256.0,2.65,1.07,,0.63,140.0,4.01,113.0,,141.0,,43.6,53.2,32.8,1,1
P1656,41,Female,Asian,Private,Married,29.3,Never,Lung,4,Combination,Palliative,1,0,0,5.1,0,0,0,0,0,1,1,1,0,1,0,3,2,0,1,91,112,65,36.3,16,96,3.7,12.2,13.4,348.0,3.7,0.64,40.0,1.06,,4.15,98.0,,,,43.1,35.8,38.4,0,1
P1657,65,Female,Asian,Private,Widowed,27.2,Former,Lung,4,Combination,Palliative,0,0,0,0.2,1,0,1,0,0,0,0,0,0,0,0,2,1,1,1,70,103,77,37.1,17,99,6.4,12.9,8.0,,3.64,0.94,8.0,0.87,140.0,4.43,122.0,,191.0,,49.9,41.5,54.5,0,0
P1658,39,Female,Asian,Medicare,Divorced,20.6,Former,Breast,2,Combination,Palliative,0,1,0,1.5,1,0,1,0,0,0,1,0,0,0,0,4,0,0,0,82,120,75,36.3,15,96,2.7,11.0,7.4,287.0,2.97,1.09,,,138.0,4.04,,,,,49.3,46.3,40.4,0,0
P1659,69,Female,White,Private,Married,26.0,Never,Ovarian,3,Combination,Curative,1,0,0,1.9,0,0,0,0,1,0,0,0,0,1,0,4,0,0,0,88,142,67,36.7,20,97,5.2,,12.4,,4.11,1.37,,,142.0,4.82,179.0,0.2,,,37.5,39.6,27.5,1,1
P1660,62,Male,White,Private,Widowed,30.2,Never,Other,2,Combination,Curative,0,0,0,4.8,3,0,1,1,0,0,1,0,0,1,0,3,1,0,0,66,133,77,36.5,22,94,2.8,11.1,8.4,306.0,3.72,1.17,,0.56,135.0,,,,,,52.3,43.8,47.1,0,0
P1661,89,Female,Asian,Private,Married,24.3,Never,Ovarian,4,Chemo + targeted,Palliative,1,0,0,5.2,1,0,1,0,0,0,0,0,0,0,0,1,2,1,0,88,117,69,36.7,17,97,4.8,9.5,6.7,,3.02,,33.0,,135.0,4.01,,43.1,,,39.4,32.0,32.6,0,1
P1662,47,Female,Other,Medicare,Married,25.2,Never,Breast,4,Single agent,Palliative,2,1,1,3.9,0,0,0,0,0,1,0,1,0,0,0,3,0,0,2,86,112,69,36.2,20,98,5.5,11.3,4.3,291.0,2.95,0.9,28.0,0.9,143.0,4.6,126.0,17.2,373.0,,38.4,49.0,33.2,0,1
P1663,59,Male,White,Medicare,Divorced,26.0,Never,Pancreatic,4,Chemo + targeted,Palliative,1,1,0,7.1,1,0,0,0,0,0,1,0,0,0,1,3,2,1,0,83,118,65,37.0,21,96,5.2,12.2,,167.0,3.33,,,0.66,,4.27,127.0,,,,31.4,41.5,22.4,0,1
P1664,82,Male,White,Private,Married,38.6,Former,Prostate,1,Combination,Palliative,0,0,0,7.8,1,0,0,1,0,0,0,0,0,0,0,1,0,0,0,69,129,77,37.1,17,96,7.0,,3.2,254.0,3.66,1.37,,0.88,137.0,3.53,125.0,,206.0,,42.0,31.3,39.3,0,1
P1665,74,Female,White,Private,Married,16.9,Never,Breast,3,Chemo + immunotherapy,Curative,0,1,1,4.3,0,0,0,0,0,0,0,0,0,0,0,2,1,0,0,80,121,72,37.0,13,96,7.4,,7.7,226.0,4.25,0.75,14.0,,139.0,,122.0,,309.0,,39.2,44.6,41.6,0,0
P1666,52,Male,White,Medicaid,Married,29.8,Current,Other,4,Combination,Palliative,1,1,1,8.5,1,0,0,0,0,0,0,0,0,0,0,0,1,0,0,66,98,86,36.4,19,96,9.7,9.7,,286.0,3.09,,36.0,0.65,144.0,4.9,141.0,,,,38.6,45.8,41.7,0,0
P1667,63,Male,White,Medicare,Married,25.6,Never,Pancreatic,2,Combination,Curative,1,0,0,3.8,2,1,1,0,0,0,1,0,0,0,0,5,2,0,0,85,127,81,36.8,17,97,9.4,12.5,6.6,239.0,2.93,1.07,,,138.0,4.18,130.0,,,6.92,55.2,63.6,53.9,0,0
P1668,60,Female,White,Medicare,Single,23.5,Never,Breast,3,Single agent,Curative,0,0,0,6.0,0,0,1,0,0,0,0,1,0,0,0,3,0,0,1,86,148,67,36.6,16,97,0.0,,14.7,,3.8,1.2,36.0,0.18,137.0,4.21,90.0,55.5,255.0,,53.7,49.8,49.9,0,0
P1669,63,Male,Asian,Medicare,Married,25.5,Never,Other,4,Combination,Palliative,1,0,0,0.3,1,0,0,0,0,0,1,0,0,0,0,2,0,0,0,79,117,83,36.7,20,97,7.4,8.8,4.3,221.0,3.49,1.12,,,138.0,4.75,118.0,,303.0,,49.5,50.7,31.2,1,1
P1670,52,Female,White,Medicare,Married,30.7,Former,Breast,4,Chemo + targeted,Palliative,0,0,0,4.3,0,0,0,0,0,0,1,1,1,1,1,6,1,1,0,90,105,73,37.2,15,95,1.7,13.6,8.8,305.0,4.75,0.4,33.0,,142.0,4.26,101.0,,196.0,,50.4,52.9,57.8,0,0
P1671,59,Male,White,Medicaid,Married,31.0,Never,Colorectal,3,Combination,Curative,1,1,1,8.8,1,0,0,0,0,0,0,1,1,0,1,3,2,1,0,76,145,82,36.6,23,94,4.7,,9.7,,3.55,1.04,23.0,0.97,139.0,4.01,105.0,20.5,,,42.7,38.8,30.8,1,1
P1672,41,Female,White,Private,Married,28.0,Never,Breast,3,Chemo + targeted,Curative,1,1,0,4.9,0,0,0,0,0,0,0,0,0,0,1,3,0,0,0,73,146,64,36.9,14,94,0.8,11.8,6.7,184.0,3.88,0.78,,,142.0,4.22,,35.7,179.0,,47.7,49.2,50.5,0,0
P1673,62,Female,Hispanic,Medicare,Married,33.0,Never,Breast,4,Combination,Palliative,1,1,1,1.8,1,0,0,0,0,0,1,0,0,0,0,1,0,0,0,77,120,81,36.2,16,95,2.0,14.1,7.5,305.0,3.43,,14.0,0.92,136.0,4.05,,5.9,205.0,,43.0,44.1,44.6,0,0
P1674,65,Female,White,Private,Divorced,34.0,Former,Other,2,Combination,Curative,1,0,0,5.7,0,0,0,0,0,0,0,0,0,0,0,1,0,0,0,103,130,93,36.7,16,97,0.0,12.3,12.7,245.0,,0.57,26.0,0.61,135.0,,,0.2,270.0,,45.6,40.0,50.5,0,0
P1675,57,Male,White,Medicare,Single,31.5,Current,Prostate,4,Chemo + immunotherapy,Palliative,1,1,0,3.9,0,0,0,0,0,0,0,0,0,0,1,2,1,1,0,77,127,80,37.0,17,96,4.5,12.5,10.8,,3.36,1.17,30.0,0.88,142.0,4.26,104.0,0.2,,,42.9,47.6,35.4,0,1
P1676,41,Female,White,Private,Married,24.0,Never,Lung,3,Combination,Curative,1,0,0,6.2,0,1,0,0,0,0,0,0,0,1,0,4,1,1,0,100,132,69,36.7,20,96,1.9,14.1,10.3,179.0,3.88,0.98,38.0,0.81,135.0,4.42,151.0,4.0,170.0,,55.6,50.4,58.9,0,0
P1677,72,Male,Asian,Private,Single,29.7,Never,Pancreatic,4,Chemo + immunotherapy,Palliative,1,0,1,2.4,1,0,0,0,0,0,1,1,0,1,0,4,1,0,0,82,113,86,36.9,16,99,3.9,10.3,,359.0,3.77,,17.0,1.17,,,102.0,,,,39.1,47.6,39.6,0,1
P1678,64,Female,Hispanic,Medicaid,Married,29.7,Never,Ovarian,4,Combination,Palliative,1,0,0,4.1,0,0,0,0,0,0,1,0,0,1,0,3,2,1,0,75,126,71,36.5,16,98,8.3,,9.8,247.0,3.43,1.31,,,136.0,4.14,76.0,,,,37.4,48.8,31.5,0,1
P1679,51,Female,White,Medicaid,Married,22.5,Never,Other,3,Combination,Curative,1,1,0,1.7,0,0,0,0,1,0,1,1,0,0,0,4,1,0,0,100,107,79,36.6,16,94,3.5,10.9,,,4.11,0.97,,,136.0,4.21,79.0,30.3,,,47.4,33.1,38.1,0,1
P1680,57,Female,White,Private,Married,18.4,Current,Other,2,Chemo + targeted,Curative,1,1,0,3.1,0,0,1,0,0,0,0,0,0,0,1,2,0,0,0,82,132,95,36.7,17,95,0.4,12.5,10.4,247.0,,1.04,,1.48,137.0,5.27,111.0,0.2,260.0,,51.4,40.4,50.2,0,0
P1681,42,Female,White,Self-pay,Married,15.9,Never,Other,1,Single agent,Palliative,2,1,0,5.4,0,0,0,0,0,0,0,0,1,0,0,1,0,0,0,78,141,69,36.5,18,95,3.6,8.9,4.3,188.0,4.08,1.56,33.0,0.82,133.0,,137.0,27.0,,,50.8,55.6,51.4,0,0
P1682,48,Male,Asian,Private,Single,27.4,Former,Prostate,4,Single agent,Palliative,1,1,0,0.8,0,0,0,0,0,0,1,1,0,1,0,4,0,0,0,88,126,79,37.0,16,97,8.0,10.1,,314.0,3.75,1.3,23.0,0.8,143.0,3.04,140.0,10.7,,,45.1,42.0,47.0,0,0
P1683,54,Female,Hispanic,Medicare,Widowed,28.6,Current,Lung,3,Single agent,Curative,1,0,0,4.3,1,1,0,0,0,0,0,1,0,0,0,2,2,0,0,90,111,91,37.0,14,95,1.6,12.1,8.4,208.0,3.48,1.23,,0.65,134.0,4.16,104.0,,,,53.1,41.8,48.4,0,0
P1684,75,Male,White,Medicaid,Married,20.5,Former,Other,2,Combination,Curative,1,0,0,1.4,2,0,1,0,0,0,1,1,0,0,0,4,2,0,0,80,146,87,36.9,19,95,8.2,10.7,12.1,,2.7,1.42,33.0,1.39,,3.53,,24.7,356.0,,41.2,27.3,32.8,0,1
P1685,52,Female,White,Private,Married,32.8,Never,Breast,4,Combination,Palliative,2,1,0,3.7,1,0,1,0,0,0,0,0,0,0,1,4,1,1,0,91,117,83,35.9,21,97,1.6,,7.5,250.0,3.78,1.62,,0.37,,4.02,,,118.0,,38.9,52.0,39.7,0,1
P1686,68,Female,Black,Medicare,Single,27.8,Former,Breast,4,Single agent,Palliative,1,1,0,1.2,2,0,0,0,0,0,1,0,0,0,0,1,0,0,0,81,134,61,36.6,20,96,5.9,9.1,,,3.54,1.25,13.0,,146.0,,84.0,,311.0,,42.1,41.2,32.8,0,1
P1687,54,Female,Asian,Medicare,Married,34.4,Never,Colorectal,4,Single agent,Palliative,2,1,0,17.2,1,0,1,0,0,0,0,0,0,0,0,3,2,0,0,72,115,69,37.0,17,94,4.3,10.9,5.5,,3.54,1.08,28.0,,,3.45,103.0,,80.0,,45.6,36.5,38.7,0,1
P1688,63,Female,White,Private,Married,29.0,Never,Lung,3,Combination,Curative,1,0,0,8.7,1,0,0,1,0,0,0,0,1,0,0,1,1,0,0,77,107,83,36.7,20,95,4.9,10.7,9.7,173.0,3.09,1.29,34.0,0.99,137.0,4.95,86.0,22.4,,,34.3,35.0,22.3,1,1
P1689,58,Male,White,Private,Widowed,21.1,Current,Prostate,4,Combination,Palliative,3,1,0,3.9,0,0,0,0,0,1,0,0,0,1,0,2,3,0,2,73,114,73,36.6,20,96,4.1,,,,,0.98,45.0,,142.0,4.16,,,,,42.4,28.1,31.8,1,1
P1690,70,Male,White,Private,Divorced,29.5,Never,Other,4,Single agent,Palliative,1,0,0,12.2,0,0,0,0,0,0,1,0,0,0,0,2,1,0,0,81,90,73,37.0,19,97,2.4,10.1,7.0,,3.04,1.27,40.0,0.5,136.0,4.64,106.0,19.0,330.0,6.54,45.7,59.4,41.0,0,0
P1691,54,Male,Black,Medicare,Widowed,30.7,Never,Colorectal,1,Single agent,Curative,0,0,0,2.5,1,0,0,0,0,0,0,0,0,0,0,1,4,0,0,80,108,85,37.0,20,95,0.0,,8.5,246.0,3.54,,,0.33,141.0,3.9,155.0,,194.0,,58.6,54.2,59.6,0,0
P1692,41,Male,Asian,Private,Married,24.0,Never,Prostate,4,Chemo + targeted,Palliative,1,0,0,10.4,1,0,1,0,0,0,1,0,0,0,0,3,1,1,0,91,152,81,36.9,18,98,0.0,12.3,2.2,243.0,3.61,0.91,,,138.0,,84.0,,225.0,,42.5,49.0,35.0,0,1
P1693,43,Male,Asian,Private,Married,19.1,Never,Colorectal,3,Chemo + targeted,Palliative,2,0,0,6.3,1,0,0,0,0,0,1,0,0,0,0,1,1,0,0,91,80,68,36.3,16,95,0.0,9.3,2.5,,3.75,1.04,12.0,,,4.46,174.0,,,,28.7,44.6,25.4,0,1
P1694,54,Female,Hispanic,Medicare,Married,27.6,Former,Lymphoma,4,Combination,Palliative,1,1,1,2.6,0,0,1,0,0,0,0,1,1,1,0,6,1,1,0,78,104,83,36.4,15,95,0.0,12.7,9.7,388.0,,1.17,,,142.0,3.6,126.0,,,,40.1,52.7,35.8,0,1
P1695,45,Female,White,Private,Widowed,21.5,Former,Breast,4,Combination,Palliative,1,1,1,7.2,1,0,0,1,0,0,1,1,0,0,1,4,2,0,0,79,145,67,36.8,20,95,2.7,11.7,9.4,353.0,2.71,0.84,6.0,0.59,137.0,5.33,168.0,,227.0,,48.0,61.1,43.9,0,0
P1696,65,Female,White,Private,Married,33.2,Former,Breast,3,Single agent,Curative,2,0,1,9.0,0,0,0,0,0,0,1,0,0,0,0,1,1,1,0,76,113,64,36.1,15,97,2.9,,10.5,87.0,,0.77,,,136.0,4.69,,,,,39.0,43.7,38.3,0,1
P1697,54,Female,White,Medicare,Married,24.8,Never,Lymphoma,2,Combination,Curative,0,0,0,4.4,1,0,0,0,0,0,0,0,0,0,0,1,1,0,0,79,118,78,37.2,18,98,0.0,10.8,1.6,202.0,4.24,0.87,,0.96,,4.31,93.0,,,,54.0,47.5,63.9,0,0
P1698,88,Male,Hispanic,Medicare,Married,36.5,Never,Colorectal,1,Combination,Curative,0,1,0,8.3,5,0,1,0,1,0,1,0,0,0,0,4,3,1,0,82,136,71,36.7,17,98,8.7,10.8,12.8,,3.34,1.14,36.0,,133.0,,,31.2,207.0,,38.6,54.2,30.1,0,1
P1699,39,Female,Asian,Private,Divorced,15.3,Never,Colorectal,2,Chemo + immunotherapy,Curative,0,0,1,7.8,0,1,0,0,0,0,0,1,0,1,0,4,1,0,0,78,96,64,36.5,14,96,1.0,11.7,5.9,271.0,4.22,1.14,12.0,,138.0,4.32,104.0,,87.0,,49.0,45.0,47.7,0,0
P1700,62,Female,White,Medicaid,Divorced,27.7,Never,Lung,3,Chemo + targeted,Palliative,2,0,1,5.8,1,0,0,0,0,0,0,0,0,0,0,1,0,0,0,96,140,68,36.5,19,94,6.4,11.8,6.5,,3.27,1.21,50.0,,138.0,,105.0,18.3,,,60.2,54.4,48.9,1,0
P1701,46,Female,White,Medicare,Single,34.9,Former,Breast,4,Combination,Palliative,0,0,1,1.2,0,0,0,0,0,0,1,0,1,0,0,3,0,0,0,92,119,76,37.1,14,97,0.0,14.2,9.2,338.0,3.75,0.91,31.0,1.12,138.0,4.4,,,234.0,,54.8,43.1,48.7,0,0
P1702,54,Female,Asian,Private,Married,22.1,Former,Lymphoma,1,Single agent,Curative,1,1,1,5.6,1,0,0,0,0,0,0,0,0,0,0,2,3,1,0,76,114,81,36.3,19,92,5.2,,8.5,206.0,3.17,,49.0,1.13,139.0,,105.0,42.6,222.0,,40.3,45.7,27.4,1,1
P1703,62,Male,Asian,Medicare,Single,26.1,Former,Colorectal,2,Chemo + targeted,Curative,1,1,1,4.3,1,0,0,0,0,0,1,0,0,0,0,3,1,0,0,87,139,74,36.1,17,96,5.5,,12.5,254.0,2.58,0.83,,0.16,141.0,3.55,58.0,,292.0,,64.9,49.8,54.6,1,0
P1704,32,Female,Asian,Medicare,Married,24.8,Former,Colorectal,3,Chemo + immunotherapy,Curative,1,0,0,6.9,0,0,0,0,0,0,0,0,0,0,1,1,0,0,0,87,98,63,36.4,13,96,4.3,13.4,10.0,,3.16,0.56,44.0,0.56,137.0,3.92,,13.4,382.0,,42.6,43.8,42.4,0,0
P1705,63,Female,White,Medicare,Married,23.2,Never,Ovarian,2,Single agent,Curative,0,1,0,1.9,1,0,0,0,0,0,0,0,0,0,1,2,1,0,0,74,126,67,36.8,20,96,1.4,13.8,12.1,275.0,3.27,0.93,,0.1,137.0,3.79,105.0,,,,50.2,49.1,52.4,0,0
P1706,83,Male,Hispanic,Medicare,Married,28.3,Former,Lymphoma,2,Chemo + targeted,Curative,0,1,0,8.4,1,0,0,0,0,0,1,0,0,1,0,2,1,1,0,96,118,66,37.2,20,97,2.9,9.4,7.0,227.0,3.13,1.12,15.0,,,4.67,,,333.0,8.86,41.8,41.1,36.4,0,1
P1707,55,Female,Black,Medicare,Married,19.9,Former,Breast,1,Single agent,Curative,1,0,0,3.0,0,0,0,0,0,0,0,0,0,0,0,0,0,0,0,66,106,81,37.1,19,97,4.2,9.9,11.4,296.0,,0.84,15.0,0.42,,,,,233.0,,40.9,32.0,36.8,0,1
P1708,63,Female,Asian,Self-pay,Married,26.4,Current,Lymphoma,3,Chemo + targeted,Curative,0,1,1,1.9,2,0,1,0,0,0,0,0,0,0,0,1,0,0,0,92,157,71,36.6,20,97,3.8,9.7,,207.0,,0.6,,,,3.89,121.0,,,,50.8,51.7,49.3,0,0
P1709,72,Female,Asian,Medicare,Widowed,29.8,Never,Breast,3,Single agent,Curative,0,1,0,7.6,0,0,0,0,0,0,0,0,0,1,0,2,0,0,0,82,130,79,36.8,17,96,8.1,10.7,8.4,,,0.84,25.0,,,4.11,161.0,,266.0,,40.2,39.6,36.5,0,1
P1710,58,Female,Hispanic,Medicare,Married,25.8,Former,Breast,4,Combination,Palliative,1,1,0,12.5,3,1,1,0,0,0,1,0,0,0,0,5,3,0,0,71,141,63,36.8,20,94,1.0,8.6,4.5,,3.77,,15.0,0.95,141.0,,130.0,40.0,212.0,,37.5,42.5,26.6,1,1
P1711,53,Male,Hispanic,Medicare,Married,21.5,Never,Lymphoma,2,Combination,Palliative,0,1,1,5.1,2,0,0,0,0,0,1,0,0,0,1,4,0,0,0,78,116,85,36.8,19,98,5.9,11.4,8.3,358.0,,0.6,,0.58,138.0,3.65,,34.4,322.0,,59.4,59.7,60.7,0,0
P1712,33,Female,Asian,Medicaid,Single,32.7,Former,Breast,2,Combination,Curative,1,0,0,11.8,0,0,0,0,0,0,1,0,0,0,0,1,1,0,0,97,102,73,36.1,13,96,3.2,11.8,8.1,236.0,3.42,0.98,,0.6,133.0,3.72,,7.8,,,52.0,47.0,50.9,0,0
P1713,68,Male,White,Medicaid,Single,31.0,Current,Lung,4,Combination,Palliative,1,1,0,2.6,1,0,1,0,0,0,0,1,0,1,0,3,2,0,0,109,87,66,36.6,16,96,5.5,9.3,11.3,,2.92,1.46,,,132.0,3.9,108.0,,,,47.0,45.3,42.8,0,0
P1714,59,Female,White,Private,Married,21.3,Current,Ovarian,4,Combination,Palliative,1,1,0,2.2,2,0,1,1,1,0,1,0,0,0,0,5,2,2,0,76,123,73,36.9,18,95,4.2,,9.3,,2.66,1.11,23.0,0.78,,3.72,137.0,,316.0,,48.1,37.4,32.0,1,1
P1715,48,Female,Black,Private,Single,19.9,Never,Lymphoma,2,Chemo + targeted,Curative,1,0,0,9.9,1,0,0,0,0,0,0,0,0,0,0,1,0,0,0,79,98,76,37.3,20,96,6.1,11.6,5.8,274.0,4.22,,7.0,0.67,,4.12,,3.9,219.0,,40.5,61.4,53.0,0,0
P1716,62,Male,Asian,Medicare,Married,21.8,Never,Other,4,Single agent,Palliative,0,1,0,6.9,1,0,0,0,0,0,0,0,0,1,1,3,0,0,0,81,127,69,36.8,16,95,1.8,10.0,7.2,,2.91,,33.0,1.01,138.0,3.77,87.0,0.2,,1.05,45.9,38.9,43.3,0,0
P1717,53,Female,White,Private,Married,30.0,Former,Ovarian,4,Chemo + targeted,Palliative,1,1,0,1.3,1,0,0,0,0,0,1,0,0,0,0,1,1,0,0,82,105,78,37.0,17,96,0.5,13.5,8.9,185.0,3.7,1.11,24.0,,133.0,,133.0,,218.0,,50.1,37.4,38.8,1,1
P1718,54,Male,White,Medicare,Single,28.5,Former,Lung,4,Single agent,Palliative,1,1,1,13.2,0,1,0,1,0,0,1,1,0,0,0,5,1,0,0,100,130,85,37.0,17,94,5.0,9.6,6.9,318.0,2.95,,47.0,0.92,138.0,4.08,,,,1.4,40.3,23.0,29.8,1,1
P1719,67,Male,Hispanic,Medicare,Single,31.3,Current,Prostate,3,Chemo + targeted,Palliative,0,1,0,4.3,1,0,1,0,0,1,1,0,0,0,0,4,1,0,2,77,159,86,36.6,17,99,1.6,11.1,11.5,,,0.81,30.0,0.87,135.0,4.44,144.0,,177.0,,51.3,44.2,43.6,0,0
P1720,44,Male,Hispanic,Medicaid,Married,25.2,Never,Lung,1,Single agent,Curative,1,0,0,4.6,0,0,1,0,0,0,0,1,0,0,1,3,0,0,0,70,163,76,36.3,18,97,2.7,11.1,6.4,308.0,3.56,0.68,16.0,0.1,142.0,4.34,94.0,35.7,281.0,,51.6,52.9,55.5,0,0
P1721,73,Male,Other,Private,Married,21.9,Former,Lymphoma,1,Combination,Curative,0,0,0,14.5,2,0,0,0,1,0,1,0,0,0,1,5,1,0,0,76,133,88,37.0,14,95,8.8,12.9,,295.0,3.27,0.9,30.0,0.37,136.0,3.31,132.0,,,,57.1,46.2,49.8,0,0
P1722,43,Male,White,Medicare,Married,32.1,Former,Lung,4,Combination,Palliative,0,0,0,12.1,0,0,0,0,0,0,0,0,0,0,0,1,0,0,0,77,120,75,37.3,18,100,2.4,10.1,5.7,289.0,3.78,1.23,24.0,0.48,142.0,4.0,116.0,19.5,181.0,3.19,49.6,46.8,40.5,0,0
P1723,52,Female,Black,Private,Married,24.0,Never,Breast,4,Chemo + immunotherapy,Palliative,1,1,0,11.4,0,0,0,0,0,0,1,0,0,1,0,2,1,0,0,87,113,74,36.6,15,97,3.3,11.8,9.5,306.0,,0.64,17.0,,139.0,4.41,68.0,32.5,217.0,,58.8,46.0,58.0,0,0
P1724,83,Female,Hispanic,Medicare,Widowed,28.0,Never,Breast,3,Combination,Curative,1,1,0,2.6,2,0,1,0,0,0,0,0,1,0,0,4,0,0,0,86,124,79,37.1,23,96,10.3,8.4,,358.0,,,30.0,1.06,136.0,4.64,,,293.0,,39.3,52.0,31.2,0,1
P1725,74,Female,White,Private,Married,18.5,Former,Pancreatic,1,Single agent,Curative,0,1,0,5.8,1,0,0,0,0,0,1,1,0,1,0,3,0,0,0,87,116,78,36.7,18,99,5.5,8.4,11.3,120.0,3.32,0.63,10.0,,135.0,4.69,115.0,28.1,,,49.0,41.0,29.7,1,1
P1726,61,Female,White,Medicare,Divorced,23.9,Never,Breast,1,Chemo + targeted,Curative,1,0,1,6.6,0,0,0,0,0,0,0,0,0,0,0,0,1,0,0,94,146,79,36.3,18,97,7.7,9.4,13.9,,3.48,1.26,33.0,,136.0,4.71,134.0,,,,34.6,40.0,40.1,0,0
P1727,49,Male,Other,Medicare,Married,32.6,Former,Prostate,3,Single agent,Curative,1,1,0,2.0,1,0,1,0,0,0,1,0,1,0,0,4,1,0,0,79,119,69,36.7,16,96,2.9,,,266.0,3.3,0.83,,1.01,142.0,4.21,55.0,,,,53.7,32.4,48.4,0,0
P1728,54,Female,White,Medicare,Divorced,23.1,Former,Ovarian,4,Combination,Palliative,3,1,0,1.4,0,0,0,0,0,1,1,0,0,1,1,4,2,0,0,85,153,84,36.5,19,93,5.6,,14.3,206.0,3.8,1.12,49.0,1.24,137.0,,,,,,30.6,36.1,19.4,1,1
P1729,61,Female,Asian,Medicare,Married,31.5,Never,Pancreatic,2,Combination,Curative,2,1,1,4.1,0,0,0,0,0,0,0,0,0,1,0,2,1,0,0,86,112,86,36.8,15,93,2.4,,7.7,248.0,3.96,1.17,,1.12,,5.01,95.0,14.5,,,56.2,46.7,56.0,0,0
P1730,60,Female,Asian,Private,Married,15.0,Never,Colorectal,3,Chemo + targeted,Curative,0,1,0,8.4,1,0,1,0,0,0,1,0,0,0,0,4,0,0,0,73,126,97,36.8,17,99,4.1,8.2,8.4,271.0,3.73,0.84,14.0,0.34,140.0,4.56,,6.1,,,52.0,51.6,51.1,0,0
P1731,59,Female,Asian,Private,Married,23.9,Current,Breast,3,Chemo + immunotherapy,Curative,1,0,1,0.2,1,0,0,0,0,0,0,0,0,1,0,2,1,1,0,80,107,62,36.5,16,97,4.2,8.3,7.5,369.0,3.82,0.55,,,137.0,4.33,104.0,8.3,304.0,,52.0,50.7,60.5,0,0
P1732,60,Male,White,Private,Married,26.1,Former,Other,4,Chemo + immunotherapy,Palliative,1,0,0,4.9,2,1,0,0,0,1,0,0,0,1,0,2,0,0,2,95,132,76,36.3,17,96,7.2,10.4,5.9,331.0,3.0,1.26,15.0,0.26,136.0,,120.0,,,8.47,36.4,36.7,21.5,1,1
P1733,57,Male,Asian,Self-pay,Widowed,36.6,Former,Prostate,4,Single agent,Palliative,2,0,0,1.6,0,0,0,0,0,0,1,0,0,1,0,3,2,1,0,84,121,69,36.6,22,96,5.7,11.3,12.6,325.0,3.42,1.25,36.0,,137.0,3.27,,,159.0,,40.0,37.6,39.0,0,1
P1734,43,Male,White,Medicaid,Single,20.6,Former,Colorectal,2,Single agent,Curative,0,0,0,8.9,1,0,1,0,0,0,1,1,0,0,0,5,1,0,0,90,122,81,37.2,19,98,1.1,12.5,7.8,250.0,,1.41,45.0,,142.0,4.02,118.0,19.1,219.0,0.87,46.1,44.5,45.2,0,0
P1735,54,Female,Hispanic,Private,Single,30.7,Former,Other,3,Chemo + targeted,Palliative,0,0,0,6.0,1,0,0,0,0,0,0,0,0,0,0,0,1,0,0,67,119,85,36.3,19,98,2.6,11.9,5.9,119.0,4.5,0.99,28.0,0.41,139.0,3.07,106.0,10.5,248.0,,62.6,56.8,64.8,0,0
P1736,71,Female,White,Private,Married,32.8,Current,Breast,4,Combination,Palliative,0,1,1,1.5,2,1,0,0,0,0,0,1,0,0,0,2,1,0,0,85,136,77,36.9,19,95,8.1,11.5,,216.0,3.37,1.06,18.0,0.86,140.0,4.12,99.0,24.9,,,47.6,41.4,46.8,0,0
P1737,44,Male,Asian,Private,Single,23.0,Former,Colorectal,4,Combination,Palliative,1,0,0,9.1,0,0,0,0,0,1,0,1,1,0,1,5,4,2,4,88,130,72,36.9,19,97,4.6,7.7,,,2.49,,34.0,1.11,137.0,3.74,130.0,21.1,292.0,1.0,52.0,43.0,36.2,1,1
P1738,58,Female,Black,Medicare,Single,24.9,Never,Breast,3,Chemo + immunotherapy,Curative,0,0,1,5.9,1,0,1,0,0,0,0,0,0,0,1,2,1,1,0,84,139,74,36.5,20,97,0.0,8.0,7.6,302.0,3.96,0.96,5.0,0.73,,3.44,112.0,27.7,330.0,,46.1,46.9,58.5,0,0
P1739,50,Female,White,Private,Divorced,27.8,Never,Breast,2,Single agent,Palliative,0,0,1,3.9,0,0,0,0,0,0,0,0,0,0,0,1,1,0,0,75,109,73,36.4,17,96,0.0,9.8,7.0,256.0,3.65,0.93,28.0,,143.0,4.41,96.0,0.2,231.0,,65.5,56.5,69.2,0,0
P1740,61,Male,White,Private,Single,18.9,Never,Colorectal,3,Combination,Curative,0,1,0,17.3,1,0,0,0,0,0,0,0,0,1,0,1,0,0,0,63,130,79,36.9,18,94,2.7,11.7,10.4,265.0,4.27,0.77,37.0,0.38,136.0,3.89,97.0,,120.0,0.86,47.7,40.7,43.9,0,0
P1741,55,Male,Black,Private,Single,24.5,Former,Lymphoma,3,Chemo + immunotherapy,Curative,2,1,1,4.2,0,0,1,0,0,1,1,0,1,0,1,4,1,0,0,95,120,80,36.7,21,95,2.1,11.6,12.9,312.0,2.67,,,,137.0,,,,,7.45,42.4,33.2,16.5,1,1
P1742,78,Female,White,Private,Married,34.0,Never,Lung,2,Combination,Curative,1,0,1,3.0,1,1,0,0,0,0,0,0,1,1,0,5,1,1,0,70,149,89,36.5,20,94,3.6,8.6,7.3,248.0,3.43,1.2,,0.57,141.0,4.29,,,,,43.0,41.8,35.7,0,1
P1743,66,Female,White,Private,Widowed,29.9,Former,Lymphoma,4,Chemo + immunotherapy,Palliative,0,1,0,7.2,2,0,1,1,0,0,0,0,0,0,0,3,2,0,0,65,133,77,36.8,19,97,0.6,10.5,9.3,161.0,,,49.0,0.88,138.0,3.53,71.0,,,,55.5,44.0,58.8,0,0
P1744,44,Male,White,Private,Married,26.1,Current,Pancreatic,2,Combination,Curative,1,1,1,13.7,1,0,0,0,0,1,0,1,0,1,0,2,1,1,1,89,124,81,37.2,20,95,6.6,11.6,10.2,244.0,3.21,0.8,40.0,0.9,144.0,4.45,,,,,40.0,33.7,33.4,0,1
P1745,68,Female,Hispanic,Medicare,Married,27.6,Never,Ovarian,4,Combination,Palliative,0,1,1,0.3,0,0,0,0,0,0,0,1,0,0,1,3,4,0,0,76,124,69,37.1,17,95,7.6,10.9,7.3,,4.39,0.55,35.0,1.15,136.0,4.2,,,,,42.3,42.7,43.0,0,0
P1746,51,Male,Asian,Medicare,Widowed,30.2,Never,Breast,3,Chemo + targeted,Curative,2,1,0,10.4,0,0,1,1,0,0,1,0,0,0,0,3,5,0,0,83,114,67,36.7,20,94,0.0,11.1,7.2,150.0,,0.9,5.0,,,4.36,97.0,9.4,,,44.2,46.2,40.8,0,0
P1747,53,Female,White,Private,Married,31.2,Former,Pancreatic,1,Chemo + targeted,Curative,2,1,0,7.5,0,0,0,0,0,0,1,0,0,1,1,4,2,1,0,68,124,83,35.7,19,98,7.5,11.3,,278.0,,0.83,34.0,,144.0,,117.0,,,,43.9,47.0,39.9,0,1
P1748,64,Female,Other,Medicare,Married,23.9,Never,Breast,3,Chemo + immunotherapy,Curative,1,1,0,12.3,1,0,0,0,1,0,1,0,0,1,0,5,0,0,0,87,143,80,36.6,16,97,7.9,8.2,11.6,196.0,4.28,0.99,46.0,,138.0,4.59,92.0,,174.0,,50.1,43.4,43.5,0,0
P1749,54,Female,White,Medicare,Married,35.4,Former,Lymphoma,3,Combination,Curative,0,0,1,10.8,0,0,0,0,0,0,0,0,0,1,1,3,1,0,0,83,112,71,36.4,14,96,1.2,15.8,7.6,276.0,3.64,0.73,24.0,0.54,141.0,4.26,92.0,14.6,325.0,,63.8,46.6,61.3,0,0
P1750,71,Female,White,Medicare,Married,34.2,Never,Lung,4,Combination,Palliative,1,1,0,6.5,0,0,1,0,0,0,1,0,0,1,0,3,1,0,0,67,150,72,36.6,19,96,3.5,9.3,8.6,182.0,3.06,,43.0,,141.0,4.21,110.0,,,,44.2,39.2,33.9,1,1
P1751,51,Male,White,Medicaid,Widowed,30.7,Never,Lymphoma,3,Combination,Curative,1,0,1,7.3,0,0,1,0,1,0,1,1,0,0,0,6,0,0,1,84,133,73,36.6,18,96,5.9,14.0,,322.0,3.49,,32.0,0.78,131.0,3.97,131.0,,,2.93,53.7,40.8,49.0,0,0
P1752,53,Female,White,Private,Divorced,22.4,Former,Breast,1,Combination,Curative,0,0,1,5.1,0,0,0,0,0,0,0,0,0,1,1,2,1,0,0,89,94,77,36.6,17,99,3.3,12.2,,164.0,3.57,0.61,30.0,1.78,143.0,3.51,97.0,0.6,284.0,,52.4,57.4,59.6,0,0
P1753,52,Male,White,Medicaid,Married,21.4,Never,Lymphoma,4,Chemo + immunotherapy,Palliative,2,1,0,12.6,0,0,0,0,0,0,1,0,0,1,1,4,4,0,0,72,110,76,37.0,20,93,5.4,,,223.0,3.62,1.16,40.0,1.1,138.0,,164.0,,366.0,2.43,24.7,27.3,19.4,0,1
P1754,53,Female,Asian,Medicare,Widowed,25.2,Never,Breast,3,Chemo + immunotherapy,Curative,2,1,1,2.6,1,0,0,0,0,0,0,0,0,0,1,1,0,0,0,83,155,64,36.6,14,94,0.0,8.6,5.7,314.0,4.07,0.92,27.0,,139.0,,86.0,14.1,92.0,,51.4,38.1,50.1,0,0
P1755,73,Female,White,Medicare,Single,27.3,Never,Breast,2,Combination,Curative,1,1,0,5.1,0,0,1,0,0,0,1,0,0,1,1,5,2,0,0,83,130,69,36.6,18,100,5.8,,7.5,262.0,3.19,1.64,,0.38,138.0,4.04,,3.7,337.0,,44.6,42.9,53.7,0,0
P1756,68,Male,Asian,Private,Divorced,17.3,Never,Prostate,4,Chemo + immunotherapy,Palliative,1,1,0,8.4,4,0,1,0,1,0,1,1,0,0,0,4,2,0,0,88,118,80,36.8,18,98,9.5,9.9,11.0,145.0,,1.22,29.0,,,3.67,,,,,40.4,33.6,28.3,1,1
P1757,81,Female,White,Private,Married,29.7,Current,Lung,2,Combination,Curative,0,1,0,9.1,1,0,0,1,0,0,0,0,0,1,1,2,0,0,0,80,119,83,36.4,20,92,0.4,10.1,,325.0,3.24,,,,,,120.0,59.1,,,41.5,37.9,46.4,0,0
P1758,87,Female,White,Private,Married,34.1,Never,Lymphoma,1,Chemo + targeted,Palliative,0,1,0,9.1,3,0,1,0,0,1,1,0,0,1,0,4,1,0,2,67,134,74,36.6,19,100,1.2,8.8,8.1,,3.63,,36.0,0.91,139.0,4.39,145.0,,,,42.0,32.8,38.0,0,1
P1759,48,Female,White,Self-pay,Married,30.2,Never,Lymphoma,3,Combination,Curative,1,1,0,6.9,1,0,1,0,0,0,1,0,0,1,0,3,1,0,0,76,137,65,36.3,16,98,1.6,,10.3,248.0,,,,,136.0,4.54,121.0,,251.0,,42.9,32.4,36.2,0,1
P1760,61,Male,Asian,Medicare,Married,23.3,Never,Prostate,3,Chemo + targeted,Curative,0,0,0,9.2,3,0,1,0,0,1,1,0,0,1,0,4,0,0,1,75,124,78,36.9,20,97,2.5,12.7,,408.0,3.07,0.86,,1.21,140.0,4.58,,,,,51.9,40.7,53.7,0,0
P1761,46,Female,Asian,Private,Single,22.6,Never,Lymphoma,3,Chemo + targeted,Palliative,1,0,0,7.3,0,0,0,0,0,0,0,0,0,1,1,3,0,0,0,78,110,57,36.8,15,99,0.2,9.0,9.7,,3.48,0.96,,0.48,140.0,4.63,166.0,,347.0,,48.9,37.0,47.2,0,0
P1762,51,Female,White,Medicare,Married,28.6,Never,Pancreatic,4,Combination,Palliative,2,0,0,14.6,1,0,0,0,0,0,1,0,0,1,0,4,1,1,0,97,91,72,37.3,20,95,10.1,9.0,3.0,259.0,3.03,0.86,50.0,1.03,,3.62,148.0,,,,34.1,54.4,28.8,0,1
P1763,52,Female,White,Private,Married,26.2,Former,Other,2,Chemo + immunotherapy,Curative,1,1,0,2.5,0,0,1,0,0,0,1,0,0,1,1,5,1,0,0,67,113,82,36.2,17,96,10.1,10.3,4.7,266.0,,0.93,,0.58,142.0,4.32,,,174.0,,60.6,42.6,41.9,1,0
P1764,47,Female,White,Private,Single,29.4,Never,Breast,4,Combination,Palliative,2,1,1,9.1,1,0,0,0,0,0,0,1,0,0,1,4,1,1,0,93,111,73,37.0,21,96,5.4,10.9,,201.0,2.45,1.19,12.0,1.84,138.0,4.2,120.0,30.3,,,38.2,39.0,32.3,0,1
P1765,47,Male,Black,Medicare,Married,30.3,Former,Prostate,1,Chemo + targeted,Palliative,0,1,0,4.5,0,0,0,0,0,0,1,0,0,0,0,1,0,0,0,94,126,62,36.2,17,98,0.0,12.6,8.4,256.0,,1.03,9.0,0.4,138.0,4.07,111.0,,89.0,3.24,52.7,44.2,56.7,0,0
P1766,58,Male,White,Medicare,Married,33.0,Never,Pancreatic,1,Single agent,Curative,1,0,0,5.4,0,0,0,0,0,0,0,0,0,0,0,2,0,0,0,97,130,88,36.4,15,97,4.3,11.4,7.1,410.0,,1.06,19.0,1.47,,,67.0,,226.0,,53.0,47.9,54.7,0,0
P1767,45,Female,Black,Medicare,Single,20.8,Never,Breast,2,Single agent,Curative,0,1,0,15.3,1,0,0,0,0,0,0,0,0,0,1,3,0,0,0,100,141,75,36.1,18,97,0.4,11.7,,238.0,,,15.0,0.71,136.0,3.96,94.0,47.0,140.0,,43.2,46.3,50.8,0,0
P1768,70,Male,White,Medicare,Widowed,28.2,Never,Lung,1,Chemo + targeted,Curative,0,1,0,15.1,3,1,1,0,0,0,1,0,0,0,0,5,1,0,0,83,114,81,36.7,18,96,2.7,14.2,9.7,206.0,3.07,,6.0,0.54,137.0,4.95,113.0,32.3,154.0,,55.4,34.6,53.1,0,0
P1769,49,Male,White,Medicare,Married,25.0,Former,Lung,3,Chemo + targeted,Curative,1,1,0,12.6,1,0,0,1,0,1,0,0,0,1,0,1,3,1,0,85,124,82,36.8,21,95,6.9,9.6,7.4,316.0,3.39,1.1,,0.86,,4.25,158.0,,305.0,,41.0,37.1,33.4,0,1
P1770,90,Male,Asian,Medicare,Widowed,26.5,Current,Prostate,4,Chemo + immunotherapy,Palliative,1,0,1,3.3,0,0,1,1,0,1,1,1,0,0,0,5,3,0,2,67,139,80,36.6,21,95,7.7,11.4,7.1,339.0,,,,,,,,4.9,204.0,8.58,36.7,35.5,34.1,0,1
P1771,55,Male,White,Private,Divorced,31.8,Never,Lung,4,Combination,Palliative,0,1,0,3.1,1,0,0,0,0,0,0,0,0,0,1,2,0,0,0,77,110,73,36.0,16,97,4.1,14.5,3.9,262.0,4.45,1.35,25.0,0.4,,3.79,104.0,,,,55.5,38.2,50.8,0,0
P1772,61,Female,White,Medicare,Single,32.4,Current,Lymphoma,4,Single agent,Palliative,0,1,0,1.5,1,0,0,0,0,0,0,1,0,0,0,1,2,0,0,96,138,86,36.5,18,95,4.1,12.3,13.0,,,0.86,,,,,146.0,,,,39.1,43.0,49.9,0,0
P1773,44,Male,Other,Medicare,Married,34.7,Never,Prostate,1,Combination,Palliative,1,1,1,13.4,0,0,0,0,0,0,0,0,0,1,0,2,1,0,0,62,144,68,36.7,13,97,1.5,13.6,7.4,280.0,3.98,0.85,26.0,0.81,142.0,4.97,,27.6,180.0,3.69,53.1,42.1,59.4,0,0
P1774,80,Female,White,Private,Single,29.3,Former,Lymphoma,4,Chemo + immunotherapy,Palliative,2,0,0,2.1,1,0,1,0,1,1,1,1,1,0,0,5,2,0,1,79,134,87,36.4,21,93,5.6,,,194.0,2.94,1.75,29.0,,139.0,4.32,163.0,56.5,249.0,,33.4,27.4,16.2,1,1
P1775,73,Male,White,Private,Divorced,26.4,Former,Lung,2,Chemo + immunotherapy,Curative,0,0,0,3.9,0,0,1,0,0,1,0,0,0,1,0,3,0,0,0,80,125,70,36.7,18,99,5.2,12.3,,,3.81,,24.0,,139.0,3.64,,1.9,202.0,,44.1,36.9,41.6,0,0
P1776,64,Male,White,Private,Married,25.6,Never,Pancreatic,4,Chemo + immunotherapy,Palliative,1,0,1,3.3,0,0,0,0,0,1,1,1,1,1,0,5,1,0,0,65,147,71,37.0,21,98,5.9,13.7,8.5,104.0,3.31,1.28,41.0,1.03,142.0,3.71,123.0,23.7,207.0,,38.8,28.7,23.1,1,1
P1777,44,Female,White,Private,Widowed,17.5,Never,Lymphoma,4,Combination,Palliative,0,1,0,3.0,2,1,0,0,0,0,1,0,0,0,0,4,0,0,0,99,126,77,36.5,17,98,8.3,,4.7,255.0,3.52,,9.0,0.82,137.0,3.64,122.0,,,,43.8,37.4,43.3,0,0
P1778,63,Female,Black,Medicare,Widowed,34.4,Never,Breast,2,Chemo + immunotherapy,Curative,1,1,0,0.8,2,0,1,0,0,0,0,0,0,0,0,2,2,1,0,87,112,90,36.4,18,95,4.7,10.3,13.1,,3.32,,5.0,0.55,140.0,5.09,151.0,,268.0,,43.6,59.7,36.4,0,1
P1779,47,Female,White,Private,Married,25.2,Former,Breast,3,Combination,Curative,0,1,0,3.6,0,0,0,0,0,0,1,0,0,0,0,3,3,1,0,84,118,76,36.7,18,96,0.7,10.2,15.6,336.0,3.48,0.7,33.0,,,4.28,95.0,,,,47.7,33.4,43.8,0,0
P1780,78,Male,Hispanic,Medicare,Single,29.8,Never,Lung,4,Chemo + immunotherapy,Palliative,1,1,1,5.8,1,0,0,0,0,0,1,1,0,0,0,4,3,0,0,94,125,67,37.2,21,95,2.6,13.4,,,2.85,1.77,37.0,,143.0,4.39,143.0,3.0,,,18.3,41.8,14.2,0,1
P1781,70,Female,Asian,Private,Married,30.7,Current,Other,2,Combination,Curative,1,0,1,1.8,1,0,0,0,0,0,0,1,0,0,0,3,0,0,0,76,116,83,36.9,16,97,3.4,13.9,,332.0,,,38.0,0.78,139.0,4.34,99.0,,254.0,,46.4,45.3,50.7,0,0
P1782,61,Male,Other,Private,Divorced,20.2,Never,Lung,3,Combination,Curative,2,0,0,2.7,1,0,0,0,0,0,1,0,0,0,0,2,1,1,0,88,114,70,36.2,19,95,0.0,,5.6,269.0,3.2,0.73,32.0,,,,109.0,15.9,303.0,8.68,28.9,50.0,20.2,0,1
P1783,31,Male,Black,Private,Divorced,21.9,Current,Breast,4,Combination,Palliative,1,1,0,12.1,0,0,0,0,0,1,0,0,1,1,1,4,1,0,0,67,107,78,37.1,16,100,0.4,10.3,7.1,291.0,4.23,1.28,54.0,0.79,139.0,3.88,,0.2,80.0,2.64,58.2,53.0,55.5,0,0
P1784,48,Female,Hispanic,Private,Married,35.5,Never,Breast,2,Chemo + targeted,Curative,0,1,0,2.3,0,0,1,0,0,0,1,1,0,0,0,5,0,0,0,54,136,79,36.6,18,99,0.0,12.0,7.7,298.0,,,40.0,0.51,139.0,3.77,106.0,12.0,,,53.3,41.6,46.6,0,0
P1785,68,Female,Asian,Self-pay,Married,28.6,Former,Breast,2,Combination,Curative,1,1,0,4.7,1,0,0,0,0,0,0,1,0,0,0,3,0,0,0,83,123,65,36.6,23,96,2.1,,10.0,278.0,3.12,1.29,,0.61,136.0,,,34.9,,,40.2,37.5,43.4,0,0
P1786,75,Female,White,Private,Married,23.8,Never,Colorectal,3,Single agent,Curative,3,1,1,4.9,1,0,0,0,0,1,1,0,0,1,0,2,4,0,1,101,131,80,36.3,20,96,5.9,10.3,,304.0,2.56,1.34,12.0,1.01,138.0,,115.0,,236.0,,30.8,39.2,17.8,1,1
P1787,73,Male,White,Private,Widowed,26.3,Never,Pancreatic,4,Chemo + targeted,Palliative,2,1,0,2.7,2,0,0,0,0,1,0,1,0,1,0,3,2,0,2,101,142,67,36.7,16,96,3.2,7.5,,243.0,,1.44,5.0,0.62,143.0,3.87,118.0,44.1,128.0,,40.7,34.6,22.0,1,1
P1788,41,Male,Asian,Private,Married,33.0,Never,Colorectal,3,Chemo + immunotherapy,Palliative,1,1,1,9.8,0,0,1,0,0,0,1,0,1,0,0,4,2,0,0,75,118,87,36.1,14,96,0.0,11.2,6.6,328.0,4.98,0.5,28.0,1.08,134.0,3.98,122.0,,232.0,,47.7,42.7,49.7,0,0
P1789,64,Female,White,Private,Widowed,32.1,Former,Ovarian,3,Combination,Curative,0,1,1,11.8,3,0,0,0,0,0,0,0,0,1,0,2,0,0,0,79,109,64,36.4,20,93,5.6,12.7,6.1,460.0,,1.18,34.0,0.9,131.0,4.18,116.0,,,,41.4,37.7,38.3,0,1
P1790,72,Female,Asian,Medicare,Married,18.9,Never,Breast,2,Single agent,Curative,0,0,0,1.4,5,1,1,0,0,0,0,0,0,1,0,4,1,0,0,67,145,78,36.9,15,98,3.2,11.6,,,3.27,,57.0,,134.0,3.38,128.0,24.9,298.0,,39.0,57.7,35.4,0,1
P1791,40,Female,White,Medicare,Married,36.0,Former,Colorectal,4,Combination,Palliative,2,0,0,3.3,0,0,0,0,0,1,1,0,0,0,0,2,2,2,3,93,114,66,36.7,19,96,5.3,9.5,1.8,278.0,,,20.0,,,,,38.2,201.0,,51.5,38.1,48.7,0,0
P1792,60,Male,Hispanic,Private,Widowed,32.3,Current,Pancreatic,4,Single agent,Palliative,0,1,0,2.5,2,0,0,0,0,0,0,0,0,1,0,1,0,0,0,86,150,87,36.5,16,98,5.1,12.6,8.4,246.0,3.64,1.29,17.0,,135.0,,97.0,,,2.63,34.9,43.2,37.7,0,1
P1793,63,Female,White,Medicare,Single,26.2,Never,Lymphoma,3,Combination,Palliative,1,0,0,3.9,1,0,1,0,0,0,0,0,0,0,0,2,3,1,0,83,143,66,36.6,24,97,6.9,11.5,,315.0,,,,,,4.7,,,239.0,,46.0,46.3,31.5,1,1
P1794,56,Female,Other,Medicare,Married,20.4,Never,Ovarian,4,Single agent,Palliative,2,0,0,4.9,0,0,0,0,0,0,1,0,1,1,0,5,0,0,0,61,131,94,36.9,15,96,4.2,14.6,7.5,153.0,3.18,0.9,15.0,0.93,135.0,4.85,,7.5,220.0,,43.9,35.8,39.9,0,1
P1795,38,Female,White,Medicare,Married,32.8,Never,Lung,3,Combination,Palliative,1,0,1,0.9,0,0,0,1,0,1,0,1,1,1,0,5,2,0,0,60,122,71,36.8,17,96,3.9,11.5,,178.0,4.31,0.68,24.0,,140.0,4.07,,22.4,259.0,,50.9,53.5,45.6,0,0
P1796,56,Female,White,Medicare,Married,29.6,Never,Colorectal,4,Combination,Palliative,0,1,0,4.9,0,0,0,0,0,0,1,0,0,1,0,3,4,0,0,81,140,71,36.9,19,96,8.0,,10.6,380.0,,1.05,,,,4.13,172.0,24.1,190.0,,55.5,32.7,32.7,1,1
P1797,56,Female,Black,Private,Married,19.0,Never,Lymphoma,2,Single agent,Palliative,2,0,0,15.2,1,0,1,0,0,0,0,0,0,1,0,4,1,0,0,69,130,84,36.3,18,94,6.1,9.9,9.3,383.0,3.71,,44.0,0.37,134.0,4.6,124.0,,,,43.7,51.4,40.7,0,0
P1798,58,Female,Black,Medicare,Married,25.7,Former,Breast,2,Combination,Curative,2,1,0,11.0,1,0,0,0,0,0,0,0,0,0,0,0,1,0,0,88,94,76,36.5,17,95,5.9,,,160.0,3.7,1.27,47.0,0.63,,3.42,98.0,,,,43.9,47.3,35.2,0,1
P1799,53,Female,Asian,Medicare,Single,44.2,Never,Pancreatic,4,Combination,Palliative,2,1,0,5.7,1,0,1,0,0,1,0,0,1,0,0,4,1,0,5,91,124,70,37.3,17,94,6.9,,7.0,424.0,,1.07,13.0,0.84,141.0,3.99,134.0,38.8,,,39.6,39.9,27.3,1,1
P1800,55,Female,Other,Medicare,Married,27.1,Never,Lung,3,Combination,Palliative,2,1,0,1.0,0,0,0,0,0,0,1,0,0,0,0,2,2,0,0,69,132,69,36.6,17,96,0.0,10.6,7.1,221.0,3.77,1.06,,0.52,,,,24.9,,,32.7,37.8,29.7,0,1
